station,network,DateTime,precip_in
PKV,TX_ASOS,1/1/2024 0:00,0
PKV,TX_ASOS,1/1/2024 1:00,0
PKV,TX_ASOS,1/1/2024 2:00,0
PKV,TX_ASOS,1/1/2024 3:00,0
PKV,TX_ASOS,1/1/2024 4:00,0
PKV,TX_ASOS,1/1/2024 5:00,0
PKV,TX_ASOS,1/1/2024 6:00,0
PKV,TX_ASOS,1/1/2024 8:00,0
PKV,TX_ASOS,1/1/2024 9:00,0
PKV,TX_ASOS,1/1/2024 10:00,0
PKV,TX_ASOS,1/1/2024 11:00,0
PKV,TX_ASOS,1/1/2024 12:00,0
PKV,TX_ASOS,1/1/2024 13:00,0
PKV,TX_ASOS,1/1/2024 14:00,0
PKV,TX_ASOS,1/1/2024 15:00,0
PKV,TX_ASOS,1/1/2024 16:00,0
PKV,TX_ASOS,1/1/2024 17:00,0
PKV,TX_ASOS,1/1/2024 18:00,0
PKV,TX_ASOS,1/1/2024 19:00,0
PKV,TX_ASOS,1/1/2024 20:00,0
PKV,TX_ASOS,1/1/2024 21:00,0
PKV,TX_ASOS,1/1/2024 22:00,0
PKV,TX_ASOS,1/1/2024 23:00,0
PKV,TX_ASOS,1/2/2024 0:00,0
PKV,TX_ASOS,1/2/2024 1:00,0
PKV,TX_ASOS,1/2/2024 2:00,0
PKV,TX_ASOS,1/2/2024 3:00,0
PKV,TX_ASOS,1/2/2024 4:00,0
PKV,TX_ASOS,1/2/2024 5:00,0
PKV,TX_ASOS,1/2/2024 6:00,0
PKV,TX_ASOS,1/2/2024 7:00,0
PKV,TX_ASOS,1/2/2024 8:00,0
PKV,TX_ASOS,1/2/2024 9:00,0
PKV,TX_ASOS,1/2/2024 10:00,0
PKV,TX_ASOS,1/2/2024 11:00,0
PKV,TX_ASOS,1/2/2024 12:00,0
PKV,TX_ASOS,1/2/2024 13:00,0
PKV,TX_ASOS,1/2/2024 14:00,0
PKV,TX_ASOS,1/2/2024 15:00,0
PKV,TX_ASOS,1/2/2024 16:00,0
PKV,TX_ASOS,1/2/2024 17:00,0
PKV,TX_ASOS,1/2/2024 18:00,0.24
PKV,TX_ASOS,1/2/2024 19:00,0.33
PKV,TX_ASOS,1/2/2024 20:00,0.02
PKV,TX_ASOS,1/2/2024 21:00,0.14
PKV,TX_ASOS,1/2/2024 22:00,0.16
PKV,TX_ASOS,1/2/2024 23:00,0
PKV,TX_ASOS,1/3/2024 0:00,0
PKV,TX_ASOS,1/3/2024 1:00,0
PKV,TX_ASOS,1/3/2024 2:00,0
PKV,TX_ASOS,1/3/2024 3:00,0
PKV,TX_ASOS,1/3/2024 4:00,0
PKV,TX_ASOS,1/3/2024 5:00,0
PKV,TX_ASOS,1/3/2024 6:00,0
PKV,TX_ASOS,1/3/2024 7:00,0
PKV,TX_ASOS,1/3/2024 8:00,0
PKV,TX_ASOS,1/3/2024 9:00,0
PKV,TX_ASOS,1/3/2024 10:00,0
PKV,TX_ASOS,1/3/2024 11:00,0
PKV,TX_ASOS,1/3/2024 12:00,0
PKV,TX_ASOS,1/3/2024 13:00,0
PKV,TX_ASOS,1/3/2024 14:00,0
PKV,TX_ASOS,1/3/2024 15:00,0
PKV,TX_ASOS,1/3/2024 16:00,0
PKV,TX_ASOS,1/3/2024 17:00,0
PKV,TX_ASOS,1/3/2024 18:00,0
PKV,TX_ASOS,1/3/2024 19:00,0
PKV,TX_ASOS,1/3/2024 20:00,0
PKV,TX_ASOS,1/3/2024 21:00,0
PKV,TX_ASOS,1/3/2024 22:00,0
PKV,TX_ASOS,1/3/2024 23:00,0
PKV,TX_ASOS,1/4/2024 0:00,0
PKV,TX_ASOS,1/4/2024 1:00,0
PKV,TX_ASOS,1/4/2024 2:00,0
PKV,TX_ASOS,1/4/2024 3:00,0
PKV,TX_ASOS,1/4/2024 4:00,0
PKV,TX_ASOS,1/4/2024 5:00,0
PKV,TX_ASOS,1/4/2024 6:00,0
PKV,TX_ASOS,1/4/2024 7:00,0
PKV,TX_ASOS,1/4/2024 8:00,0
PKV,TX_ASOS,1/4/2024 9:00,0
PKV,TX_ASOS,1/4/2024 10:00,0
PKV,TX_ASOS,1/4/2024 11:00,0
PKV,TX_ASOS,1/4/2024 12:00,0
PKV,TX_ASOS,1/4/2024 13:00,0
PKV,TX_ASOS,1/4/2024 14:00,0
PKV,TX_ASOS,1/4/2024 15:00,0
PKV,TX_ASOS,1/4/2024 16:00,0
PKV,TX_ASOS,1/4/2024 17:00,0
PKV,TX_ASOS,1/4/2024 18:00,0
PKV,TX_ASOS,1/4/2024 19:00,0
PKV,TX_ASOS,1/4/2024 20:00,0
PKV,TX_ASOS,1/4/2024 21:00,0
PKV,TX_ASOS,1/4/2024 22:00,0
PKV,TX_ASOS,1/4/2024 23:00,0
PKV,TX_ASOS,1/5/2024 0:00,0.02
PKV,TX_ASOS,1/5/2024 1:00,0
PKV,TX_ASOS,1/5/2024 2:00,0.12
PKV,TX_ASOS,1/5/2024 3:00,0.6
PKV,TX_ASOS,1/5/2024 4:00,0.54
PKV,TX_ASOS,1/5/2024 5:00,0.21
PKV,TX_ASOS,1/5/2024 6:00,0.04
PKV,TX_ASOS,1/5/2024 7:00,0.01
PKV,TX_ASOS,1/5/2024 8:00,0
PKV,TX_ASOS,1/5/2024 9:00,0
PKV,TX_ASOS,1/5/2024 10:00,0
PKV,TX_ASOS,1/5/2024 11:00,0
PKV,TX_ASOS,1/5/2024 12:00,0
PKV,TX_ASOS,1/5/2024 13:00,0
PKV,TX_ASOS,1/5/2024 14:00,0
PKV,TX_ASOS,1/5/2024 15:00,0
PKV,TX_ASOS,1/5/2024 16:00,0
PKV,TX_ASOS,1/5/2024 17:00,0
PKV,TX_ASOS,1/5/2024 18:00,0
PKV,TX_ASOS,1/5/2024 19:00,0
PKV,TX_ASOS,1/5/2024 20:00,0
PKV,TX_ASOS,1/5/2024 21:00,0
PKV,TX_ASOS,1/5/2024 22:00,0
PKV,TX_ASOS,1/5/2024 23:00,0
PKV,TX_ASOS,1/6/2024 0:00,0
PKV,TX_ASOS,1/6/2024 1:00,0
PKV,TX_ASOS,1/6/2024 2:00,0
PKV,TX_ASOS,1/6/2024 3:00,0
PKV,TX_ASOS,1/6/2024 4:00,0
PKV,TX_ASOS,1/6/2024 5:00,0
PKV,TX_ASOS,1/6/2024 6:00,0
PKV,TX_ASOS,1/6/2024 7:00,0
PKV,TX_ASOS,1/6/2024 8:00,0
PKV,TX_ASOS,1/6/2024 9:00,0
PKV,TX_ASOS,1/6/2024 10:00,0
PKV,TX_ASOS,1/6/2024 11:00,0
PKV,TX_ASOS,1/6/2024 12:00,0
PKV,TX_ASOS,1/6/2024 13:00,0
PKV,TX_ASOS,1/6/2024 14:00,0
PKV,TX_ASOS,1/6/2024 15:00,0
PKV,TX_ASOS,1/6/2024 16:00,0
PKV,TX_ASOS,1/6/2024 17:00,0
PKV,TX_ASOS,1/6/2024 18:00,0
PKV,TX_ASOS,1/6/2024 19:00,0
PKV,TX_ASOS,1/6/2024 20:00,0
PKV,TX_ASOS,1/6/2024 21:00,0
PKV,TX_ASOS,1/6/2024 22:00,0
PKV,TX_ASOS,1/7/2024 0:00,0
PKV,TX_ASOS,1/7/2024 1:00,0
PKV,TX_ASOS,1/7/2024 2:00,0
PKV,TX_ASOS,1/7/2024 3:00,0
PKV,TX_ASOS,1/7/2024 4:00,0
PKV,TX_ASOS,1/7/2024 5:00,0
PKV,TX_ASOS,1/7/2024 6:00,0
PKV,TX_ASOS,1/7/2024 7:00,0
PKV,TX_ASOS,1/7/2024 8:00,0
PKV,TX_ASOS,1/7/2024 9:00,0
PKV,TX_ASOS,1/7/2024 10:00,0
PKV,TX_ASOS,1/7/2024 11:00,0
PKV,TX_ASOS,1/7/2024 12:00,0
PKV,TX_ASOS,1/7/2024 13:00,0
PKV,TX_ASOS,1/7/2024 14:00,0
PKV,TX_ASOS,1/7/2024 15:00,0
PKV,TX_ASOS,1/7/2024 16:00,0
PKV,TX_ASOS,1/7/2024 17:00,0
PKV,TX_ASOS,1/7/2024 18:00,0
PKV,TX_ASOS,1/7/2024 19:00,0
PKV,TX_ASOS,1/7/2024 20:00,0
PKV,TX_ASOS,1/7/2024 21:00,0
PKV,TX_ASOS,1/7/2024 22:00,0
PKV,TX_ASOS,1/7/2024 23:00,0
PKV,TX_ASOS,1/8/2024 0:00,0
PKV,TX_ASOS,1/8/2024 1:00,0
PKV,TX_ASOS,1/8/2024 2:00,0
PKV,TX_ASOS,1/8/2024 3:00,0
PKV,TX_ASOS,1/8/2024 4:00,0
PKV,TX_ASOS,1/8/2024 5:00,0
PKV,TX_ASOS,1/8/2024 6:00,0
PKV,TX_ASOS,1/8/2024 7:00,0
PKV,TX_ASOS,1/8/2024 8:00,0
PKV,TX_ASOS,1/8/2024 9:00,0.01
PKV,TX_ASOS,1/8/2024 10:00,0
PKV,TX_ASOS,1/8/2024 11:00,0
PKV,TX_ASOS,1/8/2024 12:00,0
PKV,TX_ASOS,1/8/2024 13:00,0
PKV,TX_ASOS,1/8/2024 14:00,0
PKV,TX_ASOS,1/8/2024 15:00,0
PKV,TX_ASOS,1/8/2024 16:00,0
PKV,TX_ASOS,1/8/2024 17:00,0.07
PKV,TX_ASOS,1/8/2024 18:00,0
PKV,TX_ASOS,1/8/2024 19:00,0
PKV,TX_ASOS,1/8/2024 20:00,0
PKV,TX_ASOS,1/8/2024 21:00,0
PKV,TX_ASOS,1/8/2024 22:00,0
PKV,TX_ASOS,1/8/2024 23:00,0
PKV,TX_ASOS,1/9/2024 0:00,0
PKV,TX_ASOS,1/9/2024 1:00,0
PKV,TX_ASOS,1/9/2024 2:00,0
PKV,TX_ASOS,1/9/2024 3:00,0
PKV,TX_ASOS,1/9/2024 4:00,0
PKV,TX_ASOS,1/9/2024 5:00,0
PKV,TX_ASOS,1/9/2024 6:00,0
PKV,TX_ASOS,1/9/2024 7:00,0
PKV,TX_ASOS,1/9/2024 8:00,0
PKV,TX_ASOS,1/9/2024 9:00,0
PKV,TX_ASOS,1/9/2024 10:00,0
PKV,TX_ASOS,1/9/2024 11:00,0
PKV,TX_ASOS,1/9/2024 12:00,0
PKV,TX_ASOS,1/9/2024 13:00,0
PKV,TX_ASOS,1/9/2024 14:00,0
PKV,TX_ASOS,1/9/2024 15:00,0
PKV,TX_ASOS,1/9/2024 16:00,0
PKV,TX_ASOS,1/9/2024 17:00,0
PKV,TX_ASOS,1/9/2024 18:00,0
PKV,TX_ASOS,1/9/2024 19:00,0
PKV,TX_ASOS,1/9/2024 20:00,0
PKV,TX_ASOS,1/9/2024 21:00,0
PKV,TX_ASOS,1/9/2024 22:00,0
PKV,TX_ASOS,1/9/2024 23:00,0
PKV,TX_ASOS,1/10/2024 0:00,0
PKV,TX_ASOS,1/10/2024 1:00,0
PKV,TX_ASOS,1/10/2024 2:00,0
PKV,TX_ASOS,1/10/2024 3:00,0
PKV,TX_ASOS,1/10/2024 4:00,0
PKV,TX_ASOS,1/10/2024 5:00,0
PKV,TX_ASOS,1/10/2024 6:00,0
PKV,TX_ASOS,1/10/2024 7:00,0
PKV,TX_ASOS,1/10/2024 8:00,0
PKV,TX_ASOS,1/10/2024 9:00,0
PKV,TX_ASOS,1/10/2024 10:00,0
PKV,TX_ASOS,1/10/2024 11:00,0
PKV,TX_ASOS,1/10/2024 12:00,0
PKV,TX_ASOS,1/10/2024 13:00,0
PKV,TX_ASOS,1/10/2024 14:00,0
PKV,TX_ASOS,1/10/2024 15:00,0
PKV,TX_ASOS,1/10/2024 16:00,0
PKV,TX_ASOS,1/10/2024 17:00,0
PKV,TX_ASOS,1/10/2024 18:00,0
PKV,TX_ASOS,1/10/2024 19:00,0
PKV,TX_ASOS,1/10/2024 20:00,0
PKV,TX_ASOS,1/10/2024 21:00,0
PKV,TX_ASOS,1/10/2024 22:00,0
PKV,TX_ASOS,1/10/2024 23:00,0
PKV,TX_ASOS,1/11/2024 0:00,0
PKV,TX_ASOS,1/11/2024 1:00,0
PKV,TX_ASOS,1/11/2024 2:00,0
PKV,TX_ASOS,1/11/2024 3:00,0
PKV,TX_ASOS,1/11/2024 4:00,0
PKV,TX_ASOS,1/11/2024 5:00,0
PKV,TX_ASOS,1/11/2024 6:00,0
PKV,TX_ASOS,1/11/2024 7:00,0
PKV,TX_ASOS,1/11/2024 8:00,0
PKV,TX_ASOS,1/11/2024 9:00,0
PKV,TX_ASOS,1/11/2024 10:00,0
PKV,TX_ASOS,1/11/2024 11:00,0
PKV,TX_ASOS,1/11/2024 12:00,0
PKV,TX_ASOS,1/11/2024 13:00,0
PKV,TX_ASOS,1/11/2024 14:00,0
PKV,TX_ASOS,1/11/2024 15:00,0
PKV,TX_ASOS,1/11/2024 16:00,0
PKV,TX_ASOS,1/11/2024 17:00,0
PKV,TX_ASOS,1/11/2024 18:00,0
PKV,TX_ASOS,1/11/2024 19:00,0
PKV,TX_ASOS,1/11/2024 20:00,0
PKV,TX_ASOS,1/11/2024 21:00,0
PKV,TX_ASOS,1/11/2024 22:00,0
PKV,TX_ASOS,1/11/2024 23:00,0
PKV,TX_ASOS,1/12/2024 0:00,0
PKV,TX_ASOS,1/12/2024 1:00,0
PKV,TX_ASOS,1/12/2024 2:00,0
PKV,TX_ASOS,1/12/2024 3:00,0
PKV,TX_ASOS,1/12/2024 4:00,0
PKV,TX_ASOS,1/12/2024 5:00,0
PKV,TX_ASOS,1/12/2024 6:00,0
PKV,TX_ASOS,1/12/2024 7:00,0
PKV,TX_ASOS,1/12/2024 8:00,0
PKV,TX_ASOS,1/12/2024 9:00,0
PKV,TX_ASOS,1/12/2024 10:00,0
PKV,TX_ASOS,1/12/2024 11:00,0
PKV,TX_ASOS,1/12/2024 12:00,0
PKV,TX_ASOS,1/12/2024 13:00,0
PKV,TX_ASOS,1/12/2024 14:00,0
PKV,TX_ASOS,1/12/2024 15:00,0
PKV,TX_ASOS,1/12/2024 16:00,0
PKV,TX_ASOS,1/12/2024 17:00,0
PKV,TX_ASOS,1/12/2024 18:00,0
PKV,TX_ASOS,1/12/2024 19:00,0
PKV,TX_ASOS,1/12/2024 20:00,0
PKV,TX_ASOS,1/12/2024 21:00,0
PKV,TX_ASOS,1/12/2024 22:00,0
PKV,TX_ASOS,1/12/2024 23:00,0
PKV,TX_ASOS,1/13/2024 0:00,0
PKV,TX_ASOS,1/13/2024 1:00,0
PKV,TX_ASOS,1/13/2024 2:00,0
PKV,TX_ASOS,1/13/2024 3:00,0
PKV,TX_ASOS,1/13/2024 4:00,0
PKV,TX_ASOS,1/13/2024 5:00,0
PKV,TX_ASOS,1/13/2024 6:00,0
PKV,TX_ASOS,1/13/2024 7:00,0
PKV,TX_ASOS,1/13/2024 8:00,0
PKV,TX_ASOS,1/13/2024 9:00,0
PKV,TX_ASOS,1/13/2024 10:00,0
PKV,TX_ASOS,1/13/2024 11:00,0
PKV,TX_ASOS,1/13/2024 12:00,0
PKV,TX_ASOS,1/13/2024 13:00,0
PKV,TX_ASOS,1/13/2024 14:00,0
PKV,TX_ASOS,1/13/2024 15:00,0
PKV,TX_ASOS,1/13/2024 16:00,0
PKV,TX_ASOS,1/13/2024 17:00,0
PKV,TX_ASOS,1/13/2024 18:00,0
PKV,TX_ASOS,1/13/2024 19:00,0
PKV,TX_ASOS,1/13/2024 20:00,0
PKV,TX_ASOS,1/13/2024 21:00,0
PKV,TX_ASOS,1/13/2024 22:00,0
PKV,TX_ASOS,1/13/2024 23:00,0
PKV,TX_ASOS,1/14/2024 0:00,0
PKV,TX_ASOS,1/14/2024 1:00,0
PKV,TX_ASOS,1/14/2024 2:00,0
PKV,TX_ASOS,1/14/2024 3:00,0
PKV,TX_ASOS,1/14/2024 4:00,0
PKV,TX_ASOS,1/14/2024 5:00,0
PKV,TX_ASOS,1/14/2024 6:00,0
PKV,TX_ASOS,1/14/2024 7:00,0
PKV,TX_ASOS,1/14/2024 8:00,0
PKV,TX_ASOS,1/14/2024 9:00,0
PKV,TX_ASOS,1/14/2024 10:00,0
PKV,TX_ASOS,1/14/2024 11:00,0
PKV,TX_ASOS,1/14/2024 12:00,0
PKV,TX_ASOS,1/14/2024 13:00,0
PKV,TX_ASOS,1/14/2024 14:00,0
PKV,TX_ASOS,1/14/2024 15:00,0
PKV,TX_ASOS,1/14/2024 16:00,0
PKV,TX_ASOS,1/14/2024 17:00,0
PKV,TX_ASOS,1/14/2024 18:00,0
PKV,TX_ASOS,1/14/2024 19:00,0
PKV,TX_ASOS,1/14/2024 20:00,0
PKV,TX_ASOS,1/14/2024 21:00,0
PKV,TX_ASOS,1/14/2024 22:00,0
PKV,TX_ASOS,1/14/2024 23:00,0
PKV,TX_ASOS,1/15/2024 0:00,0
PKV,TX_ASOS,1/15/2024 1:00,0
PKV,TX_ASOS,1/15/2024 2:00,0
PKV,TX_ASOS,1/15/2024 3:00,0
PKV,TX_ASOS,1/15/2024 4:00,0
PKV,TX_ASOS,1/15/2024 5:00,0
PKV,TX_ASOS,1/15/2024 6:00,0
PKV,TX_ASOS,1/15/2024 7:00,0
PKV,TX_ASOS,1/15/2024 8:00,0
PKV,TX_ASOS,1/15/2024 9:00,0
PKV,TX_ASOS,1/15/2024 10:00,0
PKV,TX_ASOS,1/15/2024 11:00,0
PKV,TX_ASOS,1/15/2024 12:00,0
PKV,TX_ASOS,1/15/2024 13:00,0
PKV,TX_ASOS,1/15/2024 14:00,0
PKV,TX_ASOS,1/15/2024 15:00,0
PKV,TX_ASOS,1/15/2024 16:00,0
PKV,TX_ASOS,1/15/2024 17:00,0
PKV,TX_ASOS,1/15/2024 18:00,0
PKV,TX_ASOS,1/15/2024 19:00,0
PKV,TX_ASOS,1/15/2024 20:00,0
PKV,TX_ASOS,1/15/2024 21:00,0
PKV,TX_ASOS,1/15/2024 22:00,0
PKV,TX_ASOS,1/15/2024 23:00,0
PKV,TX_ASOS,1/16/2024 0:00,0
PKV,TX_ASOS,1/16/2024 1:00,0
PKV,TX_ASOS,1/16/2024 2:00,0
PKV,TX_ASOS,1/16/2024 3:00,0
PKV,TX_ASOS,1/16/2024 4:00,0
PKV,TX_ASOS,1/16/2024 5:00,0
PKV,TX_ASOS,1/16/2024 6:00,0
PKV,TX_ASOS,1/16/2024 7:00,0
PKV,TX_ASOS,1/16/2024 8:00,0
PKV,TX_ASOS,1/16/2024 9:00,0
PKV,TX_ASOS,1/16/2024 10:00,0
PKV,TX_ASOS,1/16/2024 11:00,0
PKV,TX_ASOS,1/16/2024 12:00,0
PKV,TX_ASOS,1/16/2024 13:00,0
PKV,TX_ASOS,1/16/2024 14:00,0
PKV,TX_ASOS,1/16/2024 15:00,0
PKV,TX_ASOS,1/16/2024 16:00,0
PKV,TX_ASOS,1/16/2024 17:00,0
PKV,TX_ASOS,1/16/2024 18:00,0
PKV,TX_ASOS,1/16/2024 19:00,0
PKV,TX_ASOS,1/16/2024 20:00,0
PKV,TX_ASOS,1/16/2024 21:00,0
PKV,TX_ASOS,1/16/2024 22:00,0
PKV,TX_ASOS,1/16/2024 23:00,0
PKV,TX_ASOS,1/17/2024 0:00,0
PKV,TX_ASOS,1/17/2024 1:00,0
PKV,TX_ASOS,1/17/2024 2:00,0
PKV,TX_ASOS,1/17/2024 3:00,0
PKV,TX_ASOS,1/17/2024 4:00,0
PKV,TX_ASOS,1/17/2024 5:00,0
PKV,TX_ASOS,1/17/2024 6:00,0
PKV,TX_ASOS,1/17/2024 7:00,0
PKV,TX_ASOS,1/17/2024 8:00,0
PKV,TX_ASOS,1/17/2024 9:00,0
PKV,TX_ASOS,1/17/2024 10:00,0
PKV,TX_ASOS,1/17/2024 11:00,0
PKV,TX_ASOS,1/17/2024 12:00,0
PKV,TX_ASOS,1/17/2024 13:00,0
PKV,TX_ASOS,1/17/2024 14:00,0
PKV,TX_ASOS,1/17/2024 15:00,0
PKV,TX_ASOS,1/17/2024 16:00,0
PKV,TX_ASOS,1/17/2024 17:00,0
PKV,TX_ASOS,1/17/2024 18:00,0
PKV,TX_ASOS,1/17/2024 19:00,0
PKV,TX_ASOS,1/17/2024 20:00,0
PKV,TX_ASOS,1/17/2024 21:00,0
PKV,TX_ASOS,1/17/2024 22:00,0
PKV,TX_ASOS,1/17/2024 23:00,0
PKV,TX_ASOS,1/18/2024 0:00,0
PKV,TX_ASOS,1/18/2024 1:00,0
PKV,TX_ASOS,1/18/2024 2:00,0
PKV,TX_ASOS,1/18/2024 3:00,0
PKV,TX_ASOS,1/18/2024 4:00,0
PKV,TX_ASOS,1/18/2024 5:00,0
PKV,TX_ASOS,1/18/2024 6:00,0
PKV,TX_ASOS,1/18/2024 7:00,0
PKV,TX_ASOS,1/18/2024 8:00,0
PKV,TX_ASOS,1/18/2024 9:00,0
PKV,TX_ASOS,1/18/2024 10:00,0
PKV,TX_ASOS,1/18/2024 11:00,0
PKV,TX_ASOS,1/18/2024 12:00,0
PKV,TX_ASOS,1/18/2024 13:00,0
PKV,TX_ASOS,1/18/2024 14:00,0
PKV,TX_ASOS,1/18/2024 15:00,0
PKV,TX_ASOS,1/18/2024 16:00,0
PKV,TX_ASOS,1/18/2024 17:00,0
PKV,TX_ASOS,1/18/2024 18:00,0
PKV,TX_ASOS,1/18/2024 19:00,0
PKV,TX_ASOS,1/18/2024 20:00,0
PKV,TX_ASOS,1/18/2024 21:00,0
PKV,TX_ASOS,1/18/2024 22:00,0
PKV,TX_ASOS,1/18/2024 23:00,0
PKV,TX_ASOS,1/19/2024 0:00,0
PKV,TX_ASOS,1/19/2024 1:00,0
PKV,TX_ASOS,1/19/2024 2:00,0
PKV,TX_ASOS,1/19/2024 3:00,0
PKV,TX_ASOS,1/19/2024 4:00,0
PKV,TX_ASOS,1/19/2024 5:00,0
PKV,TX_ASOS,1/19/2024 6:00,0
PKV,TX_ASOS,1/19/2024 7:00,0
PKV,TX_ASOS,1/19/2024 8:00,0
PKV,TX_ASOS,1/19/2024 9:00,0
PKV,TX_ASOS,1/19/2024 10:00,0
PKV,TX_ASOS,1/19/2024 11:00,0
PKV,TX_ASOS,1/19/2024 12:00,0
PKV,TX_ASOS,1/19/2024 13:00,0
PKV,TX_ASOS,1/19/2024 14:00,0
PKV,TX_ASOS,1/19/2024 15:00,0
PKV,TX_ASOS,1/19/2024 16:00,0
PKV,TX_ASOS,1/19/2024 17:00,0
PKV,TX_ASOS,1/19/2024 18:00,0
PKV,TX_ASOS,1/19/2024 19:00,0
PKV,TX_ASOS,1/19/2024 20:00,0
PKV,TX_ASOS,1/19/2024 21:00,0
PKV,TX_ASOS,1/19/2024 22:00,0
PKV,TX_ASOS,1/19/2024 23:00,0
PKV,TX_ASOS,1/20/2024 0:00,0
PKV,TX_ASOS,1/20/2024 1:00,0
PKV,TX_ASOS,1/20/2024 2:00,0
PKV,TX_ASOS,1/20/2024 3:00,0
PKV,TX_ASOS,1/20/2024 4:00,0
PKV,TX_ASOS,1/20/2024 5:00,0
PKV,TX_ASOS,1/20/2024 6:00,0
PKV,TX_ASOS,1/20/2024 7:00,0
PKV,TX_ASOS,1/20/2024 8:00,0
PKV,TX_ASOS,1/20/2024 9:00,0
PKV,TX_ASOS,1/20/2024 10:00,0
PKV,TX_ASOS,1/20/2024 11:00,0
PKV,TX_ASOS,1/20/2024 12:00,0
PKV,TX_ASOS,1/20/2024 13:00,0
PKV,TX_ASOS,1/20/2024 14:00,0
PKV,TX_ASOS,1/20/2024 15:00,0
PKV,TX_ASOS,1/20/2024 16:00,0
PKV,TX_ASOS,1/20/2024 17:00,0
PKV,TX_ASOS,1/20/2024 18:00,0
PKV,TX_ASOS,1/20/2024 19:00,0
PKV,TX_ASOS,1/20/2024 20:00,0
PKV,TX_ASOS,1/20/2024 21:00,0
PKV,TX_ASOS,1/20/2024 22:00,0
PKV,TX_ASOS,1/20/2024 23:00,0
PKV,TX_ASOS,1/21/2024 0:00,0
PKV,TX_ASOS,1/21/2024 1:00,0
PKV,TX_ASOS,1/21/2024 2:00,0
PKV,TX_ASOS,1/21/2024 3:00,0
PKV,TX_ASOS,1/21/2024 4:00,0
PKV,TX_ASOS,1/21/2024 5:00,0
PKV,TX_ASOS,1/21/2024 6:00,0
PKV,TX_ASOS,1/21/2024 7:00,0
PKV,TX_ASOS,1/21/2024 8:00,0
PKV,TX_ASOS,1/21/2024 9:00,0
PKV,TX_ASOS,1/21/2024 10:00,0
PKV,TX_ASOS,1/21/2024 11:00,0
PKV,TX_ASOS,1/21/2024 12:00,0
PKV,TX_ASOS,1/21/2024 13:00,0
PKV,TX_ASOS,1/21/2024 14:00,0.01
PKV,TX_ASOS,1/21/2024 15:00,0
PKV,TX_ASOS,1/21/2024 16:00,0.02
PKV,TX_ASOS,1/21/2024 17:00,0.01
PKV,TX_ASOS,1/21/2024 18:00,0.01
PKV,TX_ASOS,1/21/2024 19:00,0
PKV,TX_ASOS,1/21/2024 20:00,0
PKV,TX_ASOS,1/21/2024 21:00,0.01
PKV,TX_ASOS,1/21/2024 22:00,0.02
PKV,TX_ASOS,1/21/2024 23:00,0.03
PKV,TX_ASOS,1/22/2024 0:00,0.01
PKV,TX_ASOS,1/22/2024 1:00,0.18
PKV,TX_ASOS,1/22/2024 2:00,0.12
PKV,TX_ASOS,1/22/2024 3:00,0.05
PKV,TX_ASOS,1/22/2024 4:00,0.08
PKV,TX_ASOS,1/22/2024 5:00,0.01
PKV,TX_ASOS,1/22/2024 6:00,0.13
PKV,TX_ASOS,1/22/2024 7:00,0.23
PKV,TX_ASOS,1/22/2024 8:00,0.08
PKV,TX_ASOS,1/22/2024 9:00,0.02
PKV,TX_ASOS,1/22/2024 10:00,0.16
PKV,TX_ASOS,1/22/2024 11:00,0.01
PKV,TX_ASOS,1/22/2024 12:00,0
PKV,TX_ASOS,1/22/2024 13:00,0.01
PKV,TX_ASOS,1/22/2024 14:00,0
PKV,TX_ASOS,1/22/2024 15:00,0
PKV,TX_ASOS,1/22/2024 16:00,0
PKV,TX_ASOS,1/22/2024 17:00,0
PKV,TX_ASOS,1/22/2024 18:00,0
PKV,TX_ASOS,1/22/2024 19:00,0
PKV,TX_ASOS,1/22/2024 20:00,0
PKV,TX_ASOS,1/22/2024 21:00,0
PKV,TX_ASOS,1/22/2024 22:00,0
PKV,TX_ASOS,1/22/2024 23:00,0
PKV,TX_ASOS,1/23/2024 0:00,0
PKV,TX_ASOS,1/23/2024 1:00,0
PKV,TX_ASOS,1/23/2024 2:00,0
PKV,TX_ASOS,1/23/2024 3:00,0
PKV,TX_ASOS,1/23/2024 4:00,0
PKV,TX_ASOS,1/23/2024 5:00,0
PKV,TX_ASOS,1/23/2024 6:00,0
PKV,TX_ASOS,1/23/2024 7:00,0
PKV,TX_ASOS,1/23/2024 8:00,0
PKV,TX_ASOS,1/23/2024 9:00,0
PKV,TX_ASOS,1/23/2024 10:00,0
PKV,TX_ASOS,1/23/2024 11:00,0
PKV,TX_ASOS,1/23/2024 12:00,0
PKV,TX_ASOS,1/23/2024 13:00,0
PKV,TX_ASOS,1/23/2024 14:00,0
PKV,TX_ASOS,1/23/2024 15:00,0
PKV,TX_ASOS,1/23/2024 16:00,0
PKV,TX_ASOS,1/23/2024 17:00,0
PKV,TX_ASOS,1/23/2024 18:00,0
PKV,TX_ASOS,1/23/2024 19:00,0
PKV,TX_ASOS,1/23/2024 20:00,0
PKV,TX_ASOS,1/23/2024 22:00,0
PKV,TX_ASOS,1/23/2024 23:00,0
PKV,TX_ASOS,1/24/2024 0:00,0
PKV,TX_ASOS,1/24/2024 1:00,0
PKV,TX_ASOS,1/24/2024 2:00,0
PKV,TX_ASOS,1/24/2024 3:00,0
PKV,TX_ASOS,1/24/2024 4:00,0
PKV,TX_ASOS,1/24/2024 5:00,0.05
PKV,TX_ASOS,1/24/2024 6:00,0.12
PKV,TX_ASOS,1/24/2024 7:00,0.08
PKV,TX_ASOS,1/24/2024 8:00,0.24
PKV,TX_ASOS,1/24/2024 9:00,0.02
PKV,TX_ASOS,1/24/2024 10:00,0.18
PKV,TX_ASOS,1/24/2024 11:00,0.35
PKV,TX_ASOS,1/24/2024 12:00,0.17
PKV,TX_ASOS,1/24/2024 13:00,0.07
PKV,TX_ASOS,1/24/2024 14:00,0.28
PKV,TX_ASOS,1/24/2024 15:00,0
PKV,TX_ASOS,1/24/2024 16:00,0.17
PKV,TX_ASOS,1/24/2024 17:00,0.05
PKV,TX_ASOS,1/24/2024 18:00,0.05
PKV,TX_ASOS,1/24/2024 19:00,0
PKV,TX_ASOS,1/24/2024 20:00,0
PKV,TX_ASOS,1/24/2024 21:00,0
PKV,TX_ASOS,1/24/2024 22:00,0
PKV,TX_ASOS,1/24/2024 23:00,0
PKV,TX_ASOS,1/25/2024 0:00,0.12
PKV,TX_ASOS,1/25/2024 1:00,0.17
PKV,TX_ASOS,1/25/2024 2:00,0
PKV,TX_ASOS,1/25/2024 3:00,0
PKV,TX_ASOS,1/25/2024 4:00,0
PKV,TX_ASOS,1/25/2024 5:00,0
PKV,TX_ASOS,1/25/2024 6:00,0
PKV,TX_ASOS,1/25/2024 7:00,0
PKV,TX_ASOS,1/25/2024 8:00,0
PKV,TX_ASOS,1/25/2024 9:00,0
PKV,TX_ASOS,1/25/2024 10:00,0
PKV,TX_ASOS,1/25/2024 11:00,0
PKV,TX_ASOS,1/25/2024 12:00,0
PKV,TX_ASOS,1/25/2024 13:00,0
PKV,TX_ASOS,1/25/2024 14:00,0
PKV,TX_ASOS,1/25/2024 15:00,0
PKV,TX_ASOS,1/25/2024 16:00,0
PKV,TX_ASOS,1/25/2024 17:00,0
PKV,TX_ASOS,1/25/2024 18:00,0
PKV,TX_ASOS,1/25/2024 19:00,0
PKV,TX_ASOS,1/25/2024 20:00,0
PKV,TX_ASOS,1/25/2024 21:00,0
PKV,TX_ASOS,1/25/2024 22:00,0
PKV,TX_ASOS,1/25/2024 23:00,0
PKV,TX_ASOS,1/26/2024 0:00,0
PKV,TX_ASOS,1/26/2024 1:00,0
PKV,TX_ASOS,1/26/2024 2:00,0
PKV,TX_ASOS,1/26/2024 3:00,0
PKV,TX_ASOS,1/26/2024 4:00,0
PKV,TX_ASOS,1/26/2024 5:00,0
PKV,TX_ASOS,1/26/2024 6:00,0
PKV,TX_ASOS,1/26/2024 7:00,0
PKV,TX_ASOS,1/26/2024 8:00,0
PKV,TX_ASOS,1/26/2024 9:00,0
PKV,TX_ASOS,1/26/2024 10:00,0
PKV,TX_ASOS,1/26/2024 11:00,0
PKV,TX_ASOS,1/26/2024 12:00,0
PKV,TX_ASOS,1/26/2024 13:00,0
PKV,TX_ASOS,1/26/2024 14:00,0.02
PKV,TX_ASOS,1/26/2024 15:00,0.06
PKV,TX_ASOS,1/26/2024 16:00,0.01
PKV,TX_ASOS,1/26/2024 17:00,0
PKV,TX_ASOS,1/26/2024 18:00,0
PKV,TX_ASOS,1/26/2024 19:00,0
PKV,TX_ASOS,1/26/2024 20:00,0
PKV,TX_ASOS,1/26/2024 21:00,0
PKV,TX_ASOS,1/26/2024 22:00,0
PKV,TX_ASOS,1/26/2024 23:00,0
PKV,TX_ASOS,1/27/2024 0:00,0
PKV,TX_ASOS,1/27/2024 1:00,0
PKV,TX_ASOS,1/27/2024 2:00,0
PKV,TX_ASOS,1/27/2024 3:00,0
PKV,TX_ASOS,1/27/2024 4:00,0
PKV,TX_ASOS,1/27/2024 5:00,0
PKV,TX_ASOS,1/27/2024 6:00,0
PKV,TX_ASOS,1/27/2024 7:00,0
PKV,TX_ASOS,1/27/2024 8:00,0
PKV,TX_ASOS,1/27/2024 9:00,0
PKV,TX_ASOS,1/27/2024 10:00,0
PKV,TX_ASOS,1/27/2024 11:00,0
PKV,TX_ASOS,1/27/2024 12:00,0
PKV,TX_ASOS,1/27/2024 13:00,0
PKV,TX_ASOS,1/27/2024 14:00,0
PKV,TX_ASOS,1/27/2024 15:00,0
PKV,TX_ASOS,1/27/2024 16:00,0
PKV,TX_ASOS,1/27/2024 17:00,0
PKV,TX_ASOS,1/27/2024 18:00,0
PKV,TX_ASOS,1/27/2024 19:00,0
PKV,TX_ASOS,1/27/2024 20:00,0
PKV,TX_ASOS,1/27/2024 21:00,0
PKV,TX_ASOS,1/27/2024 22:00,0
PKV,TX_ASOS,1/27/2024 23:00,0
PKV,TX_ASOS,1/28/2024 0:00,0
PKV,TX_ASOS,1/28/2024 1:00,0
PKV,TX_ASOS,1/28/2024 2:00,0
PKV,TX_ASOS,1/28/2024 3:00,0
PKV,TX_ASOS,1/28/2024 4:00,0
PKV,TX_ASOS,1/28/2024 5:00,0
PKV,TX_ASOS,1/28/2024 6:00,0
PKV,TX_ASOS,1/28/2024 7:00,0
PKV,TX_ASOS,1/28/2024 8:00,0
PKV,TX_ASOS,1/28/2024 9:00,0
PKV,TX_ASOS,1/28/2024 10:00,0
PKV,TX_ASOS,1/28/2024 11:00,0
PKV,TX_ASOS,1/28/2024 12:00,0
PKV,TX_ASOS,1/28/2024 13:00,0
PKV,TX_ASOS,1/28/2024 14:00,0
PKV,TX_ASOS,1/28/2024 15:00,0
PKV,TX_ASOS,1/28/2024 16:00,0
PKV,TX_ASOS,1/28/2024 17:00,0
PKV,TX_ASOS,1/28/2024 18:00,0
PKV,TX_ASOS,1/28/2024 19:00,0
PKV,TX_ASOS,1/28/2024 20:00,0
PKV,TX_ASOS,1/28/2024 21:00,0
PKV,TX_ASOS,1/28/2024 22:00,0
PKV,TX_ASOS,1/28/2024 23:00,0
PKV,TX_ASOS,1/29/2024 0:00,0
PKV,TX_ASOS,1/29/2024 1:00,0
PKV,TX_ASOS,1/29/2024 2:00,0
PKV,TX_ASOS,1/29/2024 3:00,0
PKV,TX_ASOS,1/29/2024 7:00,0
PKV,TX_ASOS,1/29/2024 8:00,0
PKV,TX_ASOS,1/29/2024 9:00,0
PKV,TX_ASOS,1/29/2024 10:00,0
PKV,TX_ASOS,1/29/2024 11:00,0
PKV,TX_ASOS,1/29/2024 12:00,0
PKV,TX_ASOS,1/29/2024 13:00,0
PKV,TX_ASOS,1/29/2024 14:00,0
PKV,TX_ASOS,1/29/2024 15:00,0
PKV,TX_ASOS,1/29/2024 16:00,0
PKV,TX_ASOS,1/29/2024 17:00,0
PKV,TX_ASOS,1/29/2024 18:00,0
PKV,TX_ASOS,1/29/2024 19:00,0
PKV,TX_ASOS,1/29/2024 20:00,0
PKV,TX_ASOS,1/29/2024 21:00,0
PKV,TX_ASOS,1/29/2024 22:00,0
PKV,TX_ASOS,1/30/2024 1:00,0
PKV,TX_ASOS,1/30/2024 2:00,0
PKV,TX_ASOS,1/30/2024 3:00,0
PKV,TX_ASOS,1/30/2024 4:00,0
PKV,TX_ASOS,1/30/2024 5:00,0
PKV,TX_ASOS,1/30/2024 6:00,0
PKV,TX_ASOS,1/30/2024 7:00,0
PKV,TX_ASOS,1/30/2024 8:00,0
PKV,TX_ASOS,1/30/2024 9:00,0
PKV,TX_ASOS,1/30/2024 10:00,0
PKV,TX_ASOS,1/30/2024 11:00,0
PKV,TX_ASOS,1/30/2024 12:00,0
PKV,TX_ASOS,1/30/2024 13:00,0
PKV,TX_ASOS,1/30/2024 14:00,0
PKV,TX_ASOS,1/30/2024 15:00,0
PKV,TX_ASOS,1/30/2024 16:00,0
PKV,TX_ASOS,1/30/2024 17:00,0
PKV,TX_ASOS,1/30/2024 18:00,0
PKV,TX_ASOS,1/30/2024 19:00,0
PKV,TX_ASOS,1/30/2024 20:00,0
PKV,TX_ASOS,1/30/2024 21:00,0
PKV,TX_ASOS,1/30/2024 22:00,0
PKV,TX_ASOS,1/31/2024 1:00,0
PKV,TX_ASOS,1/31/2024 2:00,0
PKV,TX_ASOS,1/31/2024 3:00,0
PKV,TX_ASOS,1/31/2024 4:00,0
PKV,TX_ASOS,1/31/2024 5:00,0
PKV,TX_ASOS,1/31/2024 6:00,0
PKV,TX_ASOS,1/31/2024 7:00,0
PKV,TX_ASOS,1/31/2024 8:00,0
PKV,TX_ASOS,1/31/2024 9:00,0
PKV,TX_ASOS,1/31/2024 10:00,0
PKV,TX_ASOS,1/31/2024 11:00,0
PKV,TX_ASOS,1/31/2024 12:00,0
PKV,TX_ASOS,1/31/2024 13:00,0
PKV,TX_ASOS,1/31/2024 14:00,0
PKV,TX_ASOS,1/31/2024 15:00,0
PKV,TX_ASOS,1/31/2024 16:00,0
PKV,TX_ASOS,1/31/2024 17:00,0
PKV,TX_ASOS,1/31/2024 18:00,0
PKV,TX_ASOS,1/31/2024 19:00,0
PKV,TX_ASOS,1/31/2024 20:00,0
PKV,TX_ASOS,1/31/2024 21:00,0
PKV,TX_ASOS,1/31/2024 22:00,0
PKV,TX_ASOS,1/31/2024 23:00,0
PKV,TX_ASOS,2/1/2024 0:00,0
PKV,TX_ASOS,2/1/2024 1:00,0
PKV,TX_ASOS,2/1/2024 2:00,0
PKV,TX_ASOS,2/1/2024 3:00,0
PKV,TX_ASOS,2/1/2024 4:00,0
PKV,TX_ASOS,2/1/2024 5:00,0
PKV,TX_ASOS,2/1/2024 6:00,0
PKV,TX_ASOS,2/1/2024 7:00,0
PKV,TX_ASOS,2/1/2024 8:00,0
PKV,TX_ASOS,2/1/2024 9:00,0
PKV,TX_ASOS,2/1/2024 10:00,0
PKV,TX_ASOS,2/1/2024 11:00,0
PKV,TX_ASOS,2/1/2024 12:00,0
PKV,TX_ASOS,2/1/2024 13:00,0
PKV,TX_ASOS,2/1/2024 14:00,0
PKV,TX_ASOS,2/1/2024 15:00,0
PKV,TX_ASOS,2/1/2024 16:00,0
PKV,TX_ASOS,2/1/2024 17:00,0
PKV,TX_ASOS,2/1/2024 18:00,0
PKV,TX_ASOS,2/1/2024 19:00,0
PKV,TX_ASOS,2/1/2024 20:00,0
PKV,TX_ASOS,2/1/2024 21:00,0
PKV,TX_ASOS,2/1/2024 22:00,0
PKV,TX_ASOS,2/1/2024 23:00,0
PKV,TX_ASOS,2/2/2024 0:00,0
PKV,TX_ASOS,2/2/2024 1:00,0
PKV,TX_ASOS,2/2/2024 2:00,0
PKV,TX_ASOS,2/2/2024 3:00,0
PKV,TX_ASOS,2/2/2024 4:00,0
PKV,TX_ASOS,2/2/2024 5:00,0
PKV,TX_ASOS,2/2/2024 6:00,0
PKV,TX_ASOS,2/2/2024 7:00,0
PKV,TX_ASOS,2/2/2024 8:00,0
PKV,TX_ASOS,2/2/2024 9:00,0
PKV,TX_ASOS,2/2/2024 10:00,0
PKV,TX_ASOS,2/2/2024 11:00,0
PKV,TX_ASOS,2/2/2024 12:00,0
PKV,TX_ASOS,2/2/2024 13:00,0
PKV,TX_ASOS,2/2/2024 14:00,0
PKV,TX_ASOS,2/2/2024 15:00,0
PKV,TX_ASOS,2/2/2024 16:00,0
PKV,TX_ASOS,2/2/2024 17:00,0
PKV,TX_ASOS,2/2/2024 18:00,0
PKV,TX_ASOS,2/2/2024 19:00,0
PKV,TX_ASOS,2/2/2024 20:00,0
PKV,TX_ASOS,2/2/2024 21:00,0
PKV,TX_ASOS,2/2/2024 22:00,0.33
PKV,TX_ASOS,2/2/2024 23:00,0.03
PKV,TX_ASOS,2/3/2024 0:00,0.07
PKV,TX_ASOS,2/3/2024 1:00,0
PKV,TX_ASOS,2/3/2024 2:00,0
PKV,TX_ASOS,2/3/2024 3:00,0.06
PKV,TX_ASOS,2/3/2024 4:00,0.01
PKV,TX_ASOS,2/3/2024 5:00,0
PKV,TX_ASOS,2/3/2024 6:00,0.46
PKV,TX_ASOS,2/3/2024 7:00,0.16
PKV,TX_ASOS,2/3/2024 8:00,0.18
PKV,TX_ASOS,2/3/2024 9:00,0
PKV,TX_ASOS,2/3/2024 10:00,0
PKV,TX_ASOS,2/3/2024 11:00,0
PKV,TX_ASOS,2/3/2024 12:00,0
PKV,TX_ASOS,2/3/2024 13:00,0
PKV,TX_ASOS,2/3/2024 14:00,0
PKV,TX_ASOS,2/3/2024 15:00,0
PKV,TX_ASOS,2/3/2024 16:00,0
PKV,TX_ASOS,2/3/2024 17:00,0
PKV,TX_ASOS,2/3/2024 18:00,0
PKV,TX_ASOS,2/3/2024 19:00,0
PKV,TX_ASOS,2/3/2024 20:00,0
PKV,TX_ASOS,2/3/2024 21:00,0
PKV,TX_ASOS,2/3/2024 22:00,0
PKV,TX_ASOS,2/3/2024 23:00,0
PKV,TX_ASOS,2/4/2024 0:00,0
PKV,TX_ASOS,2/4/2024 1:00,0
PKV,TX_ASOS,2/4/2024 2:00,0
PKV,TX_ASOS,2/4/2024 3:00,0
PKV,TX_ASOS,2/4/2024 4:00,0
PKV,TX_ASOS,2/4/2024 5:00,0
PKV,TX_ASOS,2/4/2024 6:00,0
PKV,TX_ASOS,2/4/2024 7:00,0
PKV,TX_ASOS,2/4/2024 8:00,0
PKV,TX_ASOS,2/4/2024 9:00,0
PKV,TX_ASOS,2/4/2024 10:00,0
PKV,TX_ASOS,2/4/2024 11:00,0
PKV,TX_ASOS,2/4/2024 12:00,0
PKV,TX_ASOS,2/4/2024 13:00,0
PKV,TX_ASOS,2/4/2024 14:00,0
PKV,TX_ASOS,2/4/2024 15:00,0
PKV,TX_ASOS,2/4/2024 16:00,0
PKV,TX_ASOS,2/4/2024 17:00,0
PKV,TX_ASOS,2/4/2024 18:00,0
PKV,TX_ASOS,2/4/2024 19:00,0
PKV,TX_ASOS,2/4/2024 20:00,0
PKV,TX_ASOS,2/4/2024 21:00,0
PKV,TX_ASOS,2/4/2024 22:00,0
PKV,TX_ASOS,2/4/2024 23:00,0
PKV,TX_ASOS,2/5/2024 0:00,0
PKV,TX_ASOS,2/5/2024 1:00,0
PKV,TX_ASOS,2/5/2024 2:00,0
PKV,TX_ASOS,2/5/2024 3:00,0
PKV,TX_ASOS,2/5/2024 4:00,0
PKV,TX_ASOS,2/5/2024 5:00,0
PKV,TX_ASOS,2/5/2024 6:00,0
PKV,TX_ASOS,2/5/2024 7:00,0
PKV,TX_ASOS,2/5/2024 8:00,0
PKV,TX_ASOS,2/5/2024 9:00,0
PKV,TX_ASOS,2/5/2024 10:00,0
PKV,TX_ASOS,2/5/2024 11:00,0
PKV,TX_ASOS,2/5/2024 12:00,0
PKV,TX_ASOS,2/5/2024 13:00,0
PKV,TX_ASOS,2/5/2024 14:00,0
PKV,TX_ASOS,2/5/2024 15:00,0
PKV,TX_ASOS,2/5/2024 16:00,0
PKV,TX_ASOS,2/5/2024 17:00,0
PKV,TX_ASOS,2/5/2024 18:00,0
PKV,TX_ASOS,2/5/2024 19:00,0
PKV,TX_ASOS,2/5/2024 20:00,0
PKV,TX_ASOS,2/5/2024 21:00,0
PKV,TX_ASOS,2/5/2024 22:00,0
PKV,TX_ASOS,2/5/2024 23:00,0
PKV,TX_ASOS,2/6/2024 0:00,0
PKV,TX_ASOS,2/6/2024 1:00,0
PKV,TX_ASOS,2/6/2024 2:00,0
PKV,TX_ASOS,2/6/2024 3:00,0
PKV,TX_ASOS,2/6/2024 4:00,0
PKV,TX_ASOS,2/6/2024 5:00,0
PKV,TX_ASOS,2/6/2024 6:00,0
PKV,TX_ASOS,2/6/2024 7:00,0
PKV,TX_ASOS,2/6/2024 8:00,0
PKV,TX_ASOS,2/6/2024 9:00,0
PKV,TX_ASOS,2/6/2024 10:00,0
PKV,TX_ASOS,2/6/2024 11:00,0
PKV,TX_ASOS,2/6/2024 12:00,0
PKV,TX_ASOS,2/6/2024 13:00,0
PKV,TX_ASOS,2/6/2024 14:00,0
PKV,TX_ASOS,2/6/2024 15:00,0
PKV,TX_ASOS,2/6/2024 16:00,0
PKV,TX_ASOS,2/6/2024 17:00,0
PKV,TX_ASOS,2/6/2024 18:00,0
PKV,TX_ASOS,2/6/2024 19:00,0
PKV,TX_ASOS,2/6/2024 20:00,0
PKV,TX_ASOS,2/6/2024 21:00,0
PKV,TX_ASOS,2/6/2024 22:00,0
PKV,TX_ASOS,2/6/2024 23:00,0
PKV,TX_ASOS,2/7/2024 0:00,0
PKV,TX_ASOS,2/7/2024 1:00,0
PKV,TX_ASOS,2/7/2024 2:00,0
PKV,TX_ASOS,2/7/2024 3:00,0
PKV,TX_ASOS,2/7/2024 4:00,0
PKV,TX_ASOS,2/7/2024 5:00,0
PKV,TX_ASOS,2/7/2024 6:00,0
PKV,TX_ASOS,2/7/2024 7:00,0
PKV,TX_ASOS,2/7/2024 8:00,0
PKV,TX_ASOS,2/7/2024 9:00,0
PKV,TX_ASOS,2/7/2024 10:00,0
PKV,TX_ASOS,2/7/2024 11:00,0
PKV,TX_ASOS,2/7/2024 12:00,0
PKV,TX_ASOS,2/7/2024 13:00,0
PKV,TX_ASOS,2/7/2024 14:00,0
PKV,TX_ASOS,2/7/2024 15:00,0
PKV,TX_ASOS,2/7/2024 16:00,0
PKV,TX_ASOS,2/7/2024 17:00,0
PKV,TX_ASOS,2/7/2024 18:00,0
PKV,TX_ASOS,2/7/2024 19:00,0
PKV,TX_ASOS,2/7/2024 20:00,0
PKV,TX_ASOS,2/7/2024 21:00,0
PKV,TX_ASOS,2/7/2024 22:00,0
PKV,TX_ASOS,2/7/2024 23:00,0
PKV,TX_ASOS,2/8/2024 0:00,0
PKV,TX_ASOS,2/8/2024 1:00,0
PKV,TX_ASOS,2/8/2024 2:00,0
PKV,TX_ASOS,2/8/2024 3:00,0
PKV,TX_ASOS,2/8/2024 4:00,0
PKV,TX_ASOS,2/8/2024 5:00,0
PKV,TX_ASOS,2/8/2024 6:00,0
PKV,TX_ASOS,2/8/2024 7:00,0
PKV,TX_ASOS,2/8/2024 8:00,0
PKV,TX_ASOS,2/8/2024 9:00,0
PKV,TX_ASOS,2/8/2024 10:00,0
PKV,TX_ASOS,2/8/2024 11:00,0
PKV,TX_ASOS,2/8/2024 12:00,0
PKV,TX_ASOS,2/8/2024 13:00,0
PKV,TX_ASOS,2/8/2024 14:00,0
PKV,TX_ASOS,2/8/2024 15:00,0
PKV,TX_ASOS,2/8/2024 16:00,0
PKV,TX_ASOS,2/8/2024 17:00,0
PKV,TX_ASOS,2/8/2024 18:00,0
PKV,TX_ASOS,2/8/2024 19:00,0
PKV,TX_ASOS,2/8/2024 20:00,0
PKV,TX_ASOS,2/8/2024 21:00,0
PKV,TX_ASOS,2/8/2024 22:00,0
PKV,TX_ASOS,2/9/2024 7:00,0
PKV,TX_ASOS,2/9/2024 8:00,0
PKV,TX_ASOS,2/9/2024 9:00,0
PKV,TX_ASOS,2/9/2024 10:00,0
PKV,TX_ASOS,2/9/2024 11:00,0
PKV,TX_ASOS,2/9/2024 12:00,0
PKV,TX_ASOS,2/9/2024 13:00,0
PKV,TX_ASOS,2/9/2024 14:00,0
PKV,TX_ASOS,2/9/2024 15:00,0
PKV,TX_ASOS,2/9/2024 16:00,0
PKV,TX_ASOS,2/9/2024 17:00,0
PKV,TX_ASOS,2/9/2024 18:00,0
PKV,TX_ASOS,2/9/2024 19:00,0
PKV,TX_ASOS,2/9/2024 20:00,0
PKV,TX_ASOS,2/9/2024 21:00,0
PKV,TX_ASOS,2/9/2024 22:00,0
PKV,TX_ASOS,2/9/2024 23:00,0
PKV,TX_ASOS,2/10/2024 0:00,0
PKV,TX_ASOS,2/10/2024 1:00,0
PKV,TX_ASOS,2/10/2024 2:00,0
PKV,TX_ASOS,2/10/2024 3:00,0
PKV,TX_ASOS,2/10/2024 4:00,0
PKV,TX_ASOS,2/10/2024 5:00,0
PKV,TX_ASOS,2/10/2024 6:00,0
PKV,TX_ASOS,2/10/2024 7:00,0
PKV,TX_ASOS,2/10/2024 8:00,0
PKV,TX_ASOS,2/10/2024 9:00,0
PKV,TX_ASOS,2/10/2024 10:00,0
PKV,TX_ASOS,2/10/2024 11:00,0
PKV,TX_ASOS,2/10/2024 12:00,0
PKV,TX_ASOS,2/10/2024 13:00,0
PKV,TX_ASOS,2/10/2024 14:00,0
PKV,TX_ASOS,2/10/2024 15:00,0
PKV,TX_ASOS,2/10/2024 16:00,0
PKV,TX_ASOS,2/10/2024 17:00,0
PKV,TX_ASOS,2/10/2024 18:00,0
PKV,TX_ASOS,2/10/2024 19:00,0
PKV,TX_ASOS,2/10/2024 20:00,0
PKV,TX_ASOS,2/10/2024 21:00,0
PKV,TX_ASOS,2/10/2024 22:00,0
PKV,TX_ASOS,2/10/2024 23:00,0
PKV,TX_ASOS,2/11/2024 0:00,0
PKV,TX_ASOS,2/11/2024 1:00,0
PKV,TX_ASOS,2/11/2024 2:00,0
PKV,TX_ASOS,2/11/2024 3:00,0
PKV,TX_ASOS,2/11/2024 4:00,0
PKV,TX_ASOS,2/11/2024 5:00,0
PKV,TX_ASOS,2/11/2024 6:00,0
PKV,TX_ASOS,2/11/2024 7:00,0
PKV,TX_ASOS,2/11/2024 8:00,0.01
PKV,TX_ASOS,2/11/2024 9:00,0.01
PKV,TX_ASOS,2/11/2024 10:00,0
PKV,TX_ASOS,2/11/2024 11:00,0
PKV,TX_ASOS,2/11/2024 12:00,0
PKV,TX_ASOS,2/11/2024 13:00,0
PKV,TX_ASOS,2/11/2024 14:00,0
PKV,TX_ASOS,2/11/2024 15:00,0
PKV,TX_ASOS,2/11/2024 16:00,0
PKV,TX_ASOS,2/11/2024 17:00,0
PKV,TX_ASOS,2/11/2024 18:00,0
PKV,TX_ASOS,2/11/2024 19:00,0
PKV,TX_ASOS,2/11/2024 20:00,0
PKV,TX_ASOS,2/11/2024 21:00,0
PKV,TX_ASOS,2/11/2024 22:00,0
PKV,TX_ASOS,2/11/2024 23:00,0
PKV,TX_ASOS,2/12/2024 0:00,0
PKV,TX_ASOS,2/12/2024 1:00,0
PKV,TX_ASOS,2/12/2024 2:00,0
PKV,TX_ASOS,2/12/2024 3:00,0
PKV,TX_ASOS,2/12/2024 4:00,0
PKV,TX_ASOS,2/12/2024 5:00,0
PKV,TX_ASOS,2/12/2024 6:00,0
PKV,TX_ASOS,2/12/2024 7:00,0
PKV,TX_ASOS,2/12/2024 8:00,0
PKV,TX_ASOS,2/12/2024 9:00,0
PKV,TX_ASOS,2/12/2024 10:00,0
PKV,TX_ASOS,2/12/2024 11:00,0
PKV,TX_ASOS,2/12/2024 12:00,0
PKV,TX_ASOS,2/12/2024 13:00,0
PKV,TX_ASOS,2/12/2024 14:00,0
PKV,TX_ASOS,2/12/2024 15:00,0
PKV,TX_ASOS,2/12/2024 16:00,0
PKV,TX_ASOS,2/12/2024 17:00,0
PKV,TX_ASOS,2/12/2024 18:00,0
PKV,TX_ASOS,2/12/2024 19:00,0
PKV,TX_ASOS,2/12/2024 20:00,0
PKV,TX_ASOS,2/12/2024 21:00,0
PKV,TX_ASOS,2/12/2024 22:00,0
PKV,TX_ASOS,2/12/2024 23:00,0
PKV,TX_ASOS,2/13/2024 0:00,0
PKV,TX_ASOS,2/13/2024 1:00,0
PKV,TX_ASOS,2/13/2024 2:00,0
PKV,TX_ASOS,2/13/2024 3:00,0
PKV,TX_ASOS,2/13/2024 4:00,0
PKV,TX_ASOS,2/13/2024 5:00,0
PKV,TX_ASOS,2/13/2024 6:00,0
PKV,TX_ASOS,2/13/2024 7:00,0
PKV,TX_ASOS,2/13/2024 8:00,0
PKV,TX_ASOS,2/13/2024 9:00,0
PKV,TX_ASOS,2/13/2024 10:00,0
PKV,TX_ASOS,2/13/2024 11:00,0
PKV,TX_ASOS,2/13/2024 12:00,0
PKV,TX_ASOS,2/13/2024 13:00,0
PKV,TX_ASOS,2/13/2024 14:00,0
PKV,TX_ASOS,2/13/2024 15:00,0
PKV,TX_ASOS,2/13/2024 16:00,0
PKV,TX_ASOS,2/13/2024 17:00,0
PKV,TX_ASOS,2/13/2024 18:00,0
PKV,TX_ASOS,2/13/2024 19:00,0
PKV,TX_ASOS,2/13/2024 20:00,0
PKV,TX_ASOS,2/13/2024 21:00,0
PKV,TX_ASOS,2/13/2024 22:00,0
PKV,TX_ASOS,2/13/2024 23:00,0
PKV,TX_ASOS,2/14/2024 0:00,0
PKV,TX_ASOS,2/14/2024 2:00,0
PKV,TX_ASOS,2/14/2024 3:00,0
PKV,TX_ASOS,2/14/2024 4:00,0
PKV,TX_ASOS,2/14/2024 5:00,0
PKV,TX_ASOS,2/14/2024 6:00,0
PKV,TX_ASOS,2/14/2024 7:00,0
PKV,TX_ASOS,2/14/2024 8:00,0
PKV,TX_ASOS,2/14/2024 9:00,0
PKV,TX_ASOS,2/14/2024 10:00,0
PKV,TX_ASOS,2/14/2024 11:00,0
PKV,TX_ASOS,2/14/2024 12:00,0
PKV,TX_ASOS,2/14/2024 13:00,0
PKV,TX_ASOS,2/14/2024 14:00,0
PKV,TX_ASOS,2/14/2024 15:00,0
PKV,TX_ASOS,2/14/2024 16:00,0
PKV,TX_ASOS,2/14/2024 17:00,0
PKV,TX_ASOS,2/14/2024 18:00,0
PKV,TX_ASOS,2/14/2024 19:00,0
PKV,TX_ASOS,2/14/2024 20:00,0
PKV,TX_ASOS,2/14/2024 21:00,0
PKV,TX_ASOS,2/14/2024 22:00,0
PKV,TX_ASOS,2/14/2024 23:00,0
PKV,TX_ASOS,2/15/2024 0:00,0
PKV,TX_ASOS,2/15/2024 1:00,0
PKV,TX_ASOS,2/15/2024 2:00,0
PKV,TX_ASOS,2/15/2024 3:00,0
PKV,TX_ASOS,2/15/2024 4:00,0
PKV,TX_ASOS,2/15/2024 5:00,0
PKV,TX_ASOS,2/15/2024 6:00,0
PKV,TX_ASOS,2/15/2024 7:00,0
PKV,TX_ASOS,2/15/2024 8:00,0
PKV,TX_ASOS,2/15/2024 9:00,0
PKV,TX_ASOS,2/15/2024 10:00,0
PKV,TX_ASOS,2/15/2024 11:00,0
PKV,TX_ASOS,2/15/2024 12:00,0
PKV,TX_ASOS,2/15/2024 13:00,0
PKV,TX_ASOS,2/15/2024 14:00,0
PKV,TX_ASOS,2/15/2024 15:00,0
PKV,TX_ASOS,2/15/2024 16:00,0
PKV,TX_ASOS,2/15/2024 17:00,0
PKV,TX_ASOS,2/15/2024 18:00,0
PKV,TX_ASOS,2/15/2024 19:00,0
PKV,TX_ASOS,2/15/2024 20:00,0
PKV,TX_ASOS,2/15/2024 21:00,0
PKV,TX_ASOS,2/15/2024 22:00,0
PKV,TX_ASOS,2/15/2024 23:00,0
PKV,TX_ASOS,2/16/2024 0:00,0
PKV,TX_ASOS,2/16/2024 1:00,0
PKV,TX_ASOS,2/16/2024 2:00,0
PKV,TX_ASOS,2/16/2024 3:00,0
PKV,TX_ASOS,2/16/2024 4:00,0
PKV,TX_ASOS,2/16/2024 5:00,0
PKV,TX_ASOS,2/16/2024 6:00,0.01
PKV,TX_ASOS,2/16/2024 7:00,0
PKV,TX_ASOS,2/16/2024 8:00,0.02
PKV,TX_ASOS,2/16/2024 9:00,0.02
PKV,TX_ASOS,2/16/2024 10:00,0.02
PKV,TX_ASOS,2/16/2024 11:00,0.04
PKV,TX_ASOS,2/16/2024 12:00,0.01
PKV,TX_ASOS,2/16/2024 13:00,0
PKV,TX_ASOS,2/16/2024 14:00,0
PKV,TX_ASOS,2/16/2024 15:00,0.03
PKV,TX_ASOS,2/16/2024 16:00,0
PKV,TX_ASOS,2/16/2024 17:00,0
PKV,TX_ASOS,2/16/2024 18:00,0
PKV,TX_ASOS,2/16/2024 19:00,0
PKV,TX_ASOS,2/16/2024 20:00,0
PKV,TX_ASOS,2/16/2024 21:00,0
PKV,TX_ASOS,2/16/2024 22:00,0
PKV,TX_ASOS,2/16/2024 23:00,0
PKV,TX_ASOS,2/17/2024 0:00,0
PKV,TX_ASOS,2/17/2024 1:00,0.01
PKV,TX_ASOS,2/17/2024 2:00,0
PKV,TX_ASOS,2/17/2024 3:00,0
PKV,TX_ASOS,2/17/2024 4:00,0
PKV,TX_ASOS,2/17/2024 5:00,0
PKV,TX_ASOS,2/17/2024 6:00,0
PKV,TX_ASOS,2/17/2024 7:00,0
PKV,TX_ASOS,2/17/2024 8:00,0
PKV,TX_ASOS,2/17/2024 9:00,0
PKV,TX_ASOS,2/17/2024 10:00,0
PKV,TX_ASOS,2/17/2024 11:00,0
PKV,TX_ASOS,2/17/2024 12:00,0
PKV,TX_ASOS,2/17/2024 13:00,0
PKV,TX_ASOS,2/17/2024 14:00,0
PKV,TX_ASOS,2/17/2024 15:00,0
PKV,TX_ASOS,2/17/2024 16:00,0
PKV,TX_ASOS,2/17/2024 17:00,0
PKV,TX_ASOS,2/17/2024 18:00,0
PKV,TX_ASOS,2/17/2024 19:00,0
PKV,TX_ASOS,2/17/2024 20:00,0
PKV,TX_ASOS,2/17/2024 21:00,0
PKV,TX_ASOS,2/17/2024 22:00,0
PKV,TX_ASOS,2/17/2024 23:00,0
PKV,TX_ASOS,2/18/2024 0:00,0
PKV,TX_ASOS,2/18/2024 1:00,0
PKV,TX_ASOS,2/18/2024 2:00,0
PKV,TX_ASOS,2/18/2024 3:00,0
PKV,TX_ASOS,2/18/2024 4:00,0
PKV,TX_ASOS,2/18/2024 5:00,0
PKV,TX_ASOS,2/18/2024 6:00,0
PKV,TX_ASOS,2/18/2024 7:00,0
PKV,TX_ASOS,2/18/2024 8:00,0
PKV,TX_ASOS,2/18/2024 9:00,0
PKV,TX_ASOS,2/18/2024 10:00,0
PKV,TX_ASOS,2/18/2024 11:00,0
PKV,TX_ASOS,2/18/2024 12:00,0
PKV,TX_ASOS,2/18/2024 13:00,0
PKV,TX_ASOS,2/18/2024 14:00,0
PKV,TX_ASOS,2/18/2024 15:00,0
PKV,TX_ASOS,2/18/2024 16:00,0
PKV,TX_ASOS,2/18/2024 17:00,0
PKV,TX_ASOS,2/18/2024 18:00,0
PKV,TX_ASOS,2/18/2024 19:00,0
PKV,TX_ASOS,2/18/2024 20:00,0
PKV,TX_ASOS,2/18/2024 21:00,0
PKV,TX_ASOS,2/18/2024 22:00,0
PKV,TX_ASOS,2/18/2024 23:00,0
PKV,TX_ASOS,2/19/2024 0:00,0
PKV,TX_ASOS,2/19/2024 1:00,0
PKV,TX_ASOS,2/19/2024 2:00,0
PKV,TX_ASOS,2/19/2024 3:00,0
PKV,TX_ASOS,2/19/2024 4:00,0
PKV,TX_ASOS,2/19/2024 5:00,0
PKV,TX_ASOS,2/19/2024 6:00,0
PKV,TX_ASOS,2/19/2024 7:00,0
PKV,TX_ASOS,2/19/2024 8:00,0
PKV,TX_ASOS,2/19/2024 9:00,0
PKV,TX_ASOS,2/19/2024 10:00,0
PKV,TX_ASOS,2/19/2024 11:00,0
PKV,TX_ASOS,2/19/2024 12:00,0
PKV,TX_ASOS,2/19/2024 13:00,0
PKV,TX_ASOS,2/19/2024 14:00,0
PKV,TX_ASOS,2/19/2024 15:00,0
PKV,TX_ASOS,2/19/2024 16:00,0
PKV,TX_ASOS,2/19/2024 17:00,0
PKV,TX_ASOS,2/19/2024 18:00,0
PKV,TX_ASOS,2/19/2024 19:00,0
PKV,TX_ASOS,2/19/2024 20:00,0
PKV,TX_ASOS,2/19/2024 21:00,0
PKV,TX_ASOS,2/19/2024 22:00,0
PKV,TX_ASOS,2/19/2024 23:00,0
PKV,TX_ASOS,2/20/2024 0:00,0
PKV,TX_ASOS,2/20/2024 1:00,0
PKV,TX_ASOS,2/20/2024 2:00,0
PKV,TX_ASOS,2/20/2024 3:00,0
PKV,TX_ASOS,2/20/2024 4:00,0
PKV,TX_ASOS,2/20/2024 5:00,0
PKV,TX_ASOS,2/20/2024 6:00,0
PKV,TX_ASOS,2/20/2024 7:00,0
PKV,TX_ASOS,2/20/2024 8:00,0
PKV,TX_ASOS,2/20/2024 9:00,0
PKV,TX_ASOS,2/20/2024 10:00,0
PKV,TX_ASOS,2/20/2024 11:00,0
PKV,TX_ASOS,2/20/2024 12:00,0
PKV,TX_ASOS,2/20/2024 13:00,0
PKV,TX_ASOS,2/20/2024 14:00,0
PKV,TX_ASOS,2/20/2024 15:00,0
PKV,TX_ASOS,2/20/2024 16:00,0
PKV,TX_ASOS,2/20/2024 17:00,0
PKV,TX_ASOS,2/20/2024 18:00,0
PKV,TX_ASOS,2/20/2024 19:00,0
PKV,TX_ASOS,2/20/2024 20:00,0
PKV,TX_ASOS,2/20/2024 21:00,0
PKV,TX_ASOS,2/20/2024 22:00,0
PKV,TX_ASOS,2/20/2024 23:00,0
PKV,TX_ASOS,2/21/2024 0:00,0
PKV,TX_ASOS,2/21/2024 1:00,0
PKV,TX_ASOS,2/21/2024 2:00,0
PKV,TX_ASOS,2/21/2024 3:00,0
PKV,TX_ASOS,2/21/2024 4:00,0
PKV,TX_ASOS,2/21/2024 5:00,0
PKV,TX_ASOS,2/21/2024 6:00,0
PKV,TX_ASOS,2/21/2024 7:00,0
PKV,TX_ASOS,2/21/2024 8:00,0
PKV,TX_ASOS,2/21/2024 9:00,0
PKV,TX_ASOS,2/21/2024 10:00,0
PKV,TX_ASOS,2/21/2024 11:00,0
PKV,TX_ASOS,2/21/2024 12:00,0
PKV,TX_ASOS,2/21/2024 13:00,0
PKV,TX_ASOS,2/21/2024 14:00,0
PKV,TX_ASOS,2/21/2024 15:00,0
PKV,TX_ASOS,2/21/2024 16:00,0
PKV,TX_ASOS,2/21/2024 17:00,0
PKV,TX_ASOS,2/21/2024 18:00,0
PKV,TX_ASOS,2/21/2024 19:00,0
PKV,TX_ASOS,2/21/2024 20:00,0
PKV,TX_ASOS,2/21/2024 21:00,0
PKV,TX_ASOS,2/21/2024 22:00,0
PKV,TX_ASOS,2/21/2024 23:00,0
PKV,TX_ASOS,2/22/2024 0:00,0
PKV,TX_ASOS,2/22/2024 2:00,0
PKV,TX_ASOS,2/22/2024 3:00,0
PKV,TX_ASOS,2/22/2024 4:00,0
PKV,TX_ASOS,2/22/2024 5:00,0
PKV,TX_ASOS,2/22/2024 6:00,0
PKV,TX_ASOS,2/22/2024 7:00,0
PKV,TX_ASOS,2/22/2024 8:00,0
PKV,TX_ASOS,2/22/2024 9:00,0
PKV,TX_ASOS,2/22/2024 10:00,0
PKV,TX_ASOS,2/22/2024 11:00,0
PKV,TX_ASOS,2/22/2024 12:00,0
PKV,TX_ASOS,2/22/2024 13:00,0
PKV,TX_ASOS,2/22/2024 14:00,0
PKV,TX_ASOS,2/22/2024 15:00,0
PKV,TX_ASOS,2/22/2024 16:00,0
PKV,TX_ASOS,2/22/2024 17:00,0
PKV,TX_ASOS,2/22/2024 18:00,0
PKV,TX_ASOS,2/22/2024 19:00,0
PKV,TX_ASOS,2/22/2024 20:00,0
PKV,TX_ASOS,2/22/2024 21:00,0
PKV,TX_ASOS,2/22/2024 22:00,0
PKV,TX_ASOS,2/22/2024 23:00,0
PKV,TX_ASOS,2/23/2024 0:00,0
PKV,TX_ASOS,2/23/2024 1:00,0
PKV,TX_ASOS,2/23/2024 2:00,0
PKV,TX_ASOS,2/23/2024 3:00,0
PKV,TX_ASOS,2/23/2024 4:00,0
PKV,TX_ASOS,2/23/2024 5:00,0
PKV,TX_ASOS,2/23/2024 6:00,0
PKV,TX_ASOS,2/23/2024 7:00,0
PKV,TX_ASOS,2/23/2024 8:00,0
PKV,TX_ASOS,2/23/2024 9:00,0
PKV,TX_ASOS,2/23/2024 10:00,0
PKV,TX_ASOS,2/23/2024 11:00,0
PKV,TX_ASOS,2/23/2024 12:00,0
PKV,TX_ASOS,2/23/2024 13:00,0
PKV,TX_ASOS,2/23/2024 14:00,0
PKV,TX_ASOS,2/23/2024 15:00,0
PKV,TX_ASOS,2/23/2024 16:00,0
PKV,TX_ASOS,2/23/2024 17:00,0
PKV,TX_ASOS,2/23/2024 18:00,0
PKV,TX_ASOS,2/23/2024 19:00,0
PKV,TX_ASOS,2/23/2024 20:00,0
PKV,TX_ASOS,2/23/2024 21:00,0
PKV,TX_ASOS,2/23/2024 22:00,0
PKV,TX_ASOS,2/23/2024 23:00,0
PKV,TX_ASOS,2/24/2024 0:00,0
PKV,TX_ASOS,2/24/2024 1:00,0
PKV,TX_ASOS,2/24/2024 2:00,0
PKV,TX_ASOS,2/24/2024 3:00,0
PKV,TX_ASOS,2/24/2024 4:00,0
PKV,TX_ASOS,2/24/2024 5:00,0
PKV,TX_ASOS,2/24/2024 6:00,0
PKV,TX_ASOS,2/24/2024 7:00,0
PKV,TX_ASOS,2/24/2024 8:00,0
PKV,TX_ASOS,2/24/2024 9:00,0
PKV,TX_ASOS,2/24/2024 10:00,0
PKV,TX_ASOS,2/24/2024 11:00,0
PKV,TX_ASOS,2/24/2024 12:00,0
PKV,TX_ASOS,2/24/2024 13:00,0
PKV,TX_ASOS,2/24/2024 14:00,0
PKV,TX_ASOS,2/24/2024 15:00,0
PKV,TX_ASOS,2/24/2024 16:00,0
PKV,TX_ASOS,2/24/2024 17:00,0
PKV,TX_ASOS,2/24/2024 18:00,0
PKV,TX_ASOS,2/24/2024 19:00,0
PKV,TX_ASOS,2/24/2024 20:00,0
PKV,TX_ASOS,2/24/2024 21:00,0
PKV,TX_ASOS,2/24/2024 22:00,0
PKV,TX_ASOS,2/24/2024 23:00,0
PKV,TX_ASOS,2/25/2024 0:00,0
PKV,TX_ASOS,2/25/2024 1:00,0
PKV,TX_ASOS,2/25/2024 2:00,0
PKV,TX_ASOS,2/25/2024 3:00,0
PKV,TX_ASOS,2/25/2024 4:00,0
PKV,TX_ASOS,2/25/2024 5:00,0
PKV,TX_ASOS,2/25/2024 6:00,0
PKV,TX_ASOS,2/25/2024 7:00,0
PKV,TX_ASOS,2/25/2024 8:00,0
PKV,TX_ASOS,2/25/2024 9:00,0
PKV,TX_ASOS,2/25/2024 10:00,0
PKV,TX_ASOS,2/25/2024 11:00,0
PKV,TX_ASOS,2/25/2024 12:00,0
PKV,TX_ASOS,2/25/2024 13:00,0
PKV,TX_ASOS,2/25/2024 14:00,0
PKV,TX_ASOS,2/25/2024 15:00,0
PKV,TX_ASOS,2/25/2024 16:00,0
PKV,TX_ASOS,2/25/2024 17:00,0
PKV,TX_ASOS,2/25/2024 18:00,0
PKV,TX_ASOS,2/25/2024 19:00,0
PKV,TX_ASOS,2/25/2024 20:00,0
PKV,TX_ASOS,2/25/2024 21:00,0
PKV,TX_ASOS,2/25/2024 22:00,0
PKV,TX_ASOS,2/25/2024 23:00,0
PKV,TX_ASOS,2/26/2024 0:00,0
PKV,TX_ASOS,2/26/2024 1:00,0
PKV,TX_ASOS,2/26/2024 2:00,0
PKV,TX_ASOS,2/26/2024 3:00,0
PKV,TX_ASOS,2/26/2024 4:00,0
PKV,TX_ASOS,2/26/2024 5:00,0
PKV,TX_ASOS,2/26/2024 6:00,0
PKV,TX_ASOS,2/26/2024 7:00,0
PKV,TX_ASOS,2/26/2024 8:00,0
PKV,TX_ASOS,2/26/2024 9:00,0
PKV,TX_ASOS,2/26/2024 10:00,0
PKV,TX_ASOS,2/26/2024 11:00,0
PKV,TX_ASOS,2/26/2024 12:00,0
PKV,TX_ASOS,2/26/2024 13:00,0
PKV,TX_ASOS,2/26/2024 14:00,0
PKV,TX_ASOS,2/26/2024 15:00,0
PKV,TX_ASOS,2/26/2024 16:00,0
PKV,TX_ASOS,2/26/2024 17:00,0
PKV,TX_ASOS,2/26/2024 18:00,0
PKV,TX_ASOS,2/26/2024 21:00,0
PKV,TX_ASOS,2/26/2024 22:00,0
PKV,TX_ASOS,2/26/2024 23:00,0
PKV,TX_ASOS,2/27/2024 0:00,0
PKV,TX_ASOS,2/27/2024 1:00,0
PKV,TX_ASOS,2/27/2024 2:00,0
PKV,TX_ASOS,2/27/2024 3:00,0
PKV,TX_ASOS,2/27/2024 4:00,0
PKV,TX_ASOS,2/27/2024 5:00,0
PKV,TX_ASOS,2/27/2024 6:00,0
PKV,TX_ASOS,2/27/2024 7:00,0
PKV,TX_ASOS,2/27/2024 8:00,0
PKV,TX_ASOS,2/27/2024 9:00,0
PKV,TX_ASOS,2/27/2024 10:00,0
PKV,TX_ASOS,2/27/2024 11:00,0
PKV,TX_ASOS,2/27/2024 12:00,0
PKV,TX_ASOS,2/27/2024 13:00,0
PKV,TX_ASOS,2/27/2024 14:00,0
PKV,TX_ASOS,2/27/2024 15:00,0
PKV,TX_ASOS,2/27/2024 16:00,0
PKV,TX_ASOS,2/27/2024 17:00,0
PKV,TX_ASOS,2/27/2024 18:00,0
PKV,TX_ASOS,2/27/2024 19:00,0
PKV,TX_ASOS,2/27/2024 20:00,0
PKV,TX_ASOS,2/27/2024 21:00,0
PKV,TX_ASOS,2/27/2024 22:00,0
PKV,TX_ASOS,2/27/2024 23:00,0
PKV,TX_ASOS,2/28/2024 5:00,0
PKV,TX_ASOS,2/28/2024 6:00,0
PKV,TX_ASOS,2/28/2024 7:00,0
PKV,TX_ASOS,2/28/2024 8:00,0
PKV,TX_ASOS,2/28/2024 9:00,0
PKV,TX_ASOS,2/28/2024 10:00,0
PKV,TX_ASOS,2/28/2024 11:00,0
PKV,TX_ASOS,2/28/2024 12:00,0
PKV,TX_ASOS,2/28/2024 13:00,0
PKV,TX_ASOS,2/28/2024 14:00,0
PKV,TX_ASOS,2/28/2024 15:00,0
PKV,TX_ASOS,2/28/2024 16:00,0
PKV,TX_ASOS,2/28/2024 17:00,0
PKV,TX_ASOS,2/28/2024 18:00,0
PKV,TX_ASOS,2/28/2024 19:00,0
PKV,TX_ASOS,2/28/2024 20:00,0
PKV,TX_ASOS,2/28/2024 21:00,0
PKV,TX_ASOS,2/28/2024 22:00,0
PKV,TX_ASOS,2/28/2024 23:00,0
PKV,TX_ASOS,2/29/2024 0:00,0
PKV,TX_ASOS,2/29/2024 1:00,0
PKV,TX_ASOS,2/29/2024 2:00,0
PKV,TX_ASOS,2/29/2024 3:00,0
PKV,TX_ASOS,2/29/2024 4:00,0
PKV,TX_ASOS,2/29/2024 5:00,0
PKV,TX_ASOS,2/29/2024 6:00,0
PKV,TX_ASOS,2/29/2024 7:00,0
PKV,TX_ASOS,2/29/2024 8:00,0
PKV,TX_ASOS,2/29/2024 9:00,0
PKV,TX_ASOS,2/29/2024 10:00,0
PKV,TX_ASOS,2/29/2024 11:00,0
PKV,TX_ASOS,2/29/2024 12:00,0
PKV,TX_ASOS,2/29/2024 13:00,0
PKV,TX_ASOS,2/29/2024 14:00,0
PKV,TX_ASOS,2/29/2024 15:00,0
PKV,TX_ASOS,2/29/2024 16:00,0
PKV,TX_ASOS,2/29/2024 17:00,0
PKV,TX_ASOS,2/29/2024 18:00,0
PKV,TX_ASOS,2/29/2024 19:00,0
PKV,TX_ASOS,2/29/2024 20:00,0
PKV,TX_ASOS,2/29/2024 21:00,0
PKV,TX_ASOS,2/29/2024 22:00,0
PKV,TX_ASOS,2/29/2024 23:00,0
PKV,TX_ASOS,3/1/2024 0:00,0
PKV,TX_ASOS,3/1/2024 1:00,0
PKV,TX_ASOS,3/1/2024 2:00,0
PKV,TX_ASOS,3/1/2024 3:00,0
PKV,TX_ASOS,3/1/2024 4:00,0
PKV,TX_ASOS,3/1/2024 5:00,0
PKV,TX_ASOS,3/1/2024 6:00,0
PKV,TX_ASOS,3/1/2024 7:00,0
PKV,TX_ASOS,3/1/2024 8:00,0
PKV,TX_ASOS,3/1/2024 9:00,0
PKV,TX_ASOS,3/1/2024 10:00,0
PKV,TX_ASOS,3/1/2024 11:00,0
PKV,TX_ASOS,3/1/2024 12:00,0
PKV,TX_ASOS,3/1/2024 13:00,0
PKV,TX_ASOS,3/1/2024 14:00,0
PKV,TX_ASOS,3/1/2024 15:00,0
PKV,TX_ASOS,3/1/2024 16:00,0
PKV,TX_ASOS,3/1/2024 17:00,0
PKV,TX_ASOS,3/1/2024 19:00,0
PKV,TX_ASOS,3/1/2024 20:00,0
PKV,TX_ASOS,3/1/2024 21:00,0
PKV,TX_ASOS,3/1/2024 22:00,0
PKV,TX_ASOS,3/1/2024 23:00,0
PKV,TX_ASOS,3/2/2024 0:00,0
PKV,TX_ASOS,3/2/2024 1:00,0
PKV,TX_ASOS,3/2/2024 2:00,0
PKV,TX_ASOS,3/2/2024 3:00,0
PKV,TX_ASOS,3/2/2024 4:00,0
PKV,TX_ASOS,3/2/2024 5:00,0
PKV,TX_ASOS,3/2/2024 6:00,0
PKV,TX_ASOS,3/2/2024 7:00,0
PKV,TX_ASOS,3/2/2024 8:00,0
PKV,TX_ASOS,3/2/2024 9:00,0
PKV,TX_ASOS,3/2/2024 10:00,0
PKV,TX_ASOS,3/2/2024 11:00,0
PKV,TX_ASOS,3/2/2024 12:00,0
PKV,TX_ASOS,3/2/2024 13:00,0
PKV,TX_ASOS,3/2/2024 14:00,0
PKV,TX_ASOS,3/2/2024 15:00,0
PKV,TX_ASOS,3/2/2024 16:00,0
PKV,TX_ASOS,3/2/2024 17:00,0
PKV,TX_ASOS,3/2/2024 18:00,0
PKV,TX_ASOS,3/2/2024 19:00,0
PKV,TX_ASOS,3/2/2024 20:00,0
PKV,TX_ASOS,3/2/2024 21:00,0
PKV,TX_ASOS,3/2/2024 22:00,0
PKV,TX_ASOS,3/2/2024 23:00,0
PKV,TX_ASOS,3/3/2024 0:00,0
PKV,TX_ASOS,3/3/2024 1:00,0
PKV,TX_ASOS,3/3/2024 2:00,0
PKV,TX_ASOS,3/3/2024 3:00,0
PKV,TX_ASOS,3/3/2024 4:00,0
PKV,TX_ASOS,3/3/2024 5:00,0
PKV,TX_ASOS,3/3/2024 6:00,0
PKV,TX_ASOS,3/3/2024 7:00,0
PKV,TX_ASOS,3/3/2024 8:00,0
PKV,TX_ASOS,3/3/2024 9:00,0
PKV,TX_ASOS,3/3/2024 10:00,0
PKV,TX_ASOS,3/3/2024 11:00,0
PKV,TX_ASOS,3/3/2024 12:00,0
PKV,TX_ASOS,3/3/2024 13:00,0
PKV,TX_ASOS,3/3/2024 14:00,0
PKV,TX_ASOS,3/3/2024 15:00,0
PKV,TX_ASOS,3/3/2024 16:00,0
PKV,TX_ASOS,3/3/2024 17:00,0
PKV,TX_ASOS,3/3/2024 18:00,0
PKV,TX_ASOS,3/3/2024 19:00,0
PKV,TX_ASOS,3/3/2024 20:00,0
PKV,TX_ASOS,3/3/2024 21:00,0
PKV,TX_ASOS,3/3/2024 22:00,0
PKV,TX_ASOS,3/3/2024 23:00,0
PKV,TX_ASOS,3/4/2024 0:00,0
PKV,TX_ASOS,3/4/2024 1:00,0
PKV,TX_ASOS,3/4/2024 2:00,0
PKV,TX_ASOS,3/4/2024 3:00,0
PKV,TX_ASOS,3/4/2024 4:00,0
PKV,TX_ASOS,3/4/2024 5:00,0
PKV,TX_ASOS,3/4/2024 6:00,0
PKV,TX_ASOS,3/4/2024 7:00,0
PKV,TX_ASOS,3/4/2024 8:00,0
PKV,TX_ASOS,3/4/2024 9:00,0
PKV,TX_ASOS,3/4/2024 10:00,0
PKV,TX_ASOS,3/4/2024 11:00,0
PKV,TX_ASOS,3/4/2024 12:00,0
PKV,TX_ASOS,3/4/2024 13:00,0
PKV,TX_ASOS,3/4/2024 14:00,0
PKV,TX_ASOS,3/4/2024 15:00,0
PKV,TX_ASOS,3/4/2024 16:00,0
PKV,TX_ASOS,3/4/2024 17:00,0
PKV,TX_ASOS,3/4/2024 18:00,0
PKV,TX_ASOS,3/4/2024 19:00,0
PKV,TX_ASOS,3/4/2024 20:00,0
PKV,TX_ASOS,3/4/2024 21:00,0
PKV,TX_ASOS,3/4/2024 22:00,0
PKV,TX_ASOS,3/4/2024 23:00,0
PKV,TX_ASOS,3/5/2024 0:00,0
PKV,TX_ASOS,3/5/2024 1:00,0
PKV,TX_ASOS,3/5/2024 2:00,0
PKV,TX_ASOS,3/5/2024 3:00,0
PKV,TX_ASOS,3/5/2024 4:00,0
PKV,TX_ASOS,3/5/2024 5:00,0
PKV,TX_ASOS,3/5/2024 6:00,0
PKV,TX_ASOS,3/5/2024 7:00,0
PKV,TX_ASOS,3/5/2024 8:00,0
PKV,TX_ASOS,3/5/2024 9:00,0
PKV,TX_ASOS,3/5/2024 10:00,0
PKV,TX_ASOS,3/5/2024 11:00,0
PKV,TX_ASOS,3/5/2024 12:00,0
PKV,TX_ASOS,3/5/2024 13:00,0
PKV,TX_ASOS,3/5/2024 14:00,0
PKV,TX_ASOS,3/5/2024 15:00,0
PKV,TX_ASOS,3/5/2024 16:00,0
PKV,TX_ASOS,3/5/2024 17:00,0
PKV,TX_ASOS,3/5/2024 18:00,0
PKV,TX_ASOS,3/5/2024 19:00,0
PKV,TX_ASOS,3/5/2024 20:00,0
PKV,TX_ASOS,3/5/2024 21:00,0
PKV,TX_ASOS,3/5/2024 22:00,0
PKV,TX_ASOS,3/5/2024 23:00,0
PKV,TX_ASOS,3/6/2024 0:00,0
PKV,TX_ASOS,3/6/2024 7:00,0
PKV,TX_ASOS,3/6/2024 8:00,0
PKV,TX_ASOS,3/6/2024 9:00,0
PKV,TX_ASOS,3/6/2024 10:00,0
PKV,TX_ASOS,3/6/2024 11:00,0
PKV,TX_ASOS,3/6/2024 12:00,0
PKV,TX_ASOS,3/6/2024 13:00,0
PKV,TX_ASOS,3/6/2024 14:00,0
PKV,TX_ASOS,3/6/2024 15:00,0
PKV,TX_ASOS,3/6/2024 16:00,0
PKV,TX_ASOS,3/6/2024 17:00,0
PKV,TX_ASOS,3/6/2024 18:00,0
PKV,TX_ASOS,3/6/2024 19:00,0
PKV,TX_ASOS,3/6/2024 20:00,0
PKV,TX_ASOS,3/6/2024 21:00,0
PKV,TX_ASOS,3/6/2024 22:00,0
PKV,TX_ASOS,3/6/2024 23:00,0
PKV,TX_ASOS,3/7/2024 0:00,0
PKV,TX_ASOS,3/7/2024 1:00,0
PKV,TX_ASOS,3/7/2024 2:00,0
PKV,TX_ASOS,3/7/2024 3:00,0
PKV,TX_ASOS,3/7/2024 4:00,0
PKV,TX_ASOS,3/7/2024 5:00,0
PKV,TX_ASOS,3/7/2024 6:00,0
PKV,TX_ASOS,3/7/2024 7:00,0
PKV,TX_ASOS,3/7/2024 8:00,0
PKV,TX_ASOS,3/7/2024 9:00,0
PKV,TX_ASOS,3/7/2024 10:00,0
PKV,TX_ASOS,3/7/2024 11:00,0
PKV,TX_ASOS,3/7/2024 12:00,0
PKV,TX_ASOS,3/7/2024 13:00,0
PKV,TX_ASOS,3/7/2024 14:00,0
PKV,TX_ASOS,3/7/2024 15:00,0
PKV,TX_ASOS,3/7/2024 16:00,0
PKV,TX_ASOS,3/7/2024 18:00,0
PKV,TX_ASOS,3/7/2024 19:00,0
PKV,TX_ASOS,3/7/2024 20:00,0
PKV,TX_ASOS,3/7/2024 21:00,0
PKV,TX_ASOS,3/7/2024 22:00,0
PKV,TX_ASOS,3/7/2024 23:00,0
PKV,TX_ASOS,3/8/2024 0:00,0
PKV,TX_ASOS,3/8/2024 1:00,0
PKV,TX_ASOS,3/8/2024 2:00,0
PKV,TX_ASOS,3/8/2024 3:00,0
PKV,TX_ASOS,3/8/2024 4:00,0
PKV,TX_ASOS,3/8/2024 5:00,0
PKV,TX_ASOS,3/8/2024 6:00,0
PKV,TX_ASOS,3/8/2024 7:00,0
PKV,TX_ASOS,3/8/2024 8:00,0
PKV,TX_ASOS,3/8/2024 9:00,0
PKV,TX_ASOS,3/8/2024 10:00,0
PKV,TX_ASOS,3/8/2024 11:00,0
PKV,TX_ASOS,3/8/2024 12:00,0
PKV,TX_ASOS,3/8/2024 13:00,0
PKV,TX_ASOS,3/8/2024 14:00,0
PKV,TX_ASOS,3/8/2024 15:00,0
PKV,TX_ASOS,3/8/2024 16:00,0
PKV,TX_ASOS,3/8/2024 17:00,0
PKV,TX_ASOS,3/8/2024 18:00,0
PKV,TX_ASOS,3/8/2024 19:00,0
PKV,TX_ASOS,3/8/2024 20:00,0
PKV,TX_ASOS,3/8/2024 21:00,0
PKV,TX_ASOS,3/8/2024 22:00,0
PKV,TX_ASOS,3/9/2024 1:00,0
PKV,TX_ASOS,3/9/2024 6:00,0
PKV,TX_ASOS,3/9/2024 8:00,0
PKV,TX_ASOS,3/9/2024 9:00,0
PKV,TX_ASOS,3/9/2024 10:00,0
PKV,TX_ASOS,3/9/2024 11:00,0
PKV,TX_ASOS,3/9/2024 12:00,0
PKV,TX_ASOS,3/9/2024 13:00,0
PKV,TX_ASOS,3/9/2024 14:00,0
PKV,TX_ASOS,3/9/2024 15:00,0
PKV,TX_ASOS,3/9/2024 16:00,0
PKV,TX_ASOS,3/9/2024 17:00,0
PKV,TX_ASOS,3/9/2024 18:00,0
PKV,TX_ASOS,3/9/2024 19:00,0
PKV,TX_ASOS,3/9/2024 20:00,0
PKV,TX_ASOS,3/9/2024 21:00,0
PKV,TX_ASOS,3/9/2024 22:00,0
PKV,TX_ASOS,3/9/2024 23:00,0
PKV,TX_ASOS,3/10/2024 0:00,0
PKV,TX_ASOS,3/10/2024 1:00,0
PKV,TX_ASOS,3/10/2024 3:00,0
PKV,TX_ASOS,3/10/2024 4:00,0
PKV,TX_ASOS,3/10/2024 5:00,0
PKV,TX_ASOS,3/10/2024 6:00,0
PKV,TX_ASOS,3/10/2024 7:00,0
PKV,TX_ASOS,3/10/2024 8:00,0
PKV,TX_ASOS,3/10/2024 9:00,0
PKV,TX_ASOS,3/10/2024 10:00,0
PKV,TX_ASOS,3/10/2024 11:00,0
PKV,TX_ASOS,3/10/2024 12:00,0
PKV,TX_ASOS,3/10/2024 13:00,0
PKV,TX_ASOS,3/10/2024 14:00,0
PKV,TX_ASOS,3/10/2024 15:00,0
PKV,TX_ASOS,3/10/2024 16:00,0
PKV,TX_ASOS,3/10/2024 17:00,0
PKV,TX_ASOS,3/10/2024 18:00,0
PKV,TX_ASOS,3/10/2024 19:00,0
PKV,TX_ASOS,3/10/2024 20:00,0
PKV,TX_ASOS,3/10/2024 21:00,0
PKV,TX_ASOS,3/10/2024 22:00,0
PKV,TX_ASOS,3/10/2024 23:00,0
PKV,TX_ASOS,3/11/2024 0:00,0
PKV,TX_ASOS,3/11/2024 1:00,0
PKV,TX_ASOS,3/11/2024 2:00,0
PKV,TX_ASOS,3/11/2024 3:00,0
PKV,TX_ASOS,3/11/2024 4:00,0
PKV,TX_ASOS,3/11/2024 5:00,0
PKV,TX_ASOS,3/11/2024 6:00,0
PKV,TX_ASOS,3/11/2024 7:00,0
PKV,TX_ASOS,3/11/2024 8:00,0
PKV,TX_ASOS,3/11/2024 9:00,0
PKV,TX_ASOS,3/11/2024 10:00,0
PKV,TX_ASOS,3/11/2024 11:00,0
PKV,TX_ASOS,3/11/2024 12:00,0
PKV,TX_ASOS,3/11/2024 13:00,0
PKV,TX_ASOS,3/11/2024 14:00,0
PKV,TX_ASOS,3/11/2024 15:00,0
PKV,TX_ASOS,3/11/2024 16:00,0
PKV,TX_ASOS,3/11/2024 17:00,0
PKV,TX_ASOS,3/11/2024 18:00,0
PKV,TX_ASOS,3/11/2024 19:00,0
PKV,TX_ASOS,3/11/2024 20:00,0
PKV,TX_ASOS,3/11/2024 21:00,0
PKV,TX_ASOS,3/11/2024 22:00,0
PKV,TX_ASOS,3/11/2024 23:00,0
PKV,TX_ASOS,3/12/2024 0:00,0
PKV,TX_ASOS,3/12/2024 1:00,0
PKV,TX_ASOS,3/12/2024 2:00,0
PKV,TX_ASOS,3/12/2024 3:00,0
PKV,TX_ASOS,3/12/2024 4:00,0
PKV,TX_ASOS,3/12/2024 5:00,0
PKV,TX_ASOS,3/12/2024 6:00,0
PKV,TX_ASOS,3/12/2024 7:00,0
PKV,TX_ASOS,3/12/2024 8:00,0
PKV,TX_ASOS,3/12/2024 9:00,0
PKV,TX_ASOS,3/12/2024 10:00,0
PKV,TX_ASOS,3/12/2024 11:00,0
PKV,TX_ASOS,3/12/2024 12:00,0
PKV,TX_ASOS,3/12/2024 13:00,0
PKV,TX_ASOS,3/12/2024 14:00,0
PKV,TX_ASOS,3/12/2024 15:00,0
PKV,TX_ASOS,3/12/2024 16:00,0
PKV,TX_ASOS,3/12/2024 17:00,0
PKV,TX_ASOS,3/12/2024 18:00,0
PKV,TX_ASOS,3/12/2024 23:00,0
PKV,TX_ASOS,3/13/2024 0:00,0
PKV,TX_ASOS,3/13/2024 1:00,0
PKV,TX_ASOS,3/13/2024 2:00,0
PKV,TX_ASOS,3/13/2024 6:00,0
PKV,TX_ASOS,3/13/2024 7:00,0
PKV,TX_ASOS,3/13/2024 8:00,0
PKV,TX_ASOS,3/13/2024 9:00,0
PKV,TX_ASOS,3/13/2024 10:00,0
PKV,TX_ASOS,3/13/2024 11:00,0
PKV,TX_ASOS,3/13/2024 12:00,0
PKV,TX_ASOS,3/13/2024 13:00,0
PKV,TX_ASOS,3/13/2024 14:00,0
PKV,TX_ASOS,3/13/2024 15:00,0
PKV,TX_ASOS,3/13/2024 16:00,0
PKV,TX_ASOS,3/13/2024 17:00,0
PKV,TX_ASOS,3/13/2024 18:00,0
PKV,TX_ASOS,3/13/2024 19:00,0
PKV,TX_ASOS,3/13/2024 20:00,0
PKV,TX_ASOS,3/13/2024 21:00,0
PKV,TX_ASOS,3/13/2024 22:00,0
PKV,TX_ASOS,3/13/2024 23:00,0
PKV,TX_ASOS,3/14/2024 0:00,0
PKV,TX_ASOS,3/14/2024 2:00,0
PKV,TX_ASOS,3/14/2024 3:00,0
PKV,TX_ASOS,3/14/2024 4:00,0
PKV,TX_ASOS,3/14/2024 5:00,0
PKV,TX_ASOS,3/14/2024 6:00,0
PKV,TX_ASOS,3/14/2024 7:00,0
PKV,TX_ASOS,3/14/2024 8:00,0
PKV,TX_ASOS,3/14/2024 9:00,0
PKV,TX_ASOS,3/14/2024 10:00,0
PKV,TX_ASOS,3/14/2024 11:00,0
PKV,TX_ASOS,3/14/2024 12:00,0
PKV,TX_ASOS,3/14/2024 13:00,0
PKV,TX_ASOS,3/14/2024 14:00,0
PKV,TX_ASOS,3/14/2024 15:00,0
PKV,TX_ASOS,3/14/2024 16:00,0
PKV,TX_ASOS,3/14/2024 17:00,0
PKV,TX_ASOS,3/14/2024 18:00,0
PKV,TX_ASOS,3/14/2024 19:00,0
PKV,TX_ASOS,3/14/2024 20:00,0
PKV,TX_ASOS,3/14/2024 21:00,0
PKV,TX_ASOS,3/14/2024 22:00,0
PKV,TX_ASOS,3/14/2024 23:00,0
PKV,TX_ASOS,3/15/2024 0:00,0
PKV,TX_ASOS,3/15/2024 1:00,0
PKV,TX_ASOS,3/15/2024 2:00,0
PKV,TX_ASOS,3/15/2024 3:00,0
PKV,TX_ASOS,3/15/2024 4:00,0
PKV,TX_ASOS,3/15/2024 5:00,0
PKV,TX_ASOS,3/15/2024 6:00,0
PKV,TX_ASOS,3/15/2024 7:00,0
PKV,TX_ASOS,3/15/2024 8:00,0
PKV,TX_ASOS,3/15/2024 9:00,0
PKV,TX_ASOS,3/15/2024 10:00,0
PKV,TX_ASOS,3/15/2024 11:00,0
PKV,TX_ASOS,3/15/2024 12:00,0
PKV,TX_ASOS,3/15/2024 13:00,0
PKV,TX_ASOS,3/15/2024 14:00,0
PKV,TX_ASOS,3/15/2024 15:00,0
PKV,TX_ASOS,3/15/2024 16:00,0
PKV,TX_ASOS,3/15/2024 17:00,0
PKV,TX_ASOS,3/15/2024 18:00,0
PKV,TX_ASOS,3/15/2024 19:00,0
PKV,TX_ASOS,3/15/2024 20:00,0
PKV,TX_ASOS,3/15/2024 21:00,0
PKV,TX_ASOS,3/15/2024 22:00,0
PKV,TX_ASOS,3/15/2024 23:00,0
PKV,TX_ASOS,3/16/2024 0:00,0
PKV,TX_ASOS,3/16/2024 1:00,0
PKV,TX_ASOS,3/16/2024 2:00,0.1
PKV,TX_ASOS,3/16/2024 3:00,0
PKV,TX_ASOS,3/16/2024 4:00,0
PKV,TX_ASOS,3/16/2024 5:00,0
PKV,TX_ASOS,3/16/2024 6:00,0
PKV,TX_ASOS,3/16/2024 7:00,0
PKV,TX_ASOS,3/16/2024 8:00,0
PKV,TX_ASOS,3/16/2024 9:00,0
PKV,TX_ASOS,3/16/2024 10:00,0
PKV,TX_ASOS,3/16/2024 11:00,0
PKV,TX_ASOS,3/16/2024 12:00,0
PKV,TX_ASOS,3/16/2024 13:00,0
PKV,TX_ASOS,3/16/2024 14:00,0
PKV,TX_ASOS,3/16/2024 15:00,0
PKV,TX_ASOS,3/16/2024 16:00,0
PKV,TX_ASOS,3/16/2024 17:00,0
PKV,TX_ASOS,3/16/2024 18:00,0
PKV,TX_ASOS,3/16/2024 19:00,0
PKV,TX_ASOS,3/16/2024 20:00,0
PKV,TX_ASOS,3/16/2024 21:00,0
PKV,TX_ASOS,3/16/2024 22:00,0
PKV,TX_ASOS,3/16/2024 23:00,0
PKV,TX_ASOS,3/17/2024 0:00,0
PKV,TX_ASOS,3/17/2024 1:00,0
PKV,TX_ASOS,3/17/2024 2:00,0.11
PKV,TX_ASOS,3/17/2024 3:00,0.19
PKV,TX_ASOS,3/17/2024 4:00,0.09
PKV,TX_ASOS,3/17/2024 5:00,0.11
PKV,TX_ASOS,3/17/2024 6:00,0
PKV,TX_ASOS,3/17/2024 7:00,0
PKV,TX_ASOS,3/17/2024 8:00,0
PKV,TX_ASOS,3/17/2024 9:00,0
PKV,TX_ASOS,3/17/2024 10:00,0
PKV,TX_ASOS,3/17/2024 11:00,0.01
PKV,TX_ASOS,3/17/2024 12:00,0
PKV,TX_ASOS,3/17/2024 13:00,0
PKV,TX_ASOS,3/17/2024 14:00,0
PKV,TX_ASOS,3/17/2024 15:00,0
PKV,TX_ASOS,3/17/2024 16:00,0
PKV,TX_ASOS,3/17/2024 17:00,0
PKV,TX_ASOS,3/17/2024 18:00,0
PKV,TX_ASOS,3/17/2024 19:00,0
PKV,TX_ASOS,3/17/2024 20:00,0
PKV,TX_ASOS,3/17/2024 21:00,0
PKV,TX_ASOS,3/17/2024 22:00,0
PKV,TX_ASOS,3/17/2024 23:00,0
PKV,TX_ASOS,3/18/2024 0:00,0
PKV,TX_ASOS,3/18/2024 1:00,0
PKV,TX_ASOS,3/18/2024 2:00,0
PKV,TX_ASOS,3/18/2024 3:00,0
PKV,TX_ASOS,3/18/2024 4:00,0
PKV,TX_ASOS,3/18/2024 5:00,0
PKV,TX_ASOS,3/18/2024 6:00,0
PKV,TX_ASOS,3/18/2024 7:00,0
PKV,TX_ASOS,3/18/2024 8:00,0
PKV,TX_ASOS,3/18/2024 9:00,0
PKV,TX_ASOS,3/18/2024 10:00,0
PKV,TX_ASOS,3/18/2024 11:00,0
PKV,TX_ASOS,3/18/2024 12:00,0
PKV,TX_ASOS,3/18/2024 13:00,0
PKV,TX_ASOS,3/18/2024 14:00,0
PKV,TX_ASOS,3/18/2024 15:00,0
PKV,TX_ASOS,3/18/2024 16:00,0
PKV,TX_ASOS,3/18/2024 17:00,0
PKV,TX_ASOS,3/18/2024 18:00,0
PKV,TX_ASOS,3/18/2024 19:00,0
PKV,TX_ASOS,3/18/2024 20:00,0
PKV,TX_ASOS,3/18/2024 21:00,0
PKV,TX_ASOS,3/18/2024 22:00,0
PKV,TX_ASOS,3/18/2024 23:00,0
PKV,TX_ASOS,3/19/2024 0:00,0
PKV,TX_ASOS,3/19/2024 1:00,0
PKV,TX_ASOS,3/19/2024 2:00,0
PKV,TX_ASOS,3/19/2024 3:00,0
PKV,TX_ASOS,3/19/2024 4:00,0
PKV,TX_ASOS,3/19/2024 5:00,0
PKV,TX_ASOS,3/19/2024 6:00,0
PKV,TX_ASOS,3/19/2024 7:00,0
PKV,TX_ASOS,3/19/2024 8:00,0
PKV,TX_ASOS,3/19/2024 9:00,0
PKV,TX_ASOS,3/19/2024 10:00,0
PKV,TX_ASOS,3/19/2024 11:00,0
PKV,TX_ASOS,3/19/2024 12:00,0
PKV,TX_ASOS,3/19/2024 13:00,0
PKV,TX_ASOS,3/19/2024 14:00,0
PKV,TX_ASOS,3/19/2024 15:00,0
PKV,TX_ASOS,3/19/2024 16:00,0
PKV,TX_ASOS,3/19/2024 17:00,0
PKV,TX_ASOS,3/19/2024 18:00,0
PKV,TX_ASOS,3/19/2024 19:00,0
PKV,TX_ASOS,3/19/2024 20:00,0
PKV,TX_ASOS,3/19/2024 21:00,0
PKV,TX_ASOS,3/19/2024 22:00,0
PKV,TX_ASOS,3/19/2024 23:00,0
PKV,TX_ASOS,3/20/2024 0:00,0
PKV,TX_ASOS,3/20/2024 1:00,0
PKV,TX_ASOS,3/20/2024 2:00,0
PKV,TX_ASOS,3/20/2024 3:00,0
PKV,TX_ASOS,3/20/2024 4:00,0
PKV,TX_ASOS,3/20/2024 5:00,0
PKV,TX_ASOS,3/20/2024 6:00,0
PKV,TX_ASOS,3/20/2024 7:00,0
PKV,TX_ASOS,3/20/2024 8:00,0
PKV,TX_ASOS,3/20/2024 9:00,0
PKV,TX_ASOS,3/20/2024 10:00,0
PKV,TX_ASOS,3/20/2024 11:00,0
PKV,TX_ASOS,3/20/2024 12:00,0
PKV,TX_ASOS,3/20/2024 13:00,0
PKV,TX_ASOS,3/20/2024 14:00,0
PKV,TX_ASOS,3/20/2024 15:00,0
PKV,TX_ASOS,3/20/2024 16:00,0
PKV,TX_ASOS,3/20/2024 17:00,0
PKV,TX_ASOS,3/20/2024 18:00,0
PKV,TX_ASOS,3/20/2024 19:00,0
PKV,TX_ASOS,3/20/2024 20:00,0
PKV,TX_ASOS,3/20/2024 21:00,0
PKV,TX_ASOS,3/20/2024 22:00,0
PKV,TX_ASOS,3/20/2024 23:00,0
PKV,TX_ASOS,3/21/2024 0:00,0
PKV,TX_ASOS,3/21/2024 1:00,0
PKV,TX_ASOS,3/21/2024 2:00,0
PKV,TX_ASOS,3/21/2024 3:00,0
PKV,TX_ASOS,3/21/2024 4:00,0
PKV,TX_ASOS,3/21/2024 5:00,0
PKV,TX_ASOS,3/21/2024 6:00,0.02
PKV,TX_ASOS,3/21/2024 7:00,0.13
PKV,TX_ASOS,3/21/2024 8:00,0.15
PKV,TX_ASOS,3/21/2024 9:00,0.53
PKV,TX_ASOS,3/21/2024 10:00,0.06
PKV,TX_ASOS,3/21/2024 11:00,0.02
PKV,TX_ASOS,3/21/2024 12:00,0
PKV,TX_ASOS,3/21/2024 13:00,0
PKV,TX_ASOS,3/21/2024 14:00,0
PKV,TX_ASOS,3/21/2024 18:00,0
PKV,TX_ASOS,3/21/2024 19:00,0
PKV,TX_ASOS,3/21/2024 20:00,0
PKV,TX_ASOS,3/21/2024 21:00,0
PKV,TX_ASOS,3/21/2024 22:00,0
PKV,TX_ASOS,3/21/2024 23:00,0
PKV,TX_ASOS,3/22/2024 0:00,0
PKV,TX_ASOS,3/22/2024 1:00,0
PKV,TX_ASOS,3/22/2024 2:00,0
PKV,TX_ASOS,3/22/2024 3:00,0
PKV,TX_ASOS,3/22/2024 4:00,0
PKV,TX_ASOS,3/22/2024 5:00,0
PKV,TX_ASOS,3/22/2024 6:00,0
PKV,TX_ASOS,3/22/2024 7:00,0
PKV,TX_ASOS,3/22/2024 8:00,0
PKV,TX_ASOS,3/22/2024 9:00,0
PKV,TX_ASOS,3/22/2024 10:00,0
PKV,TX_ASOS,3/22/2024 11:00,0
PKV,TX_ASOS,3/22/2024 12:00,0
PKV,TX_ASOS,3/22/2024 13:00,0
PKV,TX_ASOS,3/22/2024 14:00,0
PKV,TX_ASOS,3/22/2024 15:00,0
PKV,TX_ASOS,3/22/2024 16:00,0
PKV,TX_ASOS,3/22/2024 17:00,0
PKV,TX_ASOS,3/22/2024 18:00,0
PKV,TX_ASOS,3/22/2024 19:00,0
PKV,TX_ASOS,3/22/2024 20:00,0
PKV,TX_ASOS,3/22/2024 21:00,0
PKV,TX_ASOS,3/22/2024 22:00,0
PKV,TX_ASOS,3/22/2024 23:00,0
PKV,TX_ASOS,3/23/2024 0:00,0
PKV,TX_ASOS,3/23/2024 1:00,0
PKV,TX_ASOS,3/23/2024 2:00,0
PKV,TX_ASOS,3/23/2024 3:00,0
PKV,TX_ASOS,3/23/2024 4:00,0
PKV,TX_ASOS,3/23/2024 5:00,0
PKV,TX_ASOS,3/23/2024 6:00,0
PKV,TX_ASOS,3/23/2024 7:00,0
PKV,TX_ASOS,3/23/2024 8:00,0
PKV,TX_ASOS,3/23/2024 9:00,0
PKV,TX_ASOS,3/23/2024 10:00,0
PKV,TX_ASOS,3/23/2024 11:00,0
PKV,TX_ASOS,3/23/2024 12:00,0
PKV,TX_ASOS,3/23/2024 13:00,0
PKV,TX_ASOS,3/23/2024 14:00,0
PKV,TX_ASOS,3/26/2024 12:00,0
PKV,TX_ASOS,3/26/2024 13:00,0
PKV,TX_ASOS,3/26/2024 14:00,0
PKV,TX_ASOS,3/26/2024 15:00,0
PKV,TX_ASOS,3/26/2024 16:00,0
PKV,TX_ASOS,3/26/2024 17:00,0
PKV,TX_ASOS,3/26/2024 18:00,0
PKV,TX_ASOS,3/26/2024 19:00,0
PKV,TX_ASOS,3/26/2024 20:00,0
PKV,TX_ASOS,3/26/2024 21:00,0
PKV,TX_ASOS,3/26/2024 22:00,0
PKV,TX_ASOS,3/26/2024 23:00,0
PKV,TX_ASOS,3/27/2024 0:00,0
PKV,TX_ASOS,3/27/2024 1:00,0
PKV,TX_ASOS,3/27/2024 2:00,0
PKV,TX_ASOS,3/27/2024 3:00,0
PKV,TX_ASOS,3/27/2024 4:00,0
PKV,TX_ASOS,3/27/2024 5:00,0
PKV,TX_ASOS,3/27/2024 6:00,0
PKV,TX_ASOS,3/27/2024 7:00,0
PKV,TX_ASOS,3/27/2024 8:00,0
PKV,TX_ASOS,3/27/2024 9:00,0
PKV,TX_ASOS,3/27/2024 10:00,0
PKV,TX_ASOS,3/27/2024 11:00,0
PKV,TX_ASOS,3/27/2024 12:00,0
PKV,TX_ASOS,3/27/2024 13:00,0
PKV,TX_ASOS,3/27/2024 14:00,0
PKV,TX_ASOS,3/27/2024 15:00,0
PKV,TX_ASOS,3/27/2024 16:00,0
PKV,TX_ASOS,3/27/2024 17:00,0
PKV,TX_ASOS,3/27/2024 18:00,0
PKV,TX_ASOS,3/27/2024 19:00,0
PKV,TX_ASOS,3/27/2024 20:00,0
PKV,TX_ASOS,3/27/2024 21:00,0
PKV,TX_ASOS,3/27/2024 22:00,0
PKV,TX_ASOS,3/27/2024 23:00,0
PKV,TX_ASOS,3/28/2024 0:00,0
PKV,TX_ASOS,3/28/2024 1:00,0
PKV,TX_ASOS,3/28/2024 2:00,0
PKV,TX_ASOS,3/28/2024 3:00,0
PKV,TX_ASOS,3/28/2024 4:00,0
PKV,TX_ASOS,3/28/2024 5:00,0
PKV,TX_ASOS,3/28/2024 6:00,0
PKV,TX_ASOS,3/28/2024 7:00,0
PKV,TX_ASOS,3/28/2024 8:00,0
PKV,TX_ASOS,3/28/2024 9:00,0
PKV,TX_ASOS,3/28/2024 10:00,0
PKV,TX_ASOS,3/28/2024 11:00,0
PKV,TX_ASOS,3/28/2024 12:00,0
PKV,TX_ASOS,3/28/2024 13:00,0
PKV,TX_ASOS,3/28/2024 14:00,0
PKV,TX_ASOS,3/28/2024 15:00,0
PKV,TX_ASOS,3/28/2024 16:00,0
PKV,TX_ASOS,3/28/2024 17:00,0
PKV,TX_ASOS,3/28/2024 18:00,0
PKV,TX_ASOS,3/28/2024 19:00,0
PKV,TX_ASOS,3/28/2024 20:00,0
PKV,TX_ASOS,3/28/2024 21:00,0
PKV,TX_ASOS,3/28/2024 22:00,0
PKV,TX_ASOS,3/28/2024 23:00,0
PKV,TX_ASOS,3/29/2024 0:00,0
PKV,TX_ASOS,3/29/2024 1:00,0
PKV,TX_ASOS,3/29/2024 2:00,0
PKV,TX_ASOS,3/29/2024 3:00,0
PKV,TX_ASOS,3/29/2024 4:00,0
PKV,TX_ASOS,3/29/2024 5:00,0
PKV,TX_ASOS,3/29/2024 6:00,0
PKV,TX_ASOS,3/29/2024 7:00,0
PKV,TX_ASOS,3/29/2024 8:00,0
PKV,TX_ASOS,3/29/2024 9:00,0
PKV,TX_ASOS,3/29/2024 10:00,0
PKV,TX_ASOS,3/29/2024 11:00,0
PKV,TX_ASOS,3/29/2024 12:00,0
PKV,TX_ASOS,3/29/2024 13:00,0
PKV,TX_ASOS,3/29/2024 14:00,0
PKV,TX_ASOS,3/29/2024 15:00,0
PKV,TX_ASOS,3/29/2024 16:00,0
PKV,TX_ASOS,3/29/2024 17:00,0
PKV,TX_ASOS,3/29/2024 18:00,0
PKV,TX_ASOS,3/29/2024 19:00,0
PKV,TX_ASOS,3/29/2024 20:00,0
PKV,TX_ASOS,3/29/2024 21:00,0
PKV,TX_ASOS,3/29/2024 22:00,0
PKV,TX_ASOS,3/29/2024 23:00,0
PKV,TX_ASOS,3/30/2024 0:00,0
PKV,TX_ASOS,3/30/2024 1:00,0
PKV,TX_ASOS,3/30/2024 2:00,0
PKV,TX_ASOS,3/30/2024 3:00,0
PKV,TX_ASOS,3/30/2024 4:00,0
PKV,TX_ASOS,3/30/2024 5:00,0
PKV,TX_ASOS,3/30/2024 6:00,0
PKV,TX_ASOS,3/30/2024 7:00,0
PKV,TX_ASOS,3/30/2024 8:00,0
PKV,TX_ASOS,3/30/2024 9:00,0
PKV,TX_ASOS,3/30/2024 10:00,0
PKV,TX_ASOS,3/30/2024 11:00,0
PKV,TX_ASOS,3/30/2024 12:00,0
PKV,TX_ASOS,3/30/2024 13:00,0
PKV,TX_ASOS,3/30/2024 14:00,0
PKV,TX_ASOS,3/30/2024 15:00,0
PKV,TX_ASOS,3/30/2024 16:00,0
PKV,TX_ASOS,3/30/2024 17:00,0
PKV,TX_ASOS,3/30/2024 18:00,0
PKV,TX_ASOS,3/30/2024 19:00,0
PKV,TX_ASOS,3/30/2024 20:00,0
PKV,TX_ASOS,3/30/2024 21:00,0
PKV,TX_ASOS,3/30/2024 22:00,0
PKV,TX_ASOS,3/30/2024 23:00,0
PKV,TX_ASOS,3/31/2024 0:00,0
PKV,TX_ASOS,3/31/2024 1:00,0
PKV,TX_ASOS,3/31/2024 2:00,0
PKV,TX_ASOS,3/31/2024 3:00,0
PKV,TX_ASOS,3/31/2024 4:00,0
PKV,TX_ASOS,3/31/2024 5:00,0
PKV,TX_ASOS,3/31/2024 6:00,0
PKV,TX_ASOS,3/31/2024 7:00,0
PKV,TX_ASOS,3/31/2024 8:00,0
PKV,TX_ASOS,3/31/2024 9:00,0
PKV,TX_ASOS,3/31/2024 10:00,0
PKV,TX_ASOS,3/31/2024 11:00,0
PKV,TX_ASOS,3/31/2024 12:00,0
PKV,TX_ASOS,3/31/2024 13:00,0
PKV,TX_ASOS,3/31/2024 14:00,0
PKV,TX_ASOS,3/31/2024 15:00,0
PKV,TX_ASOS,3/31/2024 16:00,0
PKV,TX_ASOS,3/31/2024 17:00,0
PKV,TX_ASOS,3/31/2024 18:00,0
PKV,TX_ASOS,3/31/2024 19:00,0
PKV,TX_ASOS,3/31/2024 20:00,0
PKV,TX_ASOS,3/31/2024 21:00,0
PKV,TX_ASOS,3/31/2024 22:00,0
PKV,TX_ASOS,3/31/2024 23:00,0
PKV,TX_ASOS,4/1/2024 0:00,0
PKV,TX_ASOS,4/1/2024 1:00,0
PKV,TX_ASOS,4/1/2024 2:00,0
PKV,TX_ASOS,4/1/2024 3:00,0
PKV,TX_ASOS,4/1/2024 4:00,0
PKV,TX_ASOS,4/1/2024 5:00,0
PKV,TX_ASOS,4/1/2024 6:00,0
PKV,TX_ASOS,4/1/2024 7:00,0
PKV,TX_ASOS,4/1/2024 8:00,0
PKV,TX_ASOS,4/1/2024 9:00,0
PKV,TX_ASOS,4/1/2024 10:00,0
PKV,TX_ASOS,4/1/2024 11:00,0
PKV,TX_ASOS,4/1/2024 12:00,0
PKV,TX_ASOS,4/1/2024 13:00,0
PKV,TX_ASOS,4/1/2024 14:00,0
PKV,TX_ASOS,4/1/2024 15:00,0
PKV,TX_ASOS,4/1/2024 16:00,0
PKV,TX_ASOS,4/1/2024 17:00,0
PKV,TX_ASOS,4/1/2024 18:00,0
PKV,TX_ASOS,4/1/2024 22:00,0
PKV,TX_ASOS,4/1/2024 23:00,0
PKV,TX_ASOS,4/2/2024 0:00,0
PKV,TX_ASOS,4/2/2024 1:00,0
PKV,TX_ASOS,4/2/2024 2:00,0
PKV,TX_ASOS,4/2/2024 3:00,0
PKV,TX_ASOS,4/2/2024 4:00,0
PKV,TX_ASOS,4/2/2024 5:00,0
PKV,TX_ASOS,4/2/2024 6:00,0
PKV,TX_ASOS,4/2/2024 7:00,0
PKV,TX_ASOS,4/2/2024 8:00,0
PKV,TX_ASOS,4/2/2024 9:00,0
PKV,TX_ASOS,4/2/2024 10:00,0
PKV,TX_ASOS,4/2/2024 11:00,0
PKV,TX_ASOS,4/2/2024 12:00,0
PKV,TX_ASOS,4/2/2024 13:00,0
PKV,TX_ASOS,4/2/2024 14:00,0.08
PKV,TX_ASOS,4/2/2024 15:00,0
PKV,TX_ASOS,4/2/2024 16:00,0
PKV,TX_ASOS,4/2/2024 17:00,0
PKV,TX_ASOS,4/2/2024 18:00,0
PKV,TX_ASOS,4/2/2024 19:00,0
PKV,TX_ASOS,4/2/2024 20:00,0
PKV,TX_ASOS,4/2/2024 21:00,0
PKV,TX_ASOS,4/2/2024 22:00,0
PKV,TX_ASOS,4/2/2024 23:00,0
PKV,TX_ASOS,4/3/2024 0:00,0
PKV,TX_ASOS,4/3/2024 1:00,0
PKV,TX_ASOS,4/3/2024 2:00,0
PKV,TX_ASOS,4/3/2024 3:00,0
PKV,TX_ASOS,4/3/2024 4:00,0
PKV,TX_ASOS,4/3/2024 5:00,0
PKV,TX_ASOS,4/3/2024 6:00,0
PKV,TX_ASOS,4/3/2024 7:00,0
PKV,TX_ASOS,4/3/2024 8:00,0
PKV,TX_ASOS,4/3/2024 9:00,0
PKV,TX_ASOS,4/3/2024 10:00,0
PKV,TX_ASOS,4/3/2024 11:00,0
PKV,TX_ASOS,4/3/2024 12:00,0
PKV,TX_ASOS,4/3/2024 13:00,0
PKV,TX_ASOS,4/3/2024 14:00,0
PKV,TX_ASOS,4/3/2024 15:00,0
PKV,TX_ASOS,4/3/2024 16:00,0
PKV,TX_ASOS,4/3/2024 17:00,0
PKV,TX_ASOS,4/3/2024 18:00,0
PKV,TX_ASOS,4/3/2024 19:00,0
PKV,TX_ASOS,4/3/2024 20:00,0
PKV,TX_ASOS,4/3/2024 21:00,0
PKV,TX_ASOS,4/3/2024 22:00,0
PKV,TX_ASOS,4/3/2024 23:00,0
PKV,TX_ASOS,4/4/2024 0:00,0
PKV,TX_ASOS,4/4/2024 1:00,0
PKV,TX_ASOS,4/4/2024 2:00,0
PKV,TX_ASOS,4/4/2024 3:00,0
PKV,TX_ASOS,4/4/2024 4:00,0
PKV,TX_ASOS,4/4/2024 5:00,0
PKV,TX_ASOS,4/4/2024 6:00,0
PKV,TX_ASOS,4/4/2024 7:00,0
PKV,TX_ASOS,4/4/2024 8:00,0
PKV,TX_ASOS,4/4/2024 9:00,0
PKV,TX_ASOS,4/4/2024 10:00,0
PKV,TX_ASOS,4/4/2024 11:00,0
PKV,TX_ASOS,4/4/2024 12:00,0
PKV,TX_ASOS,4/4/2024 13:00,0
PKV,TX_ASOS,4/4/2024 14:00,0
PKV,TX_ASOS,4/4/2024 15:00,0
PKV,TX_ASOS,4/4/2024 16:00,0
PKV,TX_ASOS,4/4/2024 17:00,0
PKV,TX_ASOS,4/4/2024 18:00,0
PKV,TX_ASOS,4/4/2024 19:00,0
PKV,TX_ASOS,4/4/2024 20:00,0
PKV,TX_ASOS,4/4/2024 21:00,0
PKV,TX_ASOS,4/4/2024 22:00,0
PKV,TX_ASOS,4/4/2024 23:00,0
PKV,TX_ASOS,4/5/2024 0:00,0
PKV,TX_ASOS,4/5/2024 1:00,0
PKV,TX_ASOS,4/5/2024 2:00,0
PKV,TX_ASOS,4/5/2024 3:00,0
PKV,TX_ASOS,4/5/2024 4:00,0
PKV,TX_ASOS,4/5/2024 5:00,0
PKV,TX_ASOS,4/5/2024 6:00,0
PKV,TX_ASOS,4/5/2024 7:00,0
PKV,TX_ASOS,4/5/2024 8:00,0
PKV,TX_ASOS,4/5/2024 9:00,0
PKV,TX_ASOS,4/5/2024 10:00,0
PKV,TX_ASOS,4/5/2024 11:00,0
PKV,TX_ASOS,4/5/2024 12:00,0
PKV,TX_ASOS,4/5/2024 13:00,0
PKV,TX_ASOS,4/5/2024 14:00,0
PKV,TX_ASOS,4/5/2024 15:00,0
PKV,TX_ASOS,4/5/2024 16:00,0
PKV,TX_ASOS,4/5/2024 17:00,0
PKV,TX_ASOS,4/5/2024 18:00,0
PKV,TX_ASOS,4/5/2024 19:00,0
PKV,TX_ASOS,4/5/2024 20:00,0
PKV,TX_ASOS,4/5/2024 21:00,0
PKV,TX_ASOS,4/5/2024 22:00,0
PKV,TX_ASOS,4/5/2024 23:00,0
PKV,TX_ASOS,4/6/2024 0:00,0
PKV,TX_ASOS,4/6/2024 1:00,0
PKV,TX_ASOS,4/6/2024 2:00,0
PKV,TX_ASOS,4/6/2024 3:00,0
PKV,TX_ASOS,4/6/2024 4:00,0
PKV,TX_ASOS,4/6/2024 5:00,0
PKV,TX_ASOS,4/6/2024 6:00,0
PKV,TX_ASOS,4/6/2024 7:00,0
PKV,TX_ASOS,4/6/2024 8:00,0
PKV,TX_ASOS,4/6/2024 9:00,0
PKV,TX_ASOS,4/6/2024 10:00,0
PKV,TX_ASOS,4/6/2024 11:00,0
PKV,TX_ASOS,4/6/2024 12:00,0
PKV,TX_ASOS,4/6/2024 13:00,0
PKV,TX_ASOS,4/6/2024 14:00,0
PKV,TX_ASOS,4/6/2024 15:00,0
PKV,TX_ASOS,4/6/2024 16:00,0
PKV,TX_ASOS,4/6/2024 17:00,0
PKV,TX_ASOS,4/6/2024 18:00,0
PKV,TX_ASOS,4/6/2024 19:00,0
PKV,TX_ASOS,4/6/2024 20:00,0
PKV,TX_ASOS,4/6/2024 21:00,0
PKV,TX_ASOS,4/6/2024 22:00,0
PKV,TX_ASOS,4/6/2024 23:00,0
PKV,TX_ASOS,4/7/2024 0:00,0
PKV,TX_ASOS,4/7/2024 1:00,0
PKV,TX_ASOS,4/7/2024 2:00,0
PKV,TX_ASOS,4/7/2024 3:00,0
PKV,TX_ASOS,4/7/2024 4:00,0
PKV,TX_ASOS,4/7/2024 5:00,0
PKV,TX_ASOS,4/7/2024 6:00,0
PKV,TX_ASOS,4/7/2024 7:00,0
PKV,TX_ASOS,4/7/2024 8:00,0
PKV,TX_ASOS,4/7/2024 9:00,0
PKV,TX_ASOS,4/7/2024 10:00,0
PKV,TX_ASOS,4/7/2024 11:00,0
PKV,TX_ASOS,4/7/2024 12:00,0
PKV,TX_ASOS,4/7/2024 13:00,0
PKV,TX_ASOS,4/7/2024 14:00,0
PKV,TX_ASOS,4/7/2024 15:00,0
PKV,TX_ASOS,4/7/2024 16:00,0
PKV,TX_ASOS,4/7/2024 17:00,0
PKV,TX_ASOS,4/7/2024 18:00,0
PKV,TX_ASOS,4/7/2024 19:00,0
PKV,TX_ASOS,4/7/2024 20:00,0
PKV,TX_ASOS,4/7/2024 21:00,0
PKV,TX_ASOS,4/7/2024 22:00,0
PKV,TX_ASOS,4/7/2024 23:00,0
PKV,TX_ASOS,4/8/2024 0:00,0
PKV,TX_ASOS,4/8/2024 1:00,0
PKV,TX_ASOS,4/8/2024 2:00,0
PKV,TX_ASOS,4/8/2024 3:00,0
PKV,TX_ASOS,4/8/2024 4:00,0
PKV,TX_ASOS,4/8/2024 5:00,0
PKV,TX_ASOS,4/8/2024 6:00,0
PKV,TX_ASOS,4/8/2024 7:00,0
PKV,TX_ASOS,4/8/2024 8:00,0
PKV,TX_ASOS,4/8/2024 9:00,0.01
PKV,TX_ASOS,4/8/2024 10:00,0
PKV,TX_ASOS,4/8/2024 11:00,0
PKV,TX_ASOS,4/8/2024 12:00,0
PKV,TX_ASOS,4/8/2024 13:00,0
PKV,TX_ASOS,4/8/2024 14:00,0
PKV,TX_ASOS,4/8/2024 15:00,0
PKV,TX_ASOS,4/8/2024 16:00,0
PKV,TX_ASOS,4/8/2024 17:00,0
PKV,TX_ASOS,4/8/2024 18:00,0
PKV,TX_ASOS,4/8/2024 19:00,0
PKV,TX_ASOS,4/8/2024 20:00,0
PKV,TX_ASOS,4/8/2024 21:00,0
PKV,TX_ASOS,4/8/2024 22:00,0
PKV,TX_ASOS,4/8/2024 23:00,0
PKV,TX_ASOS,4/9/2024 0:00,0
PKV,TX_ASOS,4/9/2024 1:00,0
PKV,TX_ASOS,4/9/2024 2:00,0
PKV,TX_ASOS,4/9/2024 3:00,0
PKV,TX_ASOS,4/9/2024 4:00,0
PKV,TX_ASOS,4/9/2024 5:00,0
PKV,TX_ASOS,4/9/2024 6:00,0
PKV,TX_ASOS,4/9/2024 7:00,0
PKV,TX_ASOS,4/9/2024 8:00,0
PKV,TX_ASOS,4/9/2024 9:00,0
PKV,TX_ASOS,4/9/2024 10:00,0
PKV,TX_ASOS,4/9/2024 11:00,0
PKV,TX_ASOS,4/9/2024 12:00,0
PKV,TX_ASOS,4/9/2024 13:00,0
PKV,TX_ASOS,4/9/2024 14:00,0
PKV,TX_ASOS,4/9/2024 15:00,0
PKV,TX_ASOS,4/9/2024 16:00,0
PKV,TX_ASOS,4/9/2024 17:00,0
PKV,TX_ASOS,4/9/2024 18:00,0
PKV,TX_ASOS,4/9/2024 19:00,0
PKV,TX_ASOS,4/9/2024 20:00,0
PKV,TX_ASOS,4/9/2024 21:00,0
PKV,TX_ASOS,4/9/2024 22:00,0
PKV,TX_ASOS,4/9/2024 23:00,0
PKV,TX_ASOS,4/10/2024 0:00,0
PKV,TX_ASOS,4/10/2024 1:00,0
PKV,TX_ASOS,4/10/2024 2:00,0.45
PKV,TX_ASOS,4/10/2024 3:00,0.06
PKV,TX_ASOS,4/10/2024 4:00,0
PKV,TX_ASOS,4/10/2024 5:00,0
PKV,TX_ASOS,4/10/2024 6:00,0
PKV,TX_ASOS,4/10/2024 7:00,0
PKV,TX_ASOS,4/10/2024 8:00,0
PKV,TX_ASOS,4/10/2024 9:00,0
PKV,TX_ASOS,4/10/2024 10:00,0
PKV,TX_ASOS,4/10/2024 11:00,0
PKV,TX_ASOS,4/10/2024 12:00,0
PKV,TX_ASOS,4/10/2024 13:00,0
PKV,TX_ASOS,4/10/2024 14:00,0
PKV,TX_ASOS,4/10/2024 15:00,0
PKV,TX_ASOS,4/10/2024 16:00,0
PKV,TX_ASOS,4/10/2024 17:00,0
PKV,TX_ASOS,4/10/2024 18:00,0
PKV,TX_ASOS,4/10/2024 19:00,0
PKV,TX_ASOS,4/10/2024 20:00,0
PKV,TX_ASOS,4/10/2024 21:00,0
PKV,TX_ASOS,4/10/2024 22:00,0
PKV,TX_ASOS,4/10/2024 23:00,0
PKV,TX_ASOS,4/11/2024 0:00,0
PKV,TX_ASOS,4/11/2024 1:00,0
PKV,TX_ASOS,4/11/2024 2:00,0
PKV,TX_ASOS,4/11/2024 3:00,0
PKV,TX_ASOS,4/11/2024 4:00,0
PKV,TX_ASOS,4/11/2024 5:00,0
PKV,TX_ASOS,4/11/2024 6:00,0
PKV,TX_ASOS,4/11/2024 7:00,0
PKV,TX_ASOS,4/11/2024 8:00,0
PKV,TX_ASOS,4/11/2024 9:00,0
PKV,TX_ASOS,4/11/2024 10:00,0
PKV,TX_ASOS,4/11/2024 11:00,0
PKV,TX_ASOS,4/11/2024 12:00,0
PKV,TX_ASOS,4/11/2024 13:00,0
PKV,TX_ASOS,4/11/2024 14:00,0
PKV,TX_ASOS,4/11/2024 15:00,0
PKV,TX_ASOS,4/11/2024 16:00,0
PKV,TX_ASOS,4/11/2024 17:00,0
PKV,TX_ASOS,4/11/2024 18:00,0
PKV,TX_ASOS,4/11/2024 19:00,0
PKV,TX_ASOS,4/11/2024 20:00,0
PKV,TX_ASOS,4/11/2024 21:00,0
PKV,TX_ASOS,4/11/2024 22:00,0
PKV,TX_ASOS,4/11/2024 23:00,0
PKV,TX_ASOS,4/12/2024 0:00,0
PKV,TX_ASOS,4/12/2024 1:00,0
PKV,TX_ASOS,4/12/2024 2:00,0
PKV,TX_ASOS,4/12/2024 3:00,0
PKV,TX_ASOS,4/12/2024 4:00,0
PKV,TX_ASOS,4/12/2024 5:00,0
PKV,TX_ASOS,4/12/2024 6:00,0
PKV,TX_ASOS,4/12/2024 7:00,0
PKV,TX_ASOS,4/12/2024 8:00,0
PKV,TX_ASOS,4/12/2024 9:00,0
PKV,TX_ASOS,4/12/2024 10:00,0
PKV,TX_ASOS,4/12/2024 11:00,0
PKV,TX_ASOS,4/12/2024 12:00,0
PKV,TX_ASOS,4/12/2024 13:00,0
PKV,TX_ASOS,4/12/2024 14:00,0
PKV,TX_ASOS,4/12/2024 15:00,0
PKV,TX_ASOS,4/12/2024 16:00,0
PKV,TX_ASOS,4/12/2024 17:00,0
PKV,TX_ASOS,4/12/2024 18:00,0
PKV,TX_ASOS,4/12/2024 19:00,0
PKV,TX_ASOS,4/12/2024 20:00,0
PKV,TX_ASOS,4/12/2024 21:00,0
PKV,TX_ASOS,4/12/2024 22:00,0
PKV,TX_ASOS,4/12/2024 23:00,0
PKV,TX_ASOS,4/13/2024 0:00,0
PKV,TX_ASOS,4/13/2024 1:00,0
PKV,TX_ASOS,4/13/2024 2:00,0
PKV,TX_ASOS,4/13/2024 3:00,0
PKV,TX_ASOS,4/13/2024 4:00,0
PKV,TX_ASOS,4/13/2024 5:00,0
PKV,TX_ASOS,4/13/2024 6:00,0
PKV,TX_ASOS,4/13/2024 7:00,0
PKV,TX_ASOS,4/13/2024 8:00,0
PKV,TX_ASOS,4/13/2024 9:00,0
PKV,TX_ASOS,4/13/2024 10:00,0
PKV,TX_ASOS,4/13/2024 11:00,0
PKV,TX_ASOS,4/13/2024 12:00,0
PKV,TX_ASOS,4/13/2024 13:00,0
PKV,TX_ASOS,4/13/2024 14:00,0
PKV,TX_ASOS,4/13/2024 15:00,0
PKV,TX_ASOS,4/13/2024 16:00,0
PKV,TX_ASOS,4/13/2024 17:00,0
PKV,TX_ASOS,4/13/2024 18:00,0
PKV,TX_ASOS,4/13/2024 19:00,0
PKV,TX_ASOS,4/13/2024 20:00,0
PKV,TX_ASOS,4/13/2024 21:00,0
PKV,TX_ASOS,4/13/2024 22:00,0
PKV,TX_ASOS,4/13/2024 23:00,0
PKV,TX_ASOS,4/14/2024 0:00,0
PKV,TX_ASOS,4/14/2024 1:00,0
PKV,TX_ASOS,4/14/2024 2:00,0
PKV,TX_ASOS,4/14/2024 3:00,0
PKV,TX_ASOS,4/14/2024 4:00,0
PKV,TX_ASOS,4/14/2024 5:00,0
PKV,TX_ASOS,4/14/2024 6:00,0
PKV,TX_ASOS,4/14/2024 7:00,0
PKV,TX_ASOS,4/14/2024 8:00,0
PKV,TX_ASOS,4/14/2024 9:00,0
PKV,TX_ASOS,4/14/2024 10:00,0
PKV,TX_ASOS,4/14/2024 11:00,0
PKV,TX_ASOS,4/14/2024 12:00,0
PKV,TX_ASOS,4/14/2024 13:00,0
PKV,TX_ASOS,4/14/2024 14:00,0
PKV,TX_ASOS,4/14/2024 15:00,0
PKV,TX_ASOS,4/14/2024 16:00,0
PKV,TX_ASOS,4/14/2024 17:00,0
PKV,TX_ASOS,4/14/2024 18:00,0
PKV,TX_ASOS,4/14/2024 19:00,0
PKV,TX_ASOS,4/14/2024 20:00,0
PKV,TX_ASOS,4/14/2024 21:00,0
PKV,TX_ASOS,4/14/2024 22:00,0
PKV,TX_ASOS,4/14/2024 23:00,0
PKV,TX_ASOS,4/15/2024 0:00,0
PKV,TX_ASOS,4/15/2024 1:00,0
PKV,TX_ASOS,4/15/2024 2:00,0
PKV,TX_ASOS,4/15/2024 3:00,0
PKV,TX_ASOS,4/15/2024 4:00,0
PKV,TX_ASOS,4/15/2024 5:00,0
PKV,TX_ASOS,4/15/2024 6:00,0
PKV,TX_ASOS,4/15/2024 7:00,0
PKV,TX_ASOS,4/15/2024 8:00,0
PKV,TX_ASOS,4/15/2024 9:00,0
PKV,TX_ASOS,4/15/2024 10:00,0
PKV,TX_ASOS,4/15/2024 11:00,0
PKV,TX_ASOS,4/15/2024 12:00,0
PKV,TX_ASOS,4/15/2024 13:00,0
PKV,TX_ASOS,4/15/2024 14:00,0
PKV,TX_ASOS,4/15/2024 15:00,0
PKV,TX_ASOS,4/15/2024 16:00,0
PKV,TX_ASOS,4/15/2024 17:00,0
PKV,TX_ASOS,4/15/2024 18:00,0
PKV,TX_ASOS,4/15/2024 19:00,0
PKV,TX_ASOS,4/15/2024 20:00,0
PKV,TX_ASOS,4/15/2024 21:00,0
PKV,TX_ASOS,4/15/2024 22:00,0
PKV,TX_ASOS,4/15/2024 23:00,0
PKV,TX_ASOS,4/16/2024 0:00,0
PKV,TX_ASOS,4/16/2024 1:00,0
PKV,TX_ASOS,4/16/2024 2:00,0
PKV,TX_ASOS,4/16/2024 3:00,0
PKV,TX_ASOS,4/16/2024 4:00,0
PKV,TX_ASOS,4/16/2024 5:00,0
PKV,TX_ASOS,4/16/2024 6:00,0
PKV,TX_ASOS,4/16/2024 7:00,0
PKV,TX_ASOS,4/16/2024 8:00,0
PKV,TX_ASOS,4/16/2024 9:00,0
PKV,TX_ASOS,4/16/2024 10:00,0
PKV,TX_ASOS,4/16/2024 11:00,0
PKV,TX_ASOS,4/16/2024 12:00,0
PKV,TX_ASOS,4/16/2024 13:00,0
PKV,TX_ASOS,4/16/2024 14:00,0
PKV,TX_ASOS,4/16/2024 15:00,0
PKV,TX_ASOS,4/16/2024 16:00,0
PKV,TX_ASOS,4/16/2024 17:00,0
PKV,TX_ASOS,4/16/2024 18:00,0
PKV,TX_ASOS,4/16/2024 19:00,0
PKV,TX_ASOS,4/16/2024 20:00,0
PKV,TX_ASOS,4/16/2024 21:00,0
PKV,TX_ASOS,4/16/2024 22:00,0
PKV,TX_ASOS,4/16/2024 23:00,0
PKV,TX_ASOS,4/17/2024 0:00,0
PKV,TX_ASOS,4/17/2024 1:00,0
PKV,TX_ASOS,4/17/2024 2:00,0
PKV,TX_ASOS,4/17/2024 3:00,0
PKV,TX_ASOS,4/17/2024 4:00,0
PKV,TX_ASOS,4/17/2024 5:00,0
PKV,TX_ASOS,4/17/2024 6:00,0
PKV,TX_ASOS,4/17/2024 7:00,0
PKV,TX_ASOS,4/17/2024 8:00,0
PKV,TX_ASOS,4/17/2024 9:00,0
PKV,TX_ASOS,4/17/2024 10:00,0
PKV,TX_ASOS,4/17/2024 11:00,0
PKV,TX_ASOS,4/17/2024 12:00,0
PKV,TX_ASOS,4/17/2024 13:00,0
PKV,TX_ASOS,4/17/2024 14:00,0
PKV,TX_ASOS,4/17/2024 15:00,0
PKV,TX_ASOS,4/17/2024 16:00,0
PKV,TX_ASOS,4/17/2024 17:00,0
PKV,TX_ASOS,4/17/2024 18:00,0
PKV,TX_ASOS,4/17/2024 19:00,0
PKV,TX_ASOS,4/17/2024 20:00,0
PKV,TX_ASOS,4/17/2024 21:00,0
PKV,TX_ASOS,4/17/2024 22:00,0
PKV,TX_ASOS,4/17/2024 23:00,0
PKV,TX_ASOS,4/18/2024 0:00,0
PKV,TX_ASOS,4/18/2024 1:00,0
PKV,TX_ASOS,4/18/2024 2:00,0
PKV,TX_ASOS,4/18/2024 3:00,0
PKV,TX_ASOS,4/18/2024 4:00,0
PKV,TX_ASOS,4/18/2024 5:00,0
PKV,TX_ASOS,4/18/2024 6:00,0
PKV,TX_ASOS,4/18/2024 7:00,0
PKV,TX_ASOS,4/18/2024 8:00,0
PKV,TX_ASOS,4/18/2024 9:00,0
PKV,TX_ASOS,4/18/2024 10:00,0
PKV,TX_ASOS,4/18/2024 11:00,0
PKV,TX_ASOS,4/18/2024 12:00,0
PKV,TX_ASOS,4/18/2024 13:00,0
PKV,TX_ASOS,4/18/2024 14:00,0
PKV,TX_ASOS,4/18/2024 15:00,0
PKV,TX_ASOS,4/18/2024 16:00,0
PKV,TX_ASOS,4/18/2024 17:00,0
PKV,TX_ASOS,4/18/2024 18:00,0
PKV,TX_ASOS,4/18/2024 19:00,0
PKV,TX_ASOS,4/18/2024 20:00,0
PKV,TX_ASOS,4/18/2024 21:00,0
PKV,TX_ASOS,4/18/2024 22:00,0
PKV,TX_ASOS,4/18/2024 23:00,0
PKV,TX_ASOS,4/19/2024 0:00,0
PKV,TX_ASOS,4/19/2024 1:00,0
PKV,TX_ASOS,4/19/2024 2:00,0
PKV,TX_ASOS,4/19/2024 3:00,0
PKV,TX_ASOS,4/19/2024 4:00,0
PKV,TX_ASOS,4/19/2024 5:00,0
PKV,TX_ASOS,4/19/2024 6:00,0
PKV,TX_ASOS,4/19/2024 7:00,0
PKV,TX_ASOS,4/19/2024 8:00,0
PKV,TX_ASOS,4/19/2024 9:00,0
PKV,TX_ASOS,4/19/2024 10:00,0
PKV,TX_ASOS,4/19/2024 11:00,0
PKV,TX_ASOS,4/19/2024 12:00,0
PKV,TX_ASOS,4/19/2024 13:00,0
PKV,TX_ASOS,4/19/2024 14:00,0
PKV,TX_ASOS,4/19/2024 15:00,0
PKV,TX_ASOS,4/19/2024 16:00,0
PKV,TX_ASOS,4/19/2024 17:00,0
PKV,TX_ASOS,4/19/2024 18:00,0
PKV,TX_ASOS,4/19/2024 19:00,0
PKV,TX_ASOS,4/19/2024 20:00,0
PKV,TX_ASOS,4/19/2024 21:00,0
PKV,TX_ASOS,4/19/2024 22:00,0
PKV,TX_ASOS,4/19/2024 23:00,0
PKV,TX_ASOS,4/20/2024 0:00,0
PKV,TX_ASOS,4/20/2024 1:00,0
PKV,TX_ASOS,4/20/2024 2:00,0
PKV,TX_ASOS,4/20/2024 3:00,0
PKV,TX_ASOS,4/20/2024 4:00,0
PKV,TX_ASOS,4/20/2024 5:00,0
PKV,TX_ASOS,4/20/2024 6:00,0
PKV,TX_ASOS,4/20/2024 7:00,0
PKV,TX_ASOS,4/20/2024 8:00,0
PKV,TX_ASOS,4/20/2024 9:00,0
PKV,TX_ASOS,4/20/2024 10:00,0
PKV,TX_ASOS,4/20/2024 11:00,0
PKV,TX_ASOS,4/20/2024 12:00,0
PKV,TX_ASOS,4/20/2024 13:00,0
PKV,TX_ASOS,4/20/2024 14:00,0
PKV,TX_ASOS,4/20/2024 15:00,0
PKV,TX_ASOS,4/20/2024 16:00,0
PKV,TX_ASOS,4/20/2024 17:00,0
PKV,TX_ASOS,4/20/2024 18:00,0
PKV,TX_ASOS,4/20/2024 19:00,0
PKV,TX_ASOS,4/20/2024 20:00,0
PKV,TX_ASOS,4/20/2024 21:00,0
PKV,TX_ASOS,4/20/2024 22:00,0
PKV,TX_ASOS,4/20/2024 23:00,0
PKV,TX_ASOS,4/21/2024 0:00,0
PKV,TX_ASOS,4/21/2024 1:00,0
PKV,TX_ASOS,4/21/2024 2:00,0.03
PKV,TX_ASOS,4/21/2024 3:00,0
PKV,TX_ASOS,4/21/2024 4:00,0
PKV,TX_ASOS,4/21/2024 5:00,0
PKV,TX_ASOS,4/21/2024 6:00,0
PKV,TX_ASOS,4/21/2024 7:00,0
PKV,TX_ASOS,4/21/2024 8:00,0
PKV,TX_ASOS,4/21/2024 9:00,0
PKV,TX_ASOS,4/21/2024 10:00,0
PKV,TX_ASOS,4/21/2024 11:00,0
PKV,TX_ASOS,4/21/2024 12:00,0
PKV,TX_ASOS,4/21/2024 13:00,0
PKV,TX_ASOS,4/21/2024 14:00,0
PKV,TX_ASOS,4/21/2024 15:00,0
PKV,TX_ASOS,4/21/2024 16:00,0
PKV,TX_ASOS,4/21/2024 17:00,0
PKV,TX_ASOS,4/21/2024 18:00,0
PKV,TX_ASOS,4/21/2024 19:00,0
PKV,TX_ASOS,4/21/2024 20:00,0
PKV,TX_ASOS,4/21/2024 21:00,0
PKV,TX_ASOS,4/21/2024 22:00,0
PKV,TX_ASOS,4/21/2024 23:00,0
PKV,TX_ASOS,4/22/2024 0:00,0
PKV,TX_ASOS,4/22/2024 1:00,0
PKV,TX_ASOS,4/22/2024 2:00,0
PKV,TX_ASOS,4/22/2024 3:00,0
PKV,TX_ASOS,4/22/2024 4:00,0
PKV,TX_ASOS,4/22/2024 5:00,0
PKV,TX_ASOS,4/22/2024 6:00,0
PKV,TX_ASOS,4/22/2024 7:00,0
PKV,TX_ASOS,4/22/2024 8:00,0
PKV,TX_ASOS,4/22/2024 9:00,0
PKV,TX_ASOS,4/22/2024 10:00,0
PKV,TX_ASOS,4/22/2024 11:00,0
PKV,TX_ASOS,4/22/2024 12:00,0
PKV,TX_ASOS,4/22/2024 13:00,0
PKV,TX_ASOS,4/22/2024 14:00,0
PKV,TX_ASOS,4/22/2024 15:00,0
PKV,TX_ASOS,4/22/2024 16:00,0
PKV,TX_ASOS,4/22/2024 17:00,0
PKV,TX_ASOS,4/22/2024 18:00,0
PKV,TX_ASOS,4/22/2024 19:00,0
PKV,TX_ASOS,4/22/2024 20:00,0
PKV,TX_ASOS,4/22/2024 21:00,0
PKV,TX_ASOS,4/22/2024 22:00,0
PKV,TX_ASOS,4/22/2024 23:00,0
PKV,TX_ASOS,4/23/2024 0:00,0
PKV,TX_ASOS,4/23/2024 1:00,0
PKV,TX_ASOS,4/23/2024 2:00,0
PKV,TX_ASOS,4/23/2024 3:00,0
PKV,TX_ASOS,4/23/2024 4:00,0
PKV,TX_ASOS,4/23/2024 5:00,0
PKV,TX_ASOS,4/23/2024 6:00,0
PKV,TX_ASOS,4/23/2024 7:00,0
PKV,TX_ASOS,4/23/2024 8:00,0
PKV,TX_ASOS,4/23/2024 9:00,0
PKV,TX_ASOS,4/23/2024 10:00,0
PKV,TX_ASOS,4/23/2024 11:00,0
PKV,TX_ASOS,4/23/2024 12:00,0
PKV,TX_ASOS,4/23/2024 13:00,0
PKV,TX_ASOS,4/23/2024 14:00,0
PKV,TX_ASOS,4/23/2024 15:00,0
PKV,TX_ASOS,4/23/2024 16:00,0
PKV,TX_ASOS,4/23/2024 17:00,0
PKV,TX_ASOS,4/23/2024 18:00,0
PKV,TX_ASOS,4/23/2024 19:00,0
PKV,TX_ASOS,4/23/2024 20:00,0
PKV,TX_ASOS,4/23/2024 21:00,0
PKV,TX_ASOS,4/23/2024 22:00,0
PKV,TX_ASOS,4/23/2024 23:00,0
PKV,TX_ASOS,4/24/2024 0:00,0
PKV,TX_ASOS,4/24/2024 1:00,0
PKV,TX_ASOS,4/24/2024 2:00,0
PKV,TX_ASOS,4/24/2024 3:00,0
PKV,TX_ASOS,4/24/2024 4:00,0
PKV,TX_ASOS,4/24/2024 5:00,0
PKV,TX_ASOS,4/24/2024 6:00,0
PKV,TX_ASOS,4/24/2024 7:00,0
PKV,TX_ASOS,4/24/2024 8:00,0
PKV,TX_ASOS,4/24/2024 9:00,0
PKV,TX_ASOS,4/24/2024 10:00,0
PKV,TX_ASOS,4/24/2024 11:00,0
PKV,TX_ASOS,4/24/2024 12:00,0
PKV,TX_ASOS,4/24/2024 13:00,0
PKV,TX_ASOS,4/24/2024 14:00,0
PKV,TX_ASOS,4/24/2024 15:00,0
PKV,TX_ASOS,4/24/2024 16:00,0
PKV,TX_ASOS,4/24/2024 17:00,0
PKV,TX_ASOS,4/24/2024 18:00,0
PKV,TX_ASOS,4/24/2024 19:00,0
PKV,TX_ASOS,4/24/2024 20:00,0
PKV,TX_ASOS,4/24/2024 21:00,0
PKV,TX_ASOS,4/24/2024 22:00,0
PKV,TX_ASOS,4/24/2024 23:00,0
PKV,TX_ASOS,4/25/2024 0:00,0
PKV,TX_ASOS,4/25/2024 1:00,0
PKV,TX_ASOS,4/25/2024 2:00,0
PKV,TX_ASOS,4/25/2024 3:00,0
PKV,TX_ASOS,4/25/2024 4:00,0
PKV,TX_ASOS,4/25/2024 5:00,0
PKV,TX_ASOS,4/25/2024 6:00,0
PKV,TX_ASOS,4/25/2024 7:00,0
PKV,TX_ASOS,4/25/2024 8:00,0
PKV,TX_ASOS,4/25/2024 9:00,0
PKV,TX_ASOS,4/25/2024 10:00,0
PKV,TX_ASOS,4/25/2024 11:00,0
PKV,TX_ASOS,4/25/2024 12:00,0
PKV,TX_ASOS,4/25/2024 13:00,0
PKV,TX_ASOS,4/25/2024 14:00,0
PKV,TX_ASOS,4/25/2024 15:00,0
PKV,TX_ASOS,4/25/2024 16:00,0
PKV,TX_ASOS,4/25/2024 17:00,0
PKV,TX_ASOS,4/25/2024 18:00,0
PKV,TX_ASOS,4/25/2024 19:00,0
PKV,TX_ASOS,4/25/2024 20:00,0
PKV,TX_ASOS,4/25/2024 21:00,0
PKV,TX_ASOS,4/25/2024 22:00,0
PKV,TX_ASOS,4/25/2024 23:00,0
PKV,TX_ASOS,4/26/2024 0:00,0
PKV,TX_ASOS,4/26/2024 1:00,0
PKV,TX_ASOS,4/26/2024 2:00,0
PKV,TX_ASOS,4/26/2024 3:00,0
PKV,TX_ASOS,4/26/2024 4:00,0
PKV,TX_ASOS,4/26/2024 5:00,0
PKV,TX_ASOS,4/26/2024 6:00,0
PKV,TX_ASOS,4/26/2024 7:00,0
PKV,TX_ASOS,4/26/2024 8:00,0
PKV,TX_ASOS,4/26/2024 9:00,0
PKV,TX_ASOS,4/26/2024 10:00,0
PKV,TX_ASOS,4/26/2024 11:00,0
PKV,TX_ASOS,4/26/2024 12:00,0
PKV,TX_ASOS,4/26/2024 13:00,0
PKV,TX_ASOS,4/26/2024 14:00,0
PKV,TX_ASOS,4/26/2024 15:00,0
PKV,TX_ASOS,4/26/2024 16:00,0
PKV,TX_ASOS,4/26/2024 17:00,0
PKV,TX_ASOS,4/26/2024 18:00,0
PKV,TX_ASOS,4/26/2024 19:00,0
PKV,TX_ASOS,4/26/2024 20:00,0
PKV,TX_ASOS,4/26/2024 21:00,0
PKV,TX_ASOS,4/26/2024 22:00,0
PKV,TX_ASOS,4/26/2024 23:00,0
PKV,TX_ASOS,4/27/2024 0:00,0
PKV,TX_ASOS,4/27/2024 1:00,0
PKV,TX_ASOS,4/27/2024 2:00,0
PKV,TX_ASOS,4/27/2024 3:00,0
PKV,TX_ASOS,4/27/2024 4:00,0
PKV,TX_ASOS,4/27/2024 5:00,0
PKV,TX_ASOS,4/27/2024 6:00,0
PKV,TX_ASOS,4/27/2024 7:00,0
PKV,TX_ASOS,4/27/2024 8:00,0
PKV,TX_ASOS,4/27/2024 9:00,0
PKV,TX_ASOS,4/27/2024 10:00,0
PKV,TX_ASOS,4/27/2024 11:00,0
PKV,TX_ASOS,4/27/2024 12:00,0
PKV,TX_ASOS,4/27/2024 13:00,0
PKV,TX_ASOS,4/27/2024 14:00,0
PKV,TX_ASOS,4/27/2024 15:00,0
PKV,TX_ASOS,4/27/2024 16:00,0
PKV,TX_ASOS,4/27/2024 17:00,0
PKV,TX_ASOS,4/27/2024 18:00,0
PKV,TX_ASOS,4/27/2024 19:00,0
PKV,TX_ASOS,4/27/2024 20:00,0
PKV,TX_ASOS,4/27/2024 21:00,0
PKV,TX_ASOS,4/27/2024 22:00,0
PKV,TX_ASOS,4/27/2024 23:00,0
PKV,TX_ASOS,4/28/2024 0:00,0
PKV,TX_ASOS,4/28/2024 1:00,0
PKV,TX_ASOS,4/28/2024 2:00,0
PKV,TX_ASOS,4/28/2024 3:00,0
PKV,TX_ASOS,4/28/2024 4:00,0
PKV,TX_ASOS,4/28/2024 5:00,0
PKV,TX_ASOS,4/28/2024 6:00,0
PKV,TX_ASOS,4/28/2024 7:00,0
PKV,TX_ASOS,4/28/2024 8:00,0
PKV,TX_ASOS,4/28/2024 9:00,0
PKV,TX_ASOS,4/28/2024 10:00,0
PKV,TX_ASOS,4/28/2024 11:00,0
PKV,TX_ASOS,4/28/2024 12:00,0
PKV,TX_ASOS,4/28/2024 13:00,0.04
PKV,TX_ASOS,4/28/2024 14:00,0.04
PKV,TX_ASOS,4/28/2024 15:00,0
PKV,TX_ASOS,4/28/2024 16:00,0
PKV,TX_ASOS,4/28/2024 17:00,0
PKV,TX_ASOS,4/28/2024 18:00,0
PKV,TX_ASOS,4/28/2024 19:00,0
PKV,TX_ASOS,4/28/2024 20:00,0
PKV,TX_ASOS,4/28/2024 21:00,0
PKV,TX_ASOS,4/28/2024 22:00,0
PKV,TX_ASOS,4/28/2024 23:00,0
PKV,TX_ASOS,4/29/2024 0:00,0
PKV,TX_ASOS,4/29/2024 1:00,0
PKV,TX_ASOS,4/29/2024 2:00,0
PKV,TX_ASOS,4/29/2024 3:00,0
PKV,TX_ASOS,4/29/2024 4:00,0
PKV,TX_ASOS,4/29/2024 5:00,0
PKV,TX_ASOS,4/29/2024 6:00,0
PKV,TX_ASOS,4/29/2024 7:00,0
PKV,TX_ASOS,4/29/2024 8:00,0
PKV,TX_ASOS,4/29/2024 9:00,0
PKV,TX_ASOS,4/29/2024 10:00,0.01
PKV,TX_ASOS,4/29/2024 11:00,0
PKV,TX_ASOS,4/29/2024 12:00,0
PKV,TX_ASOS,4/29/2024 13:00,0
PKV,TX_ASOS,4/29/2024 14:00,0
PKV,TX_ASOS,4/29/2024 15:00,0
PKV,TX_ASOS,4/29/2024 16:00,0
PKV,TX_ASOS,4/29/2024 17:00,0
PKV,TX_ASOS,4/29/2024 18:00,0
PKV,TX_ASOS,4/29/2024 19:00,0
PKV,TX_ASOS,4/29/2024 20:00,0
PKV,TX_ASOS,4/29/2024 21:00,0
PKV,TX_ASOS,4/29/2024 22:00,0
PKV,TX_ASOS,4/29/2024 23:00,0
PKV,TX_ASOS,4/30/2024 0:00,0
PKV,TX_ASOS,4/30/2024 1:00,0
PKV,TX_ASOS,4/30/2024 2:00,0
PKV,TX_ASOS,4/30/2024 3:00,0
PKV,TX_ASOS,4/30/2024 4:00,0
PKV,TX_ASOS,4/30/2024 5:00,0
PKV,TX_ASOS,4/30/2024 6:00,0
PKV,TX_ASOS,4/30/2024 7:00,0
PKV,TX_ASOS,4/30/2024 8:00,0
PKV,TX_ASOS,4/30/2024 9:00,0
PKV,TX_ASOS,4/30/2024 10:00,0
PKV,TX_ASOS,4/30/2024 11:00,0
PKV,TX_ASOS,4/30/2024 12:00,0
PKV,TX_ASOS,4/30/2024 13:00,0
PKV,TX_ASOS,4/30/2024 14:00,0
PKV,TX_ASOS,4/30/2024 15:00,0
PKV,TX_ASOS,4/30/2024 16:00,0
PKV,TX_ASOS,4/30/2024 17:00,0
PKV,TX_ASOS,4/30/2024 18:00,0
PKV,TX_ASOS,4/30/2024 19:00,0
PKV,TX_ASOS,4/30/2024 20:00,0
PKV,TX_ASOS,4/30/2024 21:00,0
PKV,TX_ASOS,4/30/2024 22:00,0
PKV,TX_ASOS,4/30/2024 23:00,0
PKV,TX_ASOS,5/1/2024 0:00,0
PKV,TX_ASOS,5/1/2024 1:00,0
PKV,TX_ASOS,5/1/2024 2:00,0
PKV,TX_ASOS,5/1/2024 3:00,0
PKV,TX_ASOS,5/1/2024 4:00,0
PKV,TX_ASOS,5/1/2024 5:00,0
PKV,TX_ASOS,5/1/2024 6:00,0
PKV,TX_ASOS,5/1/2024 7:00,0
PKV,TX_ASOS,5/1/2024 8:00,0
PKV,TX_ASOS,5/1/2024 9:00,0
PKV,TX_ASOS,5/1/2024 10:00,0
PKV,TX_ASOS,5/1/2024 11:00,0
PKV,TX_ASOS,5/1/2024 12:00,0
PKV,TX_ASOS,5/1/2024 13:00,0
PKV,TX_ASOS,5/1/2024 14:00,0
PKV,TX_ASOS,5/1/2024 15:00,0
PKV,TX_ASOS,5/1/2024 16:00,0
PKV,TX_ASOS,5/1/2024 17:00,0
PKV,TX_ASOS,5/1/2024 18:00,0
PKV,TX_ASOS,5/1/2024 19:00,0
PKV,TX_ASOS,5/1/2024 20:00,0
PKV,TX_ASOS,5/1/2024 21:00,0
PKV,TX_ASOS,5/1/2024 22:00,0
PKV,TX_ASOS,5/1/2024 23:00,0
PKV,TX_ASOS,5/2/2024 0:00,0
PKV,TX_ASOS,5/2/2024 1:00,0
PKV,TX_ASOS,5/2/2024 2:00,0
PKV,TX_ASOS,5/2/2024 3:00,0
PKV,TX_ASOS,5/2/2024 4:00,0
PKV,TX_ASOS,5/2/2024 5:00,0
PKV,TX_ASOS,5/2/2024 6:00,0
PKV,TX_ASOS,5/2/2024 7:00,0
PKV,TX_ASOS,5/2/2024 8:00,0
PKV,TX_ASOS,5/2/2024 9:00,0
PKV,TX_ASOS,5/2/2024 10:00,0
PKV,TX_ASOS,5/2/2024 11:00,0
PKV,TX_ASOS,5/2/2024 12:00,0
PKV,TX_ASOS,5/2/2024 13:00,0
PKV,TX_ASOS,5/2/2024 14:00,0
PKV,TX_ASOS,5/2/2024 15:00,0
PKV,TX_ASOS,5/2/2024 16:00,0
PKV,TX_ASOS,5/2/2024 17:00,0
PKV,TX_ASOS,5/2/2024 18:00,0
PKV,TX_ASOS,5/2/2024 19:00,0
PKV,TX_ASOS,5/2/2024 20:00,0
PKV,TX_ASOS,5/2/2024 21:00,0
PKV,TX_ASOS,5/2/2024 22:00,0
PKV,TX_ASOS,5/2/2024 23:00,0
PKV,TX_ASOS,5/3/2024 0:00,0
PKV,TX_ASOS,5/3/2024 1:00,0
PKV,TX_ASOS,5/3/2024 2:00,0
PKV,TX_ASOS,5/3/2024 3:00,0
PKV,TX_ASOS,5/3/2024 4:00,0
PKV,TX_ASOS,5/3/2024 5:00,0
PKV,TX_ASOS,5/3/2024 6:00,0
PKV,TX_ASOS,5/3/2024 7:00,0
PKV,TX_ASOS,5/3/2024 8:00,0
PKV,TX_ASOS,5/3/2024 9:00,0
PKV,TX_ASOS,5/3/2024 10:00,0
PKV,TX_ASOS,5/3/2024 11:00,0
PKV,TX_ASOS,5/3/2024 12:00,0
PKV,TX_ASOS,5/3/2024 13:00,0
PKV,TX_ASOS,5/3/2024 14:00,0
PKV,TX_ASOS,5/3/2024 15:00,0
PKV,TX_ASOS,5/3/2024 16:00,0
PKV,TX_ASOS,5/3/2024 17:00,0
PKV,TX_ASOS,5/3/2024 18:00,0
PKV,TX_ASOS,5/3/2024 19:00,0
PKV,TX_ASOS,5/3/2024 20:00,0
PKV,TX_ASOS,5/3/2024 21:00,0
PKV,TX_ASOS,5/3/2024 22:00,0
PKV,TX_ASOS,5/3/2024 23:00,0
PKV,TX_ASOS,5/4/2024 0:00,0
PKV,TX_ASOS,5/4/2024 1:00,0
PKV,TX_ASOS,5/4/2024 2:00,0
PKV,TX_ASOS,5/4/2024 3:00,0
PKV,TX_ASOS,5/4/2024 4:00,0
PKV,TX_ASOS,5/4/2024 5:00,0
PKV,TX_ASOS,5/4/2024 6:00,0
PKV,TX_ASOS,5/4/2024 7:00,0
PKV,TX_ASOS,5/4/2024 8:00,0
PKV,TX_ASOS,5/4/2024 9:00,0
PKV,TX_ASOS,5/4/2024 10:00,0
PKV,TX_ASOS,5/4/2024 11:00,0
PKV,TX_ASOS,5/4/2024 12:00,0
PKV,TX_ASOS,5/4/2024 13:00,0
PKV,TX_ASOS,5/4/2024 14:00,0
PKV,TX_ASOS,5/4/2024 15:00,0
PKV,TX_ASOS,5/4/2024 16:00,0
PKV,TX_ASOS,5/4/2024 17:00,0
PKV,TX_ASOS,5/4/2024 18:00,0
PKV,TX_ASOS,5/4/2024 19:00,0
PKV,TX_ASOS,5/4/2024 20:00,0
PKV,TX_ASOS,5/4/2024 21:00,0
PKV,TX_ASOS,5/4/2024 22:00,0
PKV,TX_ASOS,5/4/2024 23:00,0
PKV,TX_ASOS,5/5/2024 0:00,0
PKV,TX_ASOS,5/5/2024 1:00,0
PKV,TX_ASOS,5/5/2024 2:00,0
PKV,TX_ASOS,5/5/2024 3:00,0
PKV,TX_ASOS,5/5/2024 4:00,0
PKV,TX_ASOS,5/5/2024 5:00,0
PKV,TX_ASOS,5/5/2024 6:00,0
PKV,TX_ASOS,5/5/2024 7:00,0
PKV,TX_ASOS,5/5/2024 8:00,0
PKV,TX_ASOS,5/5/2024 9:00,0
PKV,TX_ASOS,5/5/2024 10:00,0.04
PKV,TX_ASOS,5/5/2024 11:00,0.49
PKV,TX_ASOS,5/5/2024 12:00,0
PKV,TX_ASOS,5/5/2024 13:00,0
PKV,TX_ASOS,5/5/2024 14:00,0
PKV,TX_ASOS,5/5/2024 15:00,0
PKV,TX_ASOS,5/5/2024 16:00,0
PKV,TX_ASOS,5/5/2024 17:00,0
PKV,TX_ASOS,5/5/2024 18:00,0
PKV,TX_ASOS,5/5/2024 19:00,0
PKV,TX_ASOS,5/5/2024 20:00,0
PKV,TX_ASOS,5/5/2024 21:00,0
PKV,TX_ASOS,5/5/2024 22:00,0
PKV,TX_ASOS,5/5/2024 23:00,0
PKV,TX_ASOS,5/6/2024 0:00,0
PKV,TX_ASOS,5/6/2024 1:00,0
PKV,TX_ASOS,5/6/2024 2:00,0
PKV,TX_ASOS,5/6/2024 3:00,0
PKV,TX_ASOS,5/6/2024 4:00,0
PKV,TX_ASOS,5/6/2024 5:00,0
PKV,TX_ASOS,5/6/2024 6:00,0
PKV,TX_ASOS,5/6/2024 7:00,0
PKV,TX_ASOS,5/6/2024 8:00,0
PKV,TX_ASOS,5/6/2024 9:00,0
PKV,TX_ASOS,5/6/2024 10:00,0
PKV,TX_ASOS,5/6/2024 11:00,0
PKV,TX_ASOS,5/6/2024 12:00,0
PKV,TX_ASOS,5/6/2024 13:00,0
PKV,TX_ASOS,5/6/2024 14:00,0
PKV,TX_ASOS,5/6/2024 15:00,0
PKV,TX_ASOS,5/6/2024 16:00,0
PKV,TX_ASOS,5/6/2024 17:00,0
PKV,TX_ASOS,5/6/2024 18:00,0
PKV,TX_ASOS,5/6/2024 19:00,0
PKV,TX_ASOS,5/6/2024 20:00,0
PKV,TX_ASOS,5/6/2024 21:00,0
PKV,TX_ASOS,5/6/2024 22:00,0
PKV,TX_ASOS,5/6/2024 23:00,0
PKV,TX_ASOS,5/7/2024 0:00,0
PKV,TX_ASOS,5/7/2024 1:00,0
PKV,TX_ASOS,5/7/2024 2:00,0
PKV,TX_ASOS,5/7/2024 3:00,0
PKV,TX_ASOS,5/7/2024 4:00,0
PKV,TX_ASOS,5/7/2024 5:00,0
PKV,TX_ASOS,5/7/2024 6:00,0
PKV,TX_ASOS,5/7/2024 7:00,0
PKV,TX_ASOS,5/7/2024 8:00,0
PKV,TX_ASOS,5/7/2024 9:00,0
PKV,TX_ASOS,5/7/2024 10:00,0
PKV,TX_ASOS,5/7/2024 11:00,0
PKV,TX_ASOS,5/7/2024 12:00,0
PKV,TX_ASOS,5/7/2024 13:00,0
PKV,TX_ASOS,5/7/2024 14:00,0
PKV,TX_ASOS,5/7/2024 15:00,0
PKV,TX_ASOS,5/7/2024 16:00,0
PKV,TX_ASOS,5/7/2024 17:00,0
PKV,TX_ASOS,5/7/2024 18:00,0
PKV,TX_ASOS,5/7/2024 19:00,0
PKV,TX_ASOS,5/7/2024 20:00,0
PKV,TX_ASOS,5/7/2024 21:00,0
PKV,TX_ASOS,5/7/2024 22:00,0
PKV,TX_ASOS,5/8/2024 0:00,0
PKV,TX_ASOS,5/8/2024 1:00,0
PKV,TX_ASOS,5/8/2024 2:00,0
PKV,TX_ASOS,5/8/2024 3:00,0
PKV,TX_ASOS,5/8/2024 4:00,0
PKV,TX_ASOS,5/8/2024 5:00,0
PKV,TX_ASOS,5/8/2024 6:00,0
PKV,TX_ASOS,5/8/2024 7:00,0
PKV,TX_ASOS,5/8/2024 8:00,0
PKV,TX_ASOS,5/8/2024 9:00,0
PKV,TX_ASOS,5/8/2024 10:00,0
PKV,TX_ASOS,5/8/2024 11:00,0
PKV,TX_ASOS,5/8/2024 12:00,0
PKV,TX_ASOS,5/8/2024 13:00,0
PKV,TX_ASOS,5/8/2024 14:00,0
PKV,TX_ASOS,5/8/2024 15:00,0
PKV,TX_ASOS,5/8/2024 16:00,0
PKV,TX_ASOS,5/8/2024 17:00,0
PKV,TX_ASOS,5/8/2024 18:00,0
PKV,TX_ASOS,5/8/2024 19:00,0
PKV,TX_ASOS,5/8/2024 20:00,0
PKV,TX_ASOS,5/8/2024 21:00,0
PKV,TX_ASOS,5/8/2024 22:00,0
PKV,TX_ASOS,5/8/2024 23:00,0
PKV,TX_ASOS,5/9/2024 0:00,0
PKV,TX_ASOS,5/9/2024 1:00,0
PKV,TX_ASOS,5/9/2024 2:00,0
PKV,TX_ASOS,5/9/2024 3:00,0
PKV,TX_ASOS,5/9/2024 4:00,0
PKV,TX_ASOS,5/9/2024 5:00,0
PKV,TX_ASOS,5/9/2024 6:00,0
PKV,TX_ASOS,5/9/2024 7:00,0
PKV,TX_ASOS,5/9/2024 8:00,0
PKV,TX_ASOS,5/9/2024 9:00,0
PKV,TX_ASOS,5/9/2024 10:00,0
PKV,TX_ASOS,5/9/2024 11:00,0
PKV,TX_ASOS,5/9/2024 12:00,0
PKV,TX_ASOS,5/9/2024 13:00,0
PKV,TX_ASOS,5/9/2024 14:00,0
PKV,TX_ASOS,5/9/2024 15:00,0
PKV,TX_ASOS,5/9/2024 16:00,0
PKV,TX_ASOS,5/9/2024 17:00,0
PKV,TX_ASOS,5/9/2024 18:00,0
PKV,TX_ASOS,5/9/2024 19:00,0
PKV,TX_ASOS,5/9/2024 20:00,0
PKV,TX_ASOS,5/9/2024 21:00,0
PKV,TX_ASOS,5/9/2024 22:00,0
PKV,TX_ASOS,5/9/2024 23:00,0
PKV,TX_ASOS,5/10/2024 0:00,0
PKV,TX_ASOS,5/10/2024 1:00,0
PKV,TX_ASOS,5/10/2024 2:00,0
PKV,TX_ASOS,5/10/2024 3:00,0
PKV,TX_ASOS,5/10/2024 4:00,0
PKV,TX_ASOS,5/10/2024 5:00,0
PKV,TX_ASOS,5/10/2024 6:00,0
PKV,TX_ASOS,5/10/2024 7:00,0
PKV,TX_ASOS,5/10/2024 8:00,0
PKV,TX_ASOS,5/10/2024 9:00,0
PKV,TX_ASOS,5/10/2024 10:00,0
PKV,TX_ASOS,5/10/2024 11:00,0
PKV,TX_ASOS,5/10/2024 12:00,0
PKV,TX_ASOS,5/10/2024 13:00,0
PKV,TX_ASOS,5/10/2024 14:00,0
PKV,TX_ASOS,5/10/2024 15:00,0
PKV,TX_ASOS,5/10/2024 16:00,0
PKV,TX_ASOS,5/10/2024 17:00,0
PKV,TX_ASOS,5/10/2024 18:00,0
PKV,TX_ASOS,5/10/2024 19:00,0
PKV,TX_ASOS,5/10/2024 20:00,0
PKV,TX_ASOS,5/10/2024 21:00,0
PKV,TX_ASOS,5/10/2024 22:00,0
PKV,TX_ASOS,5/10/2024 23:00,0
PKV,TX_ASOS,5/11/2024 0:00,0
PKV,TX_ASOS,5/11/2024 1:00,0
PKV,TX_ASOS,5/11/2024 2:00,0
PKV,TX_ASOS,5/11/2024 3:00,0
PKV,TX_ASOS,5/11/2024 4:00,0
PKV,TX_ASOS,5/11/2024 5:00,0
PKV,TX_ASOS,5/11/2024 6:00,0
PKV,TX_ASOS,5/11/2024 7:00,0
PKV,TX_ASOS,5/11/2024 8:00,0
PKV,TX_ASOS,5/11/2024 9:00,0
PKV,TX_ASOS,5/11/2024 10:00,0
PKV,TX_ASOS,5/11/2024 11:00,0
PKV,TX_ASOS,5/11/2024 12:00,0
PKV,TX_ASOS,5/11/2024 13:00,0
PKV,TX_ASOS,5/11/2024 14:00,0
PKV,TX_ASOS,5/11/2024 15:00,0
PKV,TX_ASOS,5/11/2024 16:00,0
PKV,TX_ASOS,5/11/2024 17:00,0
PKV,TX_ASOS,5/11/2024 18:00,0
PKV,TX_ASOS,5/11/2024 19:00,0
PKV,TX_ASOS,5/11/2024 20:00,0
PKV,TX_ASOS,5/11/2024 21:00,0
PKV,TX_ASOS,5/11/2024 22:00,0
PKV,TX_ASOS,5/11/2024 23:00,0
PKV,TX_ASOS,5/12/2024 0:00,0
PKV,TX_ASOS,5/12/2024 1:00,0
PKV,TX_ASOS,5/12/2024 2:00,0
PKV,TX_ASOS,5/12/2024 3:00,0
PKV,TX_ASOS,5/12/2024 4:00,0
PKV,TX_ASOS,5/12/2024 5:00,0
PKV,TX_ASOS,5/12/2024 6:00,0
PKV,TX_ASOS,5/12/2024 7:00,0
PKV,TX_ASOS,5/12/2024 8:00,0
PKV,TX_ASOS,5/12/2024 9:00,0
PKV,TX_ASOS,5/12/2024 10:00,0
PKV,TX_ASOS,5/12/2024 11:00,0
PKV,TX_ASOS,5/12/2024 12:00,0
PKV,TX_ASOS,5/12/2024 13:00,0
PKV,TX_ASOS,5/12/2024 14:00,0
PKV,TX_ASOS,5/12/2024 15:00,0
PKV,TX_ASOS,5/12/2024 16:00,0
PKV,TX_ASOS,5/12/2024 17:00,0
PKV,TX_ASOS,5/12/2024 18:00,0
PKV,TX_ASOS,5/12/2024 19:00,0
PKV,TX_ASOS,5/12/2024 20:00,0
PKV,TX_ASOS,5/12/2024 21:00,0
PKV,TX_ASOS,5/12/2024 22:00,0
PKV,TX_ASOS,5/12/2024 23:00,0
PKV,TX_ASOS,5/13/2024 0:00,0
PKV,TX_ASOS,5/13/2024 1:00,0
PKV,TX_ASOS,5/13/2024 2:00,0
PKV,TX_ASOS,5/13/2024 3:00,0
PKV,TX_ASOS,5/13/2024 4:00,0
PKV,TX_ASOS,5/13/2024 5:00,0
PKV,TX_ASOS,5/13/2024 6:00,0
PKV,TX_ASOS,5/13/2024 7:00,0
PKV,TX_ASOS,5/13/2024 8:00,0
PKV,TX_ASOS,5/13/2024 9:00,0
PKV,TX_ASOS,5/13/2024 10:00,0
PKV,TX_ASOS,5/13/2024 11:00,0
PKV,TX_ASOS,5/13/2024 12:00,0
PKV,TX_ASOS,5/13/2024 13:00,0
PKV,TX_ASOS,5/13/2024 14:00,0
PKV,TX_ASOS,5/13/2024 15:00,0.44
PKV,TX_ASOS,5/13/2024 16:00,0.32
PKV,TX_ASOS,5/13/2024 17:00,0.02
PKV,TX_ASOS,5/13/2024 18:00,0.05
PKV,TX_ASOS,5/13/2024 19:00,0
PKV,TX_ASOS,5/13/2024 20:00,0
PKV,TX_ASOS,5/13/2024 21:00,0
PKV,TX_ASOS,5/13/2024 22:00,0
PKV,TX_ASOS,5/13/2024 23:00,0
PKV,TX_ASOS,5/14/2024 0:00,0
PKV,TX_ASOS,5/14/2024 1:00,0
PKV,TX_ASOS,5/14/2024 2:00,0
PKV,TX_ASOS,5/14/2024 3:00,0
PKV,TX_ASOS,5/14/2024 4:00,0
PKV,TX_ASOS,5/14/2024 5:00,0
PKV,TX_ASOS,5/14/2024 6:00,0.01
PKV,TX_ASOS,5/14/2024 7:00,0
PKV,TX_ASOS,5/14/2024 8:00,0
PKV,TX_ASOS,5/14/2024 9:00,0
PKV,TX_ASOS,5/14/2024 10:00,0
PKV,TX_ASOS,5/14/2024 11:00,0
PKV,TX_ASOS,5/14/2024 12:00,0
PKV,TX_ASOS,5/14/2024 13:00,0
PKV,TX_ASOS,5/14/2024 14:00,0
PKV,TX_ASOS,5/14/2024 15:00,0
PKV,TX_ASOS,5/14/2024 16:00,0
PKV,TX_ASOS,5/14/2024 17:00,0
PKV,TX_ASOS,5/14/2024 18:00,0
PKV,TX_ASOS,5/14/2024 19:00,0
PKV,TX_ASOS,5/14/2024 20:00,0
PKV,TX_ASOS,5/14/2024 21:00,0
PKV,TX_ASOS,5/14/2024 22:00,0
PKV,TX_ASOS,5/14/2024 23:00,0
PKV,TX_ASOS,5/15/2024 0:00,0
PKV,TX_ASOS,5/15/2024 1:00,0
PKV,TX_ASOS,5/15/2024 2:00,0
PKV,TX_ASOS,5/15/2024 3:00,0
PKV,TX_ASOS,5/15/2024 4:00,0
PKV,TX_ASOS,5/15/2024 5:00,0
PKV,TX_ASOS,5/15/2024 6:00,0
PKV,TX_ASOS,5/15/2024 7:00,0
PKV,TX_ASOS,5/15/2024 8:00,0
PKV,TX_ASOS,5/15/2024 9:00,0
PKV,TX_ASOS,5/15/2024 10:00,0
PKV,TX_ASOS,5/15/2024 11:00,0
PKV,TX_ASOS,5/15/2024 12:00,0
PKV,TX_ASOS,5/15/2024 13:00,0
PKV,TX_ASOS,5/15/2024 14:00,0
PKV,TX_ASOS,5/15/2024 15:00,0
PKV,TX_ASOS,5/15/2024 16:00,0
PKV,TX_ASOS,5/15/2024 17:00,0
PKV,TX_ASOS,5/15/2024 18:00,0
PKV,TX_ASOS,5/15/2024 19:00,0
PKV,TX_ASOS,5/15/2024 20:00,0
PKV,TX_ASOS,5/15/2024 21:00,0
PKV,TX_ASOS,5/15/2024 22:00,0
PKV,TX_ASOS,5/15/2024 23:00,0
PKV,TX_ASOS,5/16/2024 0:00,0
PKV,TX_ASOS,5/16/2024 1:00,0
PKV,TX_ASOS,5/16/2024 2:00,0
PKV,TX_ASOS,5/16/2024 3:00,0
PKV,TX_ASOS,5/16/2024 4:00,0
PKV,TX_ASOS,5/16/2024 5:00,0
PKV,TX_ASOS,5/16/2024 6:00,0
PKV,TX_ASOS,5/16/2024 7:00,0
PKV,TX_ASOS,5/16/2024 8:00,0
PKV,TX_ASOS,5/16/2024 9:00,0
PKV,TX_ASOS,5/16/2024 10:00,0
PKV,TX_ASOS,5/16/2024 11:00,0
PKV,TX_ASOS,5/16/2024 12:00,0
PKV,TX_ASOS,5/16/2024 13:00,0
PKV,TX_ASOS,5/16/2024 14:00,0
PKV,TX_ASOS,5/16/2024 15:00,0
PKV,TX_ASOS,5/16/2024 16:00,0
PKV,TX_ASOS,5/16/2024 17:00,0
PKV,TX_ASOS,5/16/2024 18:00,0
PKV,TX_ASOS,5/16/2024 19:00,0
PKV,TX_ASOS,5/16/2024 20:00,0
PKV,TX_ASOS,5/16/2024 21:00,0
PKV,TX_ASOS,5/16/2024 22:00,0
PKV,TX_ASOS,5/16/2024 23:00,0
PKV,TX_ASOS,5/17/2024 0:00,0
PKV,TX_ASOS,5/17/2024 1:00,0
PKV,TX_ASOS,5/17/2024 2:00,0
PKV,TX_ASOS,5/17/2024 3:00,0
PKV,TX_ASOS,5/17/2024 4:00,0
PKV,TX_ASOS,5/17/2024 5:00,0
PKV,TX_ASOS,5/17/2024 6:00,0
PKV,TX_ASOS,5/17/2024 7:00,0
PKV,TX_ASOS,5/17/2024 8:00,0
PKV,TX_ASOS,5/17/2024 9:00,0
PKV,TX_ASOS,5/17/2024 10:00,0
PKV,TX_ASOS,5/17/2024 11:00,0.05
PKV,TX_ASOS,5/17/2024 12:00,0.07
PKV,TX_ASOS,5/17/2024 13:00,0.02
PKV,TX_ASOS,5/17/2024 14:00,0.03
PKV,TX_ASOS,5/17/2024 15:00,0
PKV,TX_ASOS,5/17/2024 16:00,0
PKV,TX_ASOS,5/17/2024 17:00,0
PKV,TX_ASOS,5/17/2024 18:00,0
PKV,TX_ASOS,5/17/2024 19:00,0
PKV,TX_ASOS,5/17/2024 20:00,0
PKV,TX_ASOS,5/17/2024 21:00,0
PKV,TX_ASOS,5/17/2024 22:00,0
PKV,TX_ASOS,5/17/2024 23:00,0
PKV,TX_ASOS,5/18/2024 0:00,0
PKV,TX_ASOS,5/18/2024 1:00,0
PKV,TX_ASOS,5/18/2024 2:00,0
PKV,TX_ASOS,5/18/2024 3:00,0
PKV,TX_ASOS,5/18/2024 4:00,0
PKV,TX_ASOS,5/18/2024 5:00,0
PKV,TX_ASOS,5/18/2024 6:00,0
PKV,TX_ASOS,5/18/2024 7:00,0
PKV,TX_ASOS,5/18/2024 8:00,0
PKV,TX_ASOS,5/18/2024 9:00,0
PKV,TX_ASOS,5/18/2024 10:00,0
PKV,TX_ASOS,5/18/2024 11:00,0
PKV,TX_ASOS,5/18/2024 12:00,0
PKV,TX_ASOS,5/18/2024 13:00,0
PKV,TX_ASOS,5/18/2024 14:00,0
PKV,TX_ASOS,5/18/2024 15:00,0
PKV,TX_ASOS,5/18/2024 16:00,0
PKV,TX_ASOS,5/18/2024 17:00,0
PKV,TX_ASOS,5/18/2024 18:00,0
PKV,TX_ASOS,5/18/2024 19:00,0
PKV,TX_ASOS,5/18/2024 20:00,0
PKV,TX_ASOS,5/18/2024 21:00,0
PKV,TX_ASOS,5/18/2024 22:00,0
PKV,TX_ASOS,5/18/2024 23:00,0
PKV,TX_ASOS,5/19/2024 0:00,0
PKV,TX_ASOS,5/19/2024 1:00,0
PKV,TX_ASOS,5/19/2024 2:00,0
PKV,TX_ASOS,5/19/2024 3:00,0
PKV,TX_ASOS,5/19/2024 4:00,0
PKV,TX_ASOS,5/19/2024 5:00,0
PKV,TX_ASOS,5/19/2024 6:00,0
PKV,TX_ASOS,5/19/2024 7:00,0
PKV,TX_ASOS,5/19/2024 8:00,0
PKV,TX_ASOS,5/19/2024 9:00,0
PKV,TX_ASOS,5/19/2024 10:00,0
PKV,TX_ASOS,5/19/2024 11:00,0
PKV,TX_ASOS,5/19/2024 12:00,0
PKV,TX_ASOS,5/19/2024 13:00,0
PKV,TX_ASOS,5/19/2024 14:00,0
PKV,TX_ASOS,5/19/2024 15:00,0
PKV,TX_ASOS,5/19/2024 16:00,0
PKV,TX_ASOS,5/19/2024 17:00,0
PKV,TX_ASOS,5/19/2024 18:00,0
PKV,TX_ASOS,5/19/2024 19:00,0
PKV,TX_ASOS,5/19/2024 20:00,0
PKV,TX_ASOS,5/19/2024 21:00,0
PKV,TX_ASOS,5/19/2024 22:00,0
PKV,TX_ASOS,5/19/2024 23:00,0
PKV,TX_ASOS,5/20/2024 0:00,0
PKV,TX_ASOS,5/20/2024 1:00,0
PKV,TX_ASOS,5/20/2024 2:00,0
PKV,TX_ASOS,5/20/2024 3:00,0
PKV,TX_ASOS,5/20/2024 4:00,0
PKV,TX_ASOS,5/20/2024 5:00,0
PKV,TX_ASOS,5/20/2024 6:00,0
PKV,TX_ASOS,5/20/2024 7:00,0
PKV,TX_ASOS,5/20/2024 8:00,0
PKV,TX_ASOS,5/20/2024 9:00,0
PKV,TX_ASOS,5/20/2024 10:00,0
PKV,TX_ASOS,5/20/2024 11:00,0
PKV,TX_ASOS,5/20/2024 12:00,0
PKV,TX_ASOS,5/20/2024 13:00,0
PKV,TX_ASOS,5/20/2024 14:00,0
PKV,TX_ASOS,5/20/2024 15:00,0
PKV,TX_ASOS,5/20/2024 16:00,0
PKV,TX_ASOS,5/20/2024 17:00,0
PKV,TX_ASOS,5/20/2024 18:00,0
PKV,TX_ASOS,5/20/2024 19:00,0
PKV,TX_ASOS,5/20/2024 20:00,0
PKV,TX_ASOS,5/20/2024 21:00,0
PKV,TX_ASOS,5/20/2024 22:00,0
PKV,TX_ASOS,5/20/2024 23:00,0
PKV,TX_ASOS,5/21/2024 0:00,0
PKV,TX_ASOS,5/21/2024 1:00,0
PKV,TX_ASOS,5/21/2024 2:00,0
PKV,TX_ASOS,5/21/2024 3:00,0
PKV,TX_ASOS,5/21/2024 4:00,0
PKV,TX_ASOS,5/21/2024 5:00,0
PKV,TX_ASOS,5/21/2024 6:00,0
PKV,TX_ASOS,5/21/2024 7:00,0
PKV,TX_ASOS,5/21/2024 8:00,0
PKV,TX_ASOS,5/21/2024 9:00,0
PKV,TX_ASOS,5/21/2024 10:00,0
PKV,TX_ASOS,5/21/2024 11:00,0
PKV,TX_ASOS,5/21/2024 12:00,0
PKV,TX_ASOS,5/21/2024 13:00,0
PKV,TX_ASOS,5/21/2024 14:00,0
PKV,TX_ASOS,5/21/2024 15:00,0
PKV,TX_ASOS,5/21/2024 16:00,0
PKV,TX_ASOS,5/21/2024 17:00,0
PKV,TX_ASOS,5/21/2024 18:00,0
PKV,TX_ASOS,5/21/2024 19:00,0
PKV,TX_ASOS,5/21/2024 20:00,0
PKV,TX_ASOS,5/21/2024 21:00,0
PKV,TX_ASOS,5/21/2024 22:00,0
PKV,TX_ASOS,5/21/2024 23:00,0
PKV,TX_ASOS,5/22/2024 0:00,0
PKV,TX_ASOS,5/22/2024 1:00,0
PKV,TX_ASOS,5/22/2024 2:00,0
PKV,TX_ASOS,5/22/2024 3:00,0
PKV,TX_ASOS,5/22/2024 4:00,0
PKV,TX_ASOS,5/22/2024 5:00,0
PKV,TX_ASOS,5/22/2024 6:00,0
PKV,TX_ASOS,5/22/2024 7:00,0
PKV,TX_ASOS,5/22/2024 8:00,0
PKV,TX_ASOS,5/22/2024 9:00,0
PKV,TX_ASOS,5/22/2024 10:00,0
PKV,TX_ASOS,5/22/2024 11:00,0
PKV,TX_ASOS,5/22/2024 12:00,0
PKV,TX_ASOS,5/22/2024 13:00,0
PKV,TX_ASOS,5/22/2024 14:00,0
PKV,TX_ASOS,5/22/2024 15:00,0
PKV,TX_ASOS,5/22/2024 16:00,0
PKV,TX_ASOS,5/22/2024 17:00,0
PKV,TX_ASOS,5/22/2024 18:00,0
PKV,TX_ASOS,5/22/2024 19:00,0
PKV,TX_ASOS,5/22/2024 20:00,0
PKV,TX_ASOS,5/22/2024 21:00,0
PKV,TX_ASOS,5/22/2024 22:00,0
PKV,TX_ASOS,5/22/2024 23:00,0
PKV,TX_ASOS,5/23/2024 0:00,0
PKV,TX_ASOS,5/23/2024 1:00,0
PKV,TX_ASOS,5/23/2024 2:00,0
PKV,TX_ASOS,5/23/2024 3:00,0
PKV,TX_ASOS,5/23/2024 4:00,0
PKV,TX_ASOS,5/23/2024 5:00,0
PKV,TX_ASOS,5/23/2024 6:00,0
PKV,TX_ASOS,5/23/2024 7:00,0
PKV,TX_ASOS,5/23/2024 8:00,0
PKV,TX_ASOS,5/23/2024 9:00,0
PKV,TX_ASOS,5/23/2024 10:00,0
PKV,TX_ASOS,5/23/2024 11:00,0
PKV,TX_ASOS,5/23/2024 12:00,0
PKV,TX_ASOS,5/23/2024 13:00,0
PKV,TX_ASOS,5/23/2024 14:00,0
PKV,TX_ASOS,5/23/2024 15:00,0
PKV,TX_ASOS,5/23/2024 16:00,0
PKV,TX_ASOS,5/23/2024 17:00,0
PKV,TX_ASOS,5/23/2024 18:00,0
PKV,TX_ASOS,5/23/2024 19:00,0
PKV,TX_ASOS,5/23/2024 20:00,0
PKV,TX_ASOS,5/23/2024 21:00,0
PKV,TX_ASOS,5/23/2024 22:00,0
PKV,TX_ASOS,5/23/2024 23:00,0
PKV,TX_ASOS,5/24/2024 0:00,0
PKV,TX_ASOS,5/24/2024 1:00,0
PKV,TX_ASOS,5/24/2024 2:00,0
PKV,TX_ASOS,5/24/2024 3:00,0
PKV,TX_ASOS,5/24/2024 4:00,0
PKV,TX_ASOS,5/24/2024 5:00,0
PKV,TX_ASOS,5/24/2024 6:00,0
PKV,TX_ASOS,5/24/2024 7:00,0
PKV,TX_ASOS,5/24/2024 8:00,0
PKV,TX_ASOS,5/24/2024 9:00,0
PKV,TX_ASOS,5/24/2024 10:00,0
PKV,TX_ASOS,5/24/2024 11:00,0
PKV,TX_ASOS,5/24/2024 12:00,0
PKV,TX_ASOS,5/24/2024 13:00,0
PKV,TX_ASOS,5/24/2024 14:00,0
PKV,TX_ASOS,5/24/2024 15:00,0
PKV,TX_ASOS,5/24/2024 16:00,0
PKV,TX_ASOS,5/24/2024 17:00,0
PKV,TX_ASOS,5/24/2024 18:00,0
PKV,TX_ASOS,5/24/2024 19:00,0
PKV,TX_ASOS,5/24/2024 20:00,0
PKV,TX_ASOS,5/24/2024 21:00,0
PKV,TX_ASOS,5/24/2024 22:00,0
PKV,TX_ASOS,5/24/2024 23:00,0
PKV,TX_ASOS,5/25/2024 0:00,0
PKV,TX_ASOS,5/25/2024 1:00,0
PKV,TX_ASOS,5/25/2024 2:00,0
PKV,TX_ASOS,5/25/2024 3:00,0
PKV,TX_ASOS,5/25/2024 4:00,0
PKV,TX_ASOS,5/25/2024 5:00,0
PKV,TX_ASOS,5/25/2024 6:00,0
PKV,TX_ASOS,5/25/2024 7:00,0
PKV,TX_ASOS,5/25/2024 8:00,0
PKV,TX_ASOS,5/25/2024 9:00,0
PKV,TX_ASOS,5/25/2024 10:00,0
PKV,TX_ASOS,5/25/2024 11:00,0
PKV,TX_ASOS,5/25/2024 12:00,0
PKV,TX_ASOS,5/25/2024 13:00,0
PKV,TX_ASOS,5/25/2024 14:00,0
PKV,TX_ASOS,5/25/2024 15:00,0
PKV,TX_ASOS,5/25/2024 16:00,0
PKV,TX_ASOS,5/25/2024 17:00,0
PKV,TX_ASOS,5/25/2024 18:00,0
PKV,TX_ASOS,5/25/2024 19:00,0
PKV,TX_ASOS,5/25/2024 20:00,0
PKV,TX_ASOS,5/25/2024 21:00,0
PKV,TX_ASOS,5/25/2024 22:00,0
PKV,TX_ASOS,5/25/2024 23:00,0
PKV,TX_ASOS,5/26/2024 0:00,0
PKV,TX_ASOS,5/26/2024 1:00,0
PKV,TX_ASOS,5/26/2024 2:00,0
PKV,TX_ASOS,5/26/2024 3:00,0
PKV,TX_ASOS,5/26/2024 4:00,0
PKV,TX_ASOS,5/26/2024 5:00,0
PKV,TX_ASOS,5/26/2024 6:00,0
PKV,TX_ASOS,5/26/2024 7:00,0
PKV,TX_ASOS,5/26/2024 8:00,0
PKV,TX_ASOS,5/26/2024 9:00,0
PKV,TX_ASOS,5/26/2024 10:00,0
PKV,TX_ASOS,5/26/2024 11:00,0
PKV,TX_ASOS,5/26/2024 12:00,0
PKV,TX_ASOS,5/26/2024 13:00,0
PKV,TX_ASOS,5/26/2024 14:00,0
PKV,TX_ASOS,5/26/2024 15:00,0
PKV,TX_ASOS,5/26/2024 16:00,0
PKV,TX_ASOS,5/26/2024 17:00,0
PKV,TX_ASOS,5/26/2024 18:00,0
PKV,TX_ASOS,5/26/2024 19:00,0
PKV,TX_ASOS,5/26/2024 20:00,0
PKV,TX_ASOS,5/26/2024 21:00,0
PKV,TX_ASOS,5/26/2024 22:00,0
PKV,TX_ASOS,5/26/2024 23:00,0
PKV,TX_ASOS,5/27/2024 0:00,0
PKV,TX_ASOS,5/27/2024 1:00,0
PKV,TX_ASOS,5/27/2024 2:00,0
PKV,TX_ASOS,5/27/2024 3:00,0
PKV,TX_ASOS,5/27/2024 4:00,0
PKV,TX_ASOS,5/27/2024 5:00,0
PKV,TX_ASOS,5/27/2024 6:00,0
PKV,TX_ASOS,5/27/2024 7:00,0
PKV,TX_ASOS,5/27/2024 8:00,0
PKV,TX_ASOS,5/27/2024 9:00,0
PKV,TX_ASOS,5/27/2024 10:00,0
PKV,TX_ASOS,5/27/2024 11:00,0
PKV,TX_ASOS,5/27/2024 12:00,0
PKV,TX_ASOS,5/27/2024 13:00,0
PKV,TX_ASOS,5/27/2024 14:00,0
PKV,TX_ASOS,5/27/2024 15:00,0
PKV,TX_ASOS,5/27/2024 16:00,0
PKV,TX_ASOS,5/27/2024 17:00,0
PKV,TX_ASOS,5/27/2024 18:00,0
PKV,TX_ASOS,5/27/2024 19:00,0
PKV,TX_ASOS,5/27/2024 20:00,0
PKV,TX_ASOS,5/27/2024 21:00,0
PKV,TX_ASOS,5/27/2024 22:00,0
PKV,TX_ASOS,5/27/2024 23:00,0
PKV,TX_ASOS,5/28/2024 0:00,0
PKV,TX_ASOS,5/28/2024 1:00,0
PKV,TX_ASOS,5/28/2024 2:00,0
PKV,TX_ASOS,5/28/2024 3:00,0
PKV,TX_ASOS,5/28/2024 4:00,0
PKV,TX_ASOS,5/28/2024 5:00,0
PKV,TX_ASOS,5/28/2024 6:00,0
PKV,TX_ASOS,5/28/2024 7:00,0
PKV,TX_ASOS,5/28/2024 8:00,0
PKV,TX_ASOS,5/28/2024 9:00,0
PKV,TX_ASOS,5/28/2024 10:00,0
PKV,TX_ASOS,5/28/2024 11:00,0
PKV,TX_ASOS,5/28/2024 12:00,0
PKV,TX_ASOS,5/28/2024 13:00,0
PKV,TX_ASOS,5/28/2024 14:00,0
PKV,TX_ASOS,5/28/2024 15:00,0
PKV,TX_ASOS,5/28/2024 16:00,0
PKV,TX_ASOS,5/28/2024 17:00,0
PKV,TX_ASOS,5/28/2024 18:00,0
PKV,TX_ASOS,5/28/2024 19:00,0
PKV,TX_ASOS,5/28/2024 20:00,0
PKV,TX_ASOS,5/28/2024 21:00,0
PKV,TX_ASOS,5/28/2024 22:00,0
PKV,TX_ASOS,5/28/2024 23:00,0
PKV,TX_ASOS,5/29/2024 0:00,0
PKV,TX_ASOS,5/29/2024 1:00,0
PKV,TX_ASOS,5/29/2024 2:00,0
PKV,TX_ASOS,5/29/2024 3:00,0
PKV,TX_ASOS,5/29/2024 4:00,0
PKV,TX_ASOS,5/29/2024 5:00,0
PKV,TX_ASOS,5/29/2024 6:00,0
PKV,TX_ASOS,5/29/2024 7:00,0
PKV,TX_ASOS,5/29/2024 8:00,0
PKV,TX_ASOS,5/29/2024 9:00,0
PKV,TX_ASOS,5/29/2024 10:00,0
PKV,TX_ASOS,5/29/2024 11:00,0
PKV,TX_ASOS,5/29/2024 12:00,0
PKV,TX_ASOS,5/29/2024 13:00,0
PKV,TX_ASOS,5/29/2024 14:00,0
PKV,TX_ASOS,5/29/2024 15:00,0
PKV,TX_ASOS,5/29/2024 16:00,0
PKV,TX_ASOS,5/29/2024 17:00,0
PKV,TX_ASOS,5/29/2024 18:00,0
PKV,TX_ASOS,5/29/2024 19:00,0
PKV,TX_ASOS,5/29/2024 20:00,0
PKV,TX_ASOS,5/29/2024 21:00,0
PKV,TX_ASOS,5/29/2024 22:00,0
PKV,TX_ASOS,5/29/2024 23:00,0
PKV,TX_ASOS,5/30/2024 0:00,0
PKV,TX_ASOS,5/30/2024 1:00,0
PKV,TX_ASOS,5/30/2024 2:00,0
PKV,TX_ASOS,5/30/2024 3:00,0
PKV,TX_ASOS,5/30/2024 4:00,0
PKV,TX_ASOS,5/30/2024 5:00,0
PKV,TX_ASOS,5/30/2024 6:00,0
PKV,TX_ASOS,5/30/2024 7:00,0
PKV,TX_ASOS,5/30/2024 8:00,0
PKV,TX_ASOS,5/30/2024 9:00,0
PKV,TX_ASOS,5/30/2024 10:00,0
PKV,TX_ASOS,5/30/2024 11:00,0
PKV,TX_ASOS,5/30/2024 12:00,0
PKV,TX_ASOS,5/30/2024 13:00,0
PKV,TX_ASOS,5/30/2024 14:00,0
PKV,TX_ASOS,5/30/2024 15:00,0
PKV,TX_ASOS,5/30/2024 16:00,0
PKV,TX_ASOS,5/30/2024 17:00,0
PKV,TX_ASOS,5/30/2024 18:00,0
PKV,TX_ASOS,5/30/2024 19:00,0
PKV,TX_ASOS,5/30/2024 20:00,0
PKV,TX_ASOS,5/30/2024 21:00,0
PKV,TX_ASOS,5/30/2024 22:00,0
PKV,TX_ASOS,5/30/2024 23:00,0
PKV,TX_ASOS,5/31/2024 0:00,0
PKV,TX_ASOS,5/31/2024 1:00,0
PKV,TX_ASOS,5/31/2024 2:00,0
PKV,TX_ASOS,5/31/2024 3:00,0
PKV,TX_ASOS,5/31/2024 4:00,0
PKV,TX_ASOS,5/31/2024 5:00,0
PKV,TX_ASOS,5/31/2024 6:00,0
PKV,TX_ASOS,5/31/2024 7:00,0
PKV,TX_ASOS,5/31/2024 8:00,0.96
PKV,TX_ASOS,5/31/2024 9:00,0
PKV,TX_ASOS,5/31/2024 10:00,0
PKV,TX_ASOS,5/31/2024 11:00,0
PKV,TX_ASOS,5/31/2024 12:00,0
PKV,TX_ASOS,5/31/2024 13:00,0
PKV,TX_ASOS,5/31/2024 14:00,0
PKV,TX_ASOS,5/31/2024 15:00,0
PKV,TX_ASOS,5/31/2024 16:00,0
PKV,TX_ASOS,5/31/2024 17:00,0
PKV,TX_ASOS,5/31/2024 18:00,0
PKV,TX_ASOS,5/31/2024 19:00,0
PKV,TX_ASOS,5/31/2024 20:00,0
PKV,TX_ASOS,5/31/2024 21:00,0
PKV,TX_ASOS,5/31/2024 22:00,0
PKV,TX_ASOS,5/31/2024 23:00,0
PKV,TX_ASOS,6/1/2024 0:00,0
PKV,TX_ASOS,6/1/2024 1:00,0
PKV,TX_ASOS,6/1/2024 2:00,0
PKV,TX_ASOS,6/1/2024 3:00,0
PKV,TX_ASOS,6/1/2024 4:00,0
PKV,TX_ASOS,6/1/2024 5:00,0
PKV,TX_ASOS,6/1/2024 6:00,0
PKV,TX_ASOS,6/1/2024 7:00,0
PKV,TX_ASOS,6/1/2024 8:00,0.09
PKV,TX_ASOS,6/1/2024 9:00,0.76
PKV,TX_ASOS,6/1/2024 10:00,0.22
PKV,TX_ASOS,6/1/2024 11:00,0.02
PKV,TX_ASOS,6/1/2024 12:00,0
PKV,TX_ASOS,6/1/2024 13:00,0.01
PKV,TX_ASOS,6/1/2024 14:00,0
PKV,TX_ASOS,6/1/2024 15:00,0
PKV,TX_ASOS,6/1/2024 16:00,0
PKV,TX_ASOS,6/1/2024 17:00,0
PKV,TX_ASOS,6/1/2024 18:00,0
PKV,TX_ASOS,6/1/2024 19:00,0
PKV,TX_ASOS,6/1/2024 20:00,0
PKV,TX_ASOS,6/1/2024 21:00,0
PKV,TX_ASOS,6/1/2024 22:00,0
PKV,TX_ASOS,6/1/2024 23:00,0
PKV,TX_ASOS,6/2/2024 0:00,0
PKV,TX_ASOS,6/2/2024 1:00,0
PKV,TX_ASOS,6/2/2024 2:00,0
PKV,TX_ASOS,6/2/2024 3:00,0
PKV,TX_ASOS,6/2/2024 4:00,0
PKV,TX_ASOS,6/2/2024 5:00,0
PKV,TX_ASOS,6/2/2024 6:00,0
PKV,TX_ASOS,6/2/2024 7:00,0
PKV,TX_ASOS,6/2/2024 8:00,0
PKV,TX_ASOS,6/2/2024 9:00,0
PKV,TX_ASOS,6/2/2024 10:00,0
PKV,TX_ASOS,6/2/2024 11:00,0
PKV,TX_ASOS,6/2/2024 12:00,0
PKV,TX_ASOS,6/2/2024 13:00,0
PKV,TX_ASOS,6/2/2024 14:00,0
PKV,TX_ASOS,6/2/2024 15:00,0
PKV,TX_ASOS,6/2/2024 16:00,0
PKV,TX_ASOS,6/2/2024 17:00,0
PKV,TX_ASOS,6/2/2024 18:00,0
PKV,TX_ASOS,6/2/2024 19:00,0
PKV,TX_ASOS,6/2/2024 20:00,0
PKV,TX_ASOS,6/2/2024 21:00,0
PKV,TX_ASOS,6/2/2024 22:00,0
PKV,TX_ASOS,6/2/2024 23:00,0
PKV,TX_ASOS,6/3/2024 0:00,0
PKV,TX_ASOS,6/3/2024 1:00,0
PKV,TX_ASOS,6/3/2024 2:00,0
PKV,TX_ASOS,6/3/2024 3:00,0
PKV,TX_ASOS,6/3/2024 4:00,0
PKV,TX_ASOS,6/3/2024 5:00,0
PKV,TX_ASOS,6/3/2024 6:00,0
PKV,TX_ASOS,6/3/2024 7:00,0
PKV,TX_ASOS,6/3/2024 8:00,0
PKV,TX_ASOS,6/3/2024 9:00,0
PKV,TX_ASOS,6/3/2024 10:00,0
PKV,TX_ASOS,6/3/2024 11:00,0
PKV,TX_ASOS,6/3/2024 12:00,0
PKV,TX_ASOS,6/3/2024 13:00,0
PKV,TX_ASOS,6/3/2024 14:00,0
PKV,TX_ASOS,6/3/2024 15:00,0
PKV,TX_ASOS,6/3/2024 16:00,0
PKV,TX_ASOS,6/3/2024 17:00,0
PKV,TX_ASOS,6/3/2024 18:00,0
PKV,TX_ASOS,6/3/2024 19:00,0
PKV,TX_ASOS,6/3/2024 20:00,0
PKV,TX_ASOS,6/3/2024 21:00,0
PKV,TX_ASOS,6/3/2024 22:00,0
PKV,TX_ASOS,6/3/2024 23:00,0
PKV,TX_ASOS,6/4/2024 0:00,0
PKV,TX_ASOS,6/4/2024 1:00,0
PKV,TX_ASOS,6/4/2024 2:00,0
PKV,TX_ASOS,6/4/2024 3:00,0
PKV,TX_ASOS,6/4/2024 4:00,0
PKV,TX_ASOS,6/4/2024 5:00,0
PKV,TX_ASOS,6/4/2024 6:00,0
PKV,TX_ASOS,6/4/2024 7:00,0
PKV,TX_ASOS,6/4/2024 8:00,0
PKV,TX_ASOS,6/4/2024 9:00,0
PKV,TX_ASOS,6/4/2024 10:00,0
PKV,TX_ASOS,6/4/2024 11:00,0
PKV,TX_ASOS,6/4/2024 12:00,0
PKV,TX_ASOS,6/4/2024 13:00,0
PKV,TX_ASOS,6/4/2024 14:00,0
PKV,TX_ASOS,6/4/2024 15:00,0
PKV,TX_ASOS,6/4/2024 16:00,0
PKV,TX_ASOS,6/4/2024 17:00,0
PKV,TX_ASOS,6/4/2024 18:00,0
PKV,TX_ASOS,6/4/2024 19:00,0
PKV,TX_ASOS,6/4/2024 20:00,0
PKV,TX_ASOS,6/4/2024 21:00,0
PKV,TX_ASOS,6/4/2024 22:00,0
PKV,TX_ASOS,6/4/2024 23:00,0
PKV,TX_ASOS,6/5/2024 0:00,0
PKV,TX_ASOS,6/5/2024 1:00,0
PKV,TX_ASOS,6/5/2024 2:00,0
PKV,TX_ASOS,6/5/2024 3:00,0
PKV,TX_ASOS,6/5/2024 4:00,0
PKV,TX_ASOS,6/5/2024 5:00,0
PKV,TX_ASOS,6/5/2024 6:00,0
PKV,TX_ASOS,6/5/2024 7:00,0
PKV,TX_ASOS,6/5/2024 8:00,0
PKV,TX_ASOS,6/5/2024 9:00,0
PKV,TX_ASOS,6/5/2024 10:00,0
PKV,TX_ASOS,6/5/2024 11:00,0
PKV,TX_ASOS,6/5/2024 12:00,0.77
PKV,TX_ASOS,6/5/2024 13:00,0.07
PKV,TX_ASOS,6/5/2024 17:00,0
PKV,TX_ASOS,6/5/2024 18:00,0
PKV,TX_ASOS,6/5/2024 19:00,0
PKV,TX_ASOS,6/5/2024 20:00,0
PKV,TX_ASOS,6/5/2024 21:00,0
PKV,TX_ASOS,6/5/2024 22:00,0
PKV,TX_ASOS,6/5/2024 23:00,0
PKV,TX_ASOS,6/6/2024 0:00,0
PKV,TX_ASOS,6/6/2024 1:00,0
PKV,TX_ASOS,6/6/2024 2:00,0
PKV,TX_ASOS,6/6/2024 3:00,0
PKV,TX_ASOS,6/6/2024 4:00,0
PKV,TX_ASOS,6/6/2024 5:00,0
PKV,TX_ASOS,6/6/2024 6:00,0
PKV,TX_ASOS,6/6/2024 7:00,0
PKV,TX_ASOS,6/6/2024 8:00,0
PKV,TX_ASOS,6/6/2024 9:00,0
PKV,TX_ASOS,6/6/2024 10:00,0
PKV,TX_ASOS,6/6/2024 11:00,0
PKV,TX_ASOS,6/6/2024 12:00,0
PKV,TX_ASOS,6/6/2024 13:00,0
PKV,TX_ASOS,6/6/2024 14:00,0
PKV,TX_ASOS,6/6/2024 15:00,0
PKV,TX_ASOS,6/6/2024 16:00,0
PKV,TX_ASOS,6/6/2024 17:00,0
PKV,TX_ASOS,6/6/2024 18:00,0
PKV,TX_ASOS,6/6/2024 19:00,0
PKV,TX_ASOS,6/6/2024 20:00,0
PKV,TX_ASOS,6/6/2024 21:00,0
PKV,TX_ASOS,6/6/2024 22:00,0
PKV,TX_ASOS,6/6/2024 23:00,0
PKV,TX_ASOS,6/7/2024 0:00,0
PKV,TX_ASOS,6/7/2024 1:00,0
PKV,TX_ASOS,6/7/2024 2:00,0
PKV,TX_ASOS,6/7/2024 3:00,0
PKV,TX_ASOS,6/7/2024 4:00,0
PKV,TX_ASOS,6/7/2024 5:00,0
PKV,TX_ASOS,6/7/2024 6:00,0
PKV,TX_ASOS,6/7/2024 7:00,0
PKV,TX_ASOS,6/7/2024 8:00,0
PKV,TX_ASOS,6/7/2024 9:00,0
PKV,TX_ASOS,6/7/2024 10:00,0
PKV,TX_ASOS,6/7/2024 11:00,0
PKV,TX_ASOS,6/7/2024 12:00,0
PKV,TX_ASOS,6/7/2024 13:00,0
PKV,TX_ASOS,6/7/2024 14:00,0
PKV,TX_ASOS,6/7/2024 15:00,0
PKV,TX_ASOS,6/7/2024 16:00,0
PKV,TX_ASOS,6/7/2024 17:00,0
PKV,TX_ASOS,6/7/2024 18:00,0
PKV,TX_ASOS,6/7/2024 19:00,0
PKV,TX_ASOS,6/7/2024 20:00,0
PKV,TX_ASOS,6/7/2024 21:00,0
PKV,TX_ASOS,6/7/2024 22:00,0
PKV,TX_ASOS,6/7/2024 23:00,0
PKV,TX_ASOS,6/8/2024 0:00,0
PKV,TX_ASOS,6/8/2024 1:00,0
PKV,TX_ASOS,6/8/2024 2:00,0
PKV,TX_ASOS,6/8/2024 3:00,0
PKV,TX_ASOS,6/8/2024 4:00,0
PKV,TX_ASOS,6/8/2024 5:00,0
PKV,TX_ASOS,6/8/2024 6:00,0
PKV,TX_ASOS,6/8/2024 7:00,0
PKV,TX_ASOS,6/8/2024 8:00,0
PKV,TX_ASOS,6/8/2024 9:00,0
PKV,TX_ASOS,6/8/2024 10:00,0
PKV,TX_ASOS,6/8/2024 11:00,0
PKV,TX_ASOS,6/8/2024 12:00,0
PKV,TX_ASOS,6/8/2024 13:00,0
PKV,TX_ASOS,6/8/2024 14:00,0
PKV,TX_ASOS,6/8/2024 15:00,0
PKV,TX_ASOS,6/8/2024 16:00,0
PKV,TX_ASOS,6/8/2024 17:00,0
PKV,TX_ASOS,6/8/2024 18:00,0
PKV,TX_ASOS,6/8/2024 19:00,0
PKV,TX_ASOS,6/8/2024 20:00,0
PKV,TX_ASOS,6/8/2024 21:00,0
PKV,TX_ASOS,6/8/2024 22:00,0
PKV,TX_ASOS,6/8/2024 23:00,0
PKV,TX_ASOS,6/9/2024 0:00,0
PKV,TX_ASOS,6/9/2024 1:00,0
PKV,TX_ASOS,6/9/2024 2:00,0
PKV,TX_ASOS,6/9/2024 3:00,0
PKV,TX_ASOS,6/9/2024 4:00,0
PKV,TX_ASOS,6/9/2024 5:00,0
PKV,TX_ASOS,6/9/2024 6:00,0
PKV,TX_ASOS,6/9/2024 7:00,0
PKV,TX_ASOS,6/9/2024 8:00,0
PKV,TX_ASOS,6/9/2024 9:00,0
PKV,TX_ASOS,6/9/2024 10:00,0
PKV,TX_ASOS,6/9/2024 11:00,0
PKV,TX_ASOS,6/9/2024 12:00,0
PKV,TX_ASOS,6/9/2024 13:00,0
PKV,TX_ASOS,6/9/2024 14:00,0
PKV,TX_ASOS,6/9/2024 15:00,0
PKV,TX_ASOS,6/9/2024 16:00,0
PKV,TX_ASOS,6/9/2024 17:00,0
PKV,TX_ASOS,6/9/2024 18:00,0
PKV,TX_ASOS,6/9/2024 19:00,0
PKV,TX_ASOS,6/9/2024 20:00,0
PKV,TX_ASOS,6/9/2024 21:00,0
PKV,TX_ASOS,6/9/2024 22:00,0
PKV,TX_ASOS,6/9/2024 23:00,0
PKV,TX_ASOS,6/10/2024 0:00,0
PKV,TX_ASOS,6/10/2024 1:00,0
PKV,TX_ASOS,6/10/2024 2:00,0
PKV,TX_ASOS,6/10/2024 3:00,0
PKV,TX_ASOS,6/10/2024 4:00,0
PKV,TX_ASOS,6/10/2024 5:00,0
PKV,TX_ASOS,6/10/2024 6:00,0
PKV,TX_ASOS,6/10/2024 7:00,0
PKV,TX_ASOS,6/10/2024 8:00,0
PKV,TX_ASOS,6/10/2024 9:00,0
PKV,TX_ASOS,6/10/2024 10:00,0
PKV,TX_ASOS,6/10/2024 11:00,0
PKV,TX_ASOS,6/10/2024 12:00,0
PKV,TX_ASOS,6/10/2024 13:00,0
PKV,TX_ASOS,6/10/2024 14:00,0
PKV,TX_ASOS,6/10/2024 15:00,0
PKV,TX_ASOS,6/10/2024 16:00,0
PKV,TX_ASOS,6/10/2024 17:00,0
PKV,TX_ASOS,6/10/2024 18:00,0
PKV,TX_ASOS,6/10/2024 19:00,0
PKV,TX_ASOS,6/10/2024 20:00,0
PKV,TX_ASOS,6/10/2024 21:00,0
PKV,TX_ASOS,6/10/2024 22:00,0
PKV,TX_ASOS,6/10/2024 23:00,0
PKV,TX_ASOS,6/11/2024 0:00,0
PKV,TX_ASOS,6/11/2024 1:00,0
PKV,TX_ASOS,6/11/2024 2:00,0
PKV,TX_ASOS,6/11/2024 3:00,0
PKV,TX_ASOS,6/11/2024 4:00,0
PKV,TX_ASOS,6/11/2024 5:00,0
PKV,TX_ASOS,6/11/2024 6:00,0
PKV,TX_ASOS,6/11/2024 7:00,0
PKV,TX_ASOS,6/11/2024 8:00,0
PKV,TX_ASOS,6/11/2024 9:00,0
PKV,TX_ASOS,6/11/2024 10:00,0
PKV,TX_ASOS,6/11/2024 11:00,0
PKV,TX_ASOS,6/11/2024 12:00,0
PKV,TX_ASOS,6/11/2024 13:00,0
PKV,TX_ASOS,6/11/2024 14:00,0
PKV,TX_ASOS,6/11/2024 15:00,0
PKV,TX_ASOS,6/11/2024 16:00,0
PKV,TX_ASOS,6/11/2024 17:00,0
PKV,TX_ASOS,6/11/2024 18:00,0
PKV,TX_ASOS,6/11/2024 19:00,0
PKV,TX_ASOS,6/11/2024 20:00,0
PKV,TX_ASOS,6/11/2024 21:00,0
PKV,TX_ASOS,6/11/2024 22:00,0
PKV,TX_ASOS,6/11/2024 23:00,0
PKV,TX_ASOS,6/12/2024 0:00,0
PKV,TX_ASOS,6/12/2024 1:00,0
PKV,TX_ASOS,6/12/2024 2:00,0
PKV,TX_ASOS,6/12/2024 3:00,0
PKV,TX_ASOS,6/12/2024 4:00,0
PKV,TX_ASOS,6/12/2024 5:00,0
PKV,TX_ASOS,6/12/2024 6:00,0
PKV,TX_ASOS,6/12/2024 7:00,0
PKV,TX_ASOS,6/12/2024 8:00,0
PKV,TX_ASOS,6/12/2024 9:00,0
PKV,TX_ASOS,6/12/2024 10:00,0
PKV,TX_ASOS,6/12/2024 11:00,0.55
PKV,TX_ASOS,6/12/2024 12:00,0
PKV,TX_ASOS,6/12/2024 13:00,0.01
PKV,TX_ASOS,6/12/2024 14:00,0
PKV,TX_ASOS,6/12/2024 15:00,0
PKV,TX_ASOS,6/12/2024 16:00,0
PKV,TX_ASOS,6/12/2024 17:00,0
PKV,TX_ASOS,6/12/2024 18:00,0
PKV,TX_ASOS,6/12/2024 19:00,0
PKV,TX_ASOS,6/12/2024 20:00,0
PKV,TX_ASOS,6/12/2024 21:00,0
PKV,TX_ASOS,6/12/2024 22:00,0
PKV,TX_ASOS,6/12/2024 23:00,0
PKV,TX_ASOS,6/13/2024 0:00,0
PKV,TX_ASOS,6/13/2024 1:00,0
PKV,TX_ASOS,6/13/2024 2:00,0
PKV,TX_ASOS,6/13/2024 3:00,0
PKV,TX_ASOS,6/13/2024 4:00,0
PKV,TX_ASOS,6/13/2024 5:00,0
PKV,TX_ASOS,6/13/2024 6:00,0
PKV,TX_ASOS,6/13/2024 7:00,0
PKV,TX_ASOS,6/13/2024 8:00,0
PKV,TX_ASOS,6/13/2024 9:00,0
PKV,TX_ASOS,6/13/2024 10:00,0
PKV,TX_ASOS,6/13/2024 11:00,0
PKV,TX_ASOS,6/13/2024 12:00,0
PKV,TX_ASOS,6/13/2024 13:00,0
PKV,TX_ASOS,6/13/2024 14:00,0
PKV,TX_ASOS,6/13/2024 15:00,0
PKV,TX_ASOS,6/13/2024 16:00,0
PKV,TX_ASOS,6/13/2024 17:00,0
PKV,TX_ASOS,6/13/2024 18:00,0
PKV,TX_ASOS,6/13/2024 19:00,0
PKV,TX_ASOS,6/13/2024 20:00,0
PKV,TX_ASOS,6/13/2024 21:00,0
PKV,TX_ASOS,6/13/2024 22:00,0
PKV,TX_ASOS,6/13/2024 23:00,0
PKV,TX_ASOS,6/14/2024 0:00,0
PKV,TX_ASOS,6/14/2024 1:00,0
PKV,TX_ASOS,6/14/2024 2:00,0
PKV,TX_ASOS,6/14/2024 3:00,0
PKV,TX_ASOS,6/14/2024 4:00,0
PKV,TX_ASOS,6/14/2024 5:00,0
PKV,TX_ASOS,6/14/2024 6:00,0
PKV,TX_ASOS,6/14/2024 7:00,0
PKV,TX_ASOS,6/14/2024 8:00,0
PKV,TX_ASOS,6/14/2024 9:00,0
PKV,TX_ASOS,6/14/2024 10:00,0
PKV,TX_ASOS,6/14/2024 11:00,0
PKV,TX_ASOS,6/14/2024 12:00,0
PKV,TX_ASOS,6/14/2024 13:00,0
PKV,TX_ASOS,6/14/2024 14:00,0
PKV,TX_ASOS,6/14/2024 15:00,0
PKV,TX_ASOS,6/14/2024 16:00,0
PKV,TX_ASOS,6/14/2024 17:00,0
PKV,TX_ASOS,6/14/2024 18:00,0
PKV,TX_ASOS,6/14/2024 19:00,0
PKV,TX_ASOS,6/14/2024 20:00,0
PKV,TX_ASOS,6/14/2024 21:00,0
PKV,TX_ASOS,6/14/2024 22:00,0
PKV,TX_ASOS,6/14/2024 23:00,0
PKV,TX_ASOS,6/15/2024 0:00,0
PKV,TX_ASOS,6/15/2024 1:00,0
PKV,TX_ASOS,6/15/2024 2:00,0
PKV,TX_ASOS,6/15/2024 3:00,0
PKV,TX_ASOS,6/15/2024 4:00,0
PKV,TX_ASOS,6/15/2024 5:00,0
PKV,TX_ASOS,6/15/2024 6:00,0
PKV,TX_ASOS,6/15/2024 7:00,0
PKV,TX_ASOS,6/15/2024 8:00,0
PKV,TX_ASOS,6/15/2024 9:00,0
PKV,TX_ASOS,6/15/2024 10:00,0
PKV,TX_ASOS,6/15/2024 11:00,0
PKV,TX_ASOS,6/15/2024 12:00,0
PKV,TX_ASOS,6/15/2024 13:00,0
PKV,TX_ASOS,6/15/2024 14:00,0
PKV,TX_ASOS,6/15/2024 15:00,0
PKV,TX_ASOS,6/15/2024 16:00,0
PKV,TX_ASOS,6/15/2024 17:00,0
PKV,TX_ASOS,6/15/2024 18:00,0
PKV,TX_ASOS,6/15/2024 19:00,0
PKV,TX_ASOS,6/15/2024 20:00,0
PKV,TX_ASOS,6/15/2024 21:00,0
PKV,TX_ASOS,6/15/2024 22:00,0
PKV,TX_ASOS,6/15/2024 23:00,0
PKV,TX_ASOS,6/16/2024 0:00,0
PKV,TX_ASOS,6/16/2024 1:00,0
PKV,TX_ASOS,6/16/2024 2:00,0
PKV,TX_ASOS,6/16/2024 3:00,0
PKV,TX_ASOS,6/16/2024 4:00,0
PKV,TX_ASOS,6/16/2024 5:00,0
PKV,TX_ASOS,6/16/2024 6:00,0
PKV,TX_ASOS,6/16/2024 7:00,0
PKV,TX_ASOS,6/16/2024 8:00,0
PKV,TX_ASOS,6/16/2024 9:00,0
PKV,TX_ASOS,6/16/2024 10:00,0
PKV,TX_ASOS,6/16/2024 11:00,0.09
PKV,TX_ASOS,6/16/2024 12:00,0
PKV,TX_ASOS,6/16/2024 13:00,0
PKV,TX_ASOS,6/16/2024 14:00,0
PKV,TX_ASOS,6/16/2024 15:00,0
PKV,TX_ASOS,6/16/2024 16:00,0
PKV,TX_ASOS,6/16/2024 17:00,0
PKV,TX_ASOS,6/16/2024 18:00,0
PKV,TX_ASOS,6/16/2024 19:00,0
PKV,TX_ASOS,6/16/2024 20:00,0
PKV,TX_ASOS,6/16/2024 21:00,0
PKV,TX_ASOS,6/16/2024 22:00,0
PKV,TX_ASOS,6/16/2024 23:00,0
PKV,TX_ASOS,6/17/2024 0:00,0
PKV,TX_ASOS,6/17/2024 1:00,0
PKV,TX_ASOS,6/17/2024 2:00,0
PKV,TX_ASOS,6/17/2024 3:00,0
PKV,TX_ASOS,6/17/2024 4:00,0
PKV,TX_ASOS,6/17/2024 5:00,0
PKV,TX_ASOS,6/17/2024 6:00,0
PKV,TX_ASOS,6/17/2024 7:00,0
PKV,TX_ASOS,6/17/2024 8:00,0
PKV,TX_ASOS,6/17/2024 9:00,0
PKV,TX_ASOS,6/17/2024 10:00,0
PKV,TX_ASOS,6/17/2024 11:00,0
PKV,TX_ASOS,6/17/2024 12:00,0
PKV,TX_ASOS,6/17/2024 13:00,0
PKV,TX_ASOS,6/17/2024 14:00,0
PKV,TX_ASOS,6/17/2024 15:00,0
PKV,TX_ASOS,6/17/2024 16:00,0
PKV,TX_ASOS,6/17/2024 17:00,0
PKV,TX_ASOS,6/17/2024 18:00,0
PKV,TX_ASOS,6/17/2024 19:00,0
PKV,TX_ASOS,6/17/2024 20:00,0
PKV,TX_ASOS,6/17/2024 21:00,0
PKV,TX_ASOS,6/17/2024 22:00,0
PKV,TX_ASOS,6/17/2024 23:00,0
PKV,TX_ASOS,6/18/2024 0:00,0
PKV,TX_ASOS,6/18/2024 1:00,0
PKV,TX_ASOS,6/18/2024 2:00,0
PKV,TX_ASOS,6/18/2024 3:00,0
PKV,TX_ASOS,6/18/2024 4:00,0
PKV,TX_ASOS,6/18/2024 5:00,0
PKV,TX_ASOS,6/18/2024 6:00,0
PKV,TX_ASOS,6/18/2024 7:00,0
PKV,TX_ASOS,6/18/2024 8:00,0.01
PKV,TX_ASOS,6/18/2024 9:00,0
PKV,TX_ASOS,6/18/2024 10:00,0
PKV,TX_ASOS,6/18/2024 11:00,0
PKV,TX_ASOS,6/18/2024 12:00,0
PKV,TX_ASOS,6/18/2024 13:00,0
PKV,TX_ASOS,6/18/2024 14:00,0
PKV,TX_ASOS,6/18/2024 15:00,0
PKV,TX_ASOS,6/18/2024 16:00,0
PKV,TX_ASOS,6/18/2024 17:00,0
PKV,TX_ASOS,6/18/2024 18:00,0.02
PKV,TX_ASOS,6/18/2024 19:00,0
PKV,TX_ASOS,6/18/2024 20:00,0
PKV,TX_ASOS,6/18/2024 21:00,0
PKV,TX_ASOS,6/18/2024 22:00,0
PKV,TX_ASOS,6/18/2024 23:00,0
PKV,TX_ASOS,6/19/2024 0:00,0
PKV,TX_ASOS,6/19/2024 1:00,0
PKV,TX_ASOS,6/19/2024 2:00,0
PKV,TX_ASOS,6/19/2024 3:00,0.01
PKV,TX_ASOS,6/19/2024 4:00,0.01
PKV,TX_ASOS,6/19/2024 5:00,0.03
PKV,TX_ASOS,6/19/2024 6:00,0.04
PKV,TX_ASOS,6/19/2024 7:00,0
PKV,TX_ASOS,6/19/2024 8:00,0.05
PKV,TX_ASOS,6/19/2024 9:00,0.05
PKV,TX_ASOS,6/19/2024 10:00,0.19
PKV,TX_ASOS,6/19/2024 11:00,0.16
PKV,TX_ASOS,6/19/2024 12:00,0.3
PKV,TX_ASOS,6/19/2024 13:00,0.09
PKV,TX_ASOS,6/19/2024 14:00,0.44
PKV,TX_ASOS,6/19/2024 15:00,0.15
PKV,TX_ASOS,6/19/2024 16:00,0.29
PKV,TX_ASOS,6/19/2024 17:00,0.15
PKV,TX_ASOS,6/19/2024 18:00,0.01
PKV,TX_ASOS,6/19/2024 19:00,0.06
PKV,TX_ASOS,6/19/2024 20:00,0.05
PKV,TX_ASOS,6/19/2024 21:00,0
PKV,TX_ASOS,6/19/2024 22:00,0
PKV,TX_ASOS,6/19/2024 23:00,0
PKV,TX_ASOS,6/20/2024 0:00,0
PKV,TX_ASOS,6/20/2024 1:00,0
PKV,TX_ASOS,6/20/2024 2:00,0
PKV,TX_ASOS,6/20/2024 3:00,0
PKV,TX_ASOS,6/20/2024 4:00,0
PKV,TX_ASOS,6/20/2024 5:00,0
PKV,TX_ASOS,6/20/2024 6:00,0
PKV,TX_ASOS,6/20/2024 7:00,0
PKV,TX_ASOS,6/20/2024 8:00,0
PKV,TX_ASOS,6/20/2024 9:00,0
PKV,TX_ASOS,6/20/2024 10:00,0
PKV,TX_ASOS,6/20/2024 11:00,0
PKV,TX_ASOS,6/20/2024 12:00,0
PKV,TX_ASOS,6/20/2024 13:00,0
PKV,TX_ASOS,6/20/2024 14:00,0
PKV,TX_ASOS,6/20/2024 15:00,0
PKV,TX_ASOS,6/20/2024 16:00,0
PKV,TX_ASOS,6/20/2024 17:00,0
PKV,TX_ASOS,6/20/2024 18:00,0
PKV,TX_ASOS,6/20/2024 19:00,0
PKV,TX_ASOS,6/20/2024 20:00,0
PKV,TX_ASOS,6/20/2024 21:00,0
PKV,TX_ASOS,6/20/2024 22:00,0.01
PKV,TX_ASOS,6/20/2024 23:00,0.34
PKV,TX_ASOS,6/21/2024 0:00,0.36
PKV,TX_ASOS,6/21/2024 1:00,0
PKV,TX_ASOS,6/21/2024 2:00,0
PKV,TX_ASOS,6/21/2024 3:00,0
PKV,TX_ASOS,6/21/2024 4:00,0.04
PKV,TX_ASOS,6/21/2024 5:00,0
PKV,TX_ASOS,6/21/2024 6:00,0
PKV,TX_ASOS,6/21/2024 7:00,0
PKV,TX_ASOS,6/21/2024 8:00,0.01
PKV,TX_ASOS,6/21/2024 9:00,0
PKV,TX_ASOS,6/21/2024 10:00,0
PKV,TX_ASOS,6/21/2024 11:00,0
PKV,TX_ASOS,6/21/2024 12:00,0
PKV,TX_ASOS,6/21/2024 13:00,0
PKV,TX_ASOS,6/21/2024 14:00,0
PKV,TX_ASOS,6/21/2024 15:00,0
PKV,TX_ASOS,6/21/2024 16:00,0
PKV,TX_ASOS,6/21/2024 17:00,0
PKV,TX_ASOS,6/21/2024 18:00,0
PKV,TX_ASOS,6/21/2024 19:00,0
PKV,TX_ASOS,6/21/2024 20:00,0
PKV,TX_ASOS,6/21/2024 21:00,0
PKV,TX_ASOS,6/21/2024 22:00,0
PKV,TX_ASOS,6/21/2024 23:00,0
PKV,TX_ASOS,6/22/2024 0:00,0
PKV,TX_ASOS,6/22/2024 1:00,0
PKV,TX_ASOS,6/22/2024 2:00,0
PKV,TX_ASOS,6/22/2024 3:00,0.18
PKV,TX_ASOS,6/22/2024 4:00,0
PKV,TX_ASOS,6/22/2024 5:00,0
PKV,TX_ASOS,6/22/2024 6:00,0
PKV,TX_ASOS,6/22/2024 7:00,0
PKV,TX_ASOS,6/22/2024 8:00,0
PKV,TX_ASOS,6/22/2024 9:00,0
PKV,TX_ASOS,6/22/2024 10:00,0
PKV,TX_ASOS,6/22/2024 11:00,0
PKV,TX_ASOS,6/22/2024 12:00,0
PKV,TX_ASOS,6/22/2024 13:00,0
PKV,TX_ASOS,6/22/2024 14:00,0
PKV,TX_ASOS,6/22/2024 15:00,0
PKV,TX_ASOS,6/22/2024 16:00,0
PKV,TX_ASOS,6/22/2024 17:00,0
PKV,TX_ASOS,6/22/2024 18:00,0
PKV,TX_ASOS,6/22/2024 19:00,0
PKV,TX_ASOS,6/22/2024 20:00,0
PKV,TX_ASOS,6/22/2024 21:00,0
PKV,TX_ASOS,6/22/2024 22:00,0
PKV,TX_ASOS,6/22/2024 23:00,0
PKV,TX_ASOS,6/23/2024 0:00,0
PKV,TX_ASOS,6/23/2024 1:00,0
PKV,TX_ASOS,6/23/2024 2:00,0
PKV,TX_ASOS,6/23/2024 3:00,0
PKV,TX_ASOS,6/23/2024 4:00,0
PKV,TX_ASOS,6/23/2024 5:00,0
PKV,TX_ASOS,6/23/2024 6:00,0
PKV,TX_ASOS,6/23/2024 7:00,0
PKV,TX_ASOS,6/23/2024 8:00,0
PKV,TX_ASOS,6/23/2024 9:00,0
PKV,TX_ASOS,6/23/2024 10:00,0
PKV,TX_ASOS,6/23/2024 11:00,0
PKV,TX_ASOS,6/23/2024 12:00,0
PKV,TX_ASOS,6/23/2024 13:00,0
PKV,TX_ASOS,6/23/2024 14:00,0
PKV,TX_ASOS,6/23/2024 15:00,0
PKV,TX_ASOS,6/23/2024 16:00,0
PKV,TX_ASOS,6/23/2024 17:00,0
PKV,TX_ASOS,6/23/2024 18:00,0
PKV,TX_ASOS,6/23/2024 20:00,0
PKV,TX_ASOS,6/23/2024 21:00,0
PKV,TX_ASOS,6/23/2024 22:00,0
PKV,TX_ASOS,6/23/2024 23:00,0
PKV,TX_ASOS,6/24/2024 0:00,0
PKV,TX_ASOS,6/24/2024 1:00,0
PKV,TX_ASOS,6/24/2024 2:00,0
PKV,TX_ASOS,6/24/2024 3:00,0
PKV,TX_ASOS,6/24/2024 4:00,0
PKV,TX_ASOS,6/24/2024 5:00,0
PKV,TX_ASOS,6/24/2024 6:00,0
PKV,TX_ASOS,6/24/2024 7:00,0
PKV,TX_ASOS,6/24/2024 8:00,0
PKV,TX_ASOS,6/24/2024 9:00,0
PKV,TX_ASOS,6/24/2024 10:00,0
PKV,TX_ASOS,6/24/2024 11:00,0.08
PKV,TX_ASOS,6/24/2024 12:00,0
PKV,TX_ASOS,6/24/2024 13:00,0
PKV,TX_ASOS,6/24/2024 14:00,0
PKV,TX_ASOS,6/24/2024 15:00,0
PKV,TX_ASOS,6/24/2024 16:00,0
PKV,TX_ASOS,6/24/2024 17:00,0
PKV,TX_ASOS,6/24/2024 18:00,0
PKV,TX_ASOS,6/24/2024 19:00,0
PKV,TX_ASOS,6/24/2024 20:00,0
PKV,TX_ASOS,6/24/2024 21:00,0
PKV,TX_ASOS,6/24/2024 22:00,0
PKV,TX_ASOS,6/24/2024 23:00,0
PKV,TX_ASOS,6/25/2024 0:00,0
PKV,TX_ASOS,6/25/2024 1:00,0
PKV,TX_ASOS,6/25/2024 2:00,0
PKV,TX_ASOS,6/25/2024 3:00,0
PKV,TX_ASOS,6/25/2024 4:00,0
PKV,TX_ASOS,6/25/2024 5:00,0
PKV,TX_ASOS,6/25/2024 6:00,0
PKV,TX_ASOS,6/25/2024 7:00,0
PKV,TX_ASOS,6/25/2024 8:00,0
PKV,TX_ASOS,6/25/2024 9:00,0
PKV,TX_ASOS,6/25/2024 10:00,0
PKV,TX_ASOS,6/25/2024 11:00,0.16
PKV,TX_ASOS,6/25/2024 12:00,0
PKV,TX_ASOS,6/25/2024 13:00,0
PKV,TX_ASOS,6/25/2024 14:00,0
PKV,TX_ASOS,6/25/2024 15:00,0
PKV,TX_ASOS,6/25/2024 16:00,0
PKV,TX_ASOS,6/25/2024 17:00,0
PKV,TX_ASOS,6/25/2024 18:00,0
PKV,TX_ASOS,6/25/2024 19:00,0
PKV,TX_ASOS,6/25/2024 20:00,0
PKV,TX_ASOS,6/25/2024 21:00,0
PKV,TX_ASOS,6/25/2024 22:00,0
PKV,TX_ASOS,6/25/2024 23:00,0
PKV,TX_ASOS,6/26/2024 0:00,0
PKV,TX_ASOS,6/26/2024 1:00,0
PKV,TX_ASOS,6/26/2024 2:00,0
PKV,TX_ASOS,6/26/2024 3:00,0
PKV,TX_ASOS,6/26/2024 4:00,0
PKV,TX_ASOS,6/26/2024 5:00,0
PKV,TX_ASOS,6/26/2024 6:00,0
PKV,TX_ASOS,6/26/2024 7:00,0
PKV,TX_ASOS,6/26/2024 8:00,0
PKV,TX_ASOS,6/26/2024 9:00,0
PKV,TX_ASOS,6/26/2024 10:00,0
PKV,TX_ASOS,6/26/2024 11:00,0
PKV,TX_ASOS,6/26/2024 12:00,0
PKV,TX_ASOS,6/26/2024 13:00,0
PKV,TX_ASOS,6/26/2024 14:00,0
PKV,TX_ASOS,6/26/2024 15:00,0
PKV,TX_ASOS,6/26/2024 16:00,0
PKV,TX_ASOS,6/26/2024 17:00,0
PKV,TX_ASOS,6/26/2024 18:00,0
PKV,TX_ASOS,6/26/2024 19:00,0
PKV,TX_ASOS,6/26/2024 20:00,0
PKV,TX_ASOS,6/26/2024 21:00,0
PKV,TX_ASOS,6/26/2024 22:00,0
PKV,TX_ASOS,6/26/2024 23:00,0
PKV,TX_ASOS,6/27/2024 0:00,0
PKV,TX_ASOS,6/27/2024 1:00,0
PKV,TX_ASOS,6/27/2024 2:00,0
PKV,TX_ASOS,6/27/2024 3:00,0
PKV,TX_ASOS,6/27/2024 4:00,0
PKV,TX_ASOS,6/27/2024 5:00,0
PKV,TX_ASOS,6/27/2024 6:00,0
PKV,TX_ASOS,6/27/2024 7:00,0
PKV,TX_ASOS,6/27/2024 8:00,0
PKV,TX_ASOS,6/27/2024 9:00,0
PKV,TX_ASOS,6/27/2024 10:00,0
PKV,TX_ASOS,6/27/2024 11:00,0
PKV,TX_ASOS,6/27/2024 12:00,0
PKV,TX_ASOS,6/27/2024 13:00,0
PKV,TX_ASOS,6/27/2024 14:00,0
PKV,TX_ASOS,6/27/2024 15:00,0
PKV,TX_ASOS,6/27/2024 16:00,0
PKV,TX_ASOS,6/27/2024 17:00,0
PKV,TX_ASOS,6/27/2024 18:00,0
PKV,TX_ASOS,6/27/2024 19:00,0
PKV,TX_ASOS,6/27/2024 20:00,0
PKV,TX_ASOS,6/27/2024 21:00,0
PKV,TX_ASOS,6/27/2024 22:00,0
PKV,TX_ASOS,6/27/2024 23:00,0
PKV,TX_ASOS,6/28/2024 0:00,0
PKV,TX_ASOS,6/28/2024 1:00,0
PKV,TX_ASOS,6/28/2024 2:00,0
PKV,TX_ASOS,6/28/2024 3:00,0
PKV,TX_ASOS,6/28/2024 4:00,0
PKV,TX_ASOS,6/28/2024 5:00,0
PKV,TX_ASOS,6/28/2024 6:00,0
PKV,TX_ASOS,6/28/2024 7:00,0
PKV,TX_ASOS,6/28/2024 8:00,0
PKV,TX_ASOS,6/28/2024 9:00,0
PKV,TX_ASOS,6/28/2024 10:00,0
PKV,TX_ASOS,6/28/2024 11:00,0
PKV,TX_ASOS,6/28/2024 12:00,0
PKV,TX_ASOS,6/28/2024 13:00,0
PKV,TX_ASOS,6/28/2024 14:00,0
PKV,TX_ASOS,6/28/2024 15:00,0
PKV,TX_ASOS,6/28/2024 16:00,0
PKV,TX_ASOS,6/28/2024 17:00,0
PKV,TX_ASOS,6/28/2024 18:00,0
PKV,TX_ASOS,6/28/2024 19:00,0
PKV,TX_ASOS,6/28/2024 20:00,0
PKV,TX_ASOS,6/28/2024 21:00,0
PKV,TX_ASOS,6/28/2024 22:00,0
PKV,TX_ASOS,6/28/2024 23:00,0
PKV,TX_ASOS,6/29/2024 0:00,0
PKV,TX_ASOS,6/29/2024 1:00,0
PKV,TX_ASOS,6/29/2024 2:00,0
PKV,TX_ASOS,6/29/2024 3:00,0
PKV,TX_ASOS,6/29/2024 4:00,0
PKV,TX_ASOS,6/29/2024 5:00,0
PKV,TX_ASOS,6/29/2024 6:00,0
PKV,TX_ASOS,6/29/2024 7:00,0
PKV,TX_ASOS,6/29/2024 8:00,0
PKV,TX_ASOS,6/29/2024 9:00,0
PKV,TX_ASOS,6/29/2024 10:00,0
PKV,TX_ASOS,6/29/2024 11:00,0
PKV,TX_ASOS,6/29/2024 12:00,0
PKV,TX_ASOS,6/29/2024 13:00,0
PKV,TX_ASOS,6/29/2024 14:00,0
PKV,TX_ASOS,6/29/2024 15:00,0
PKV,TX_ASOS,6/29/2024 16:00,0
PKV,TX_ASOS,6/29/2024 17:00,0
PKV,TX_ASOS,6/29/2024 18:00,0
PKV,TX_ASOS,6/29/2024 19:00,0
PKV,TX_ASOS,6/29/2024 20:00,0
PKV,TX_ASOS,6/29/2024 21:00,0
PKV,TX_ASOS,6/29/2024 22:00,0
PKV,TX_ASOS,6/29/2024 23:00,0
PKV,TX_ASOS,6/30/2024 0:00,0
PKV,TX_ASOS,6/30/2024 1:00,0
PKV,TX_ASOS,6/30/2024 2:00,0
PKV,TX_ASOS,6/30/2024 3:00,0
PKV,TX_ASOS,6/30/2024 4:00,0
PKV,TX_ASOS,6/30/2024 5:00,0
PKV,TX_ASOS,6/30/2024 6:00,0
PKV,TX_ASOS,6/30/2024 7:00,0
PKV,TX_ASOS,6/30/2024 8:00,0
PKV,TX_ASOS,6/30/2024 9:00,0
PKV,TX_ASOS,6/30/2024 10:00,0
PKV,TX_ASOS,6/30/2024 11:00,0
PKV,TX_ASOS,6/30/2024 12:00,0
PKV,TX_ASOS,6/30/2024 13:00,0
PKV,TX_ASOS,6/30/2024 14:00,0
PKV,TX_ASOS,6/30/2024 15:00,0
PKV,TX_ASOS,6/30/2024 16:00,0
PKV,TX_ASOS,6/30/2024 17:00,0
PKV,TX_ASOS,6/30/2024 18:00,0
PKV,TX_ASOS,6/30/2024 19:00,0
PKV,TX_ASOS,6/30/2024 20:00,0
PKV,TX_ASOS,6/30/2024 21:00,0
PKV,TX_ASOS,6/30/2024 22:00,0
PKV,TX_ASOS,6/30/2024 23:00,0
PKV,TX_ASOS,7/1/2024 0:00,0
PKV,TX_ASOS,7/1/2024 1:00,0
PKV,TX_ASOS,7/1/2024 2:00,0
PKV,TX_ASOS,7/1/2024 3:00,0
PKV,TX_ASOS,7/1/2024 4:00,0
PKV,TX_ASOS,7/1/2024 5:00,0
PKV,TX_ASOS,7/1/2024 6:00,0
PKV,TX_ASOS,7/1/2024 7:00,0
PKV,TX_ASOS,7/1/2024 8:00,0
PKV,TX_ASOS,7/1/2024 9:00,0
PKV,TX_ASOS,7/1/2024 10:00,0
PKV,TX_ASOS,7/1/2024 11:00,0
PKV,TX_ASOS,7/1/2024 12:00,0
PKV,TX_ASOS,7/1/2024 13:00,0
PKV,TX_ASOS,7/1/2024 14:00,0
PKV,TX_ASOS,7/1/2024 15:00,0
PKV,TX_ASOS,7/1/2024 16:00,0
PKV,TX_ASOS,7/1/2024 17:00,0
PKV,TX_ASOS,7/1/2024 18:00,0
PKV,TX_ASOS,7/1/2024 19:00,0
PKV,TX_ASOS,7/1/2024 20:00,0
PKV,TX_ASOS,7/1/2024 21:00,0
PKV,TX_ASOS,7/1/2024 22:00,0
PKV,TX_ASOS,7/1/2024 23:00,0
PKV,TX_ASOS,7/2/2024 0:00,0
PKV,TX_ASOS,7/2/2024 1:00,0
PKV,TX_ASOS,7/2/2024 2:00,0
PKV,TX_ASOS,7/2/2024 3:00,0
PKV,TX_ASOS,7/2/2024 4:00,0
PKV,TX_ASOS,7/2/2024 5:00,0
PKV,TX_ASOS,7/2/2024 6:00,0
PKV,TX_ASOS,7/2/2024 7:00,0
PKV,TX_ASOS,7/2/2024 8:00,0
PKV,TX_ASOS,7/2/2024 9:00,0
PKV,TX_ASOS,7/2/2024 10:00,0
PKV,TX_ASOS,7/2/2024 11:00,0
PKV,TX_ASOS,7/2/2024 12:00,0
PKV,TX_ASOS,7/2/2024 13:00,0
PKV,TX_ASOS,7/2/2024 14:00,0
PKV,TX_ASOS,7/2/2024 15:00,0
PKV,TX_ASOS,7/2/2024 16:00,0
PKV,TX_ASOS,7/2/2024 17:00,0
PKV,TX_ASOS,7/2/2024 18:00,0
PKV,TX_ASOS,7/2/2024 19:00,0
PKV,TX_ASOS,7/2/2024 20:00,0
PKV,TX_ASOS,7/2/2024 21:00,0
PKV,TX_ASOS,7/2/2024 22:00,0
PKV,TX_ASOS,7/2/2024 23:00,0
PKV,TX_ASOS,7/3/2024 0:00,0
PKV,TX_ASOS,7/3/2024 1:00,0
PKV,TX_ASOS,7/3/2024 2:00,0
PKV,TX_ASOS,7/3/2024 3:00,0
PKV,TX_ASOS,7/3/2024 4:00,0
PKV,TX_ASOS,7/3/2024 5:00,0
PKV,TX_ASOS,7/3/2024 6:00,0
PKV,TX_ASOS,7/3/2024 7:00,0
PKV,TX_ASOS,7/3/2024 8:00,0
PKV,TX_ASOS,7/3/2024 9:00,0
PKV,TX_ASOS,7/3/2024 10:00,0
PKV,TX_ASOS,7/3/2024 11:00,0
PKV,TX_ASOS,7/3/2024 12:00,0
PKV,TX_ASOS,7/3/2024 13:00,0
PKV,TX_ASOS,7/3/2024 14:00,0
PKV,TX_ASOS,7/3/2024 15:00,0
PKV,TX_ASOS,7/3/2024 16:00,0
PKV,TX_ASOS,7/3/2024 17:00,0
PKV,TX_ASOS,7/3/2024 18:00,0
PKV,TX_ASOS,7/3/2024 19:00,0
PKV,TX_ASOS,7/3/2024 20:00,0
PKV,TX_ASOS,7/3/2024 21:00,0
PKV,TX_ASOS,7/3/2024 22:00,0
PKV,TX_ASOS,7/3/2024 23:00,0
PKV,TX_ASOS,7/4/2024 0:00,0
PKV,TX_ASOS,7/4/2024 1:00,0
PKV,TX_ASOS,7/4/2024 2:00,0
PKV,TX_ASOS,7/4/2024 3:00,0
PKV,TX_ASOS,7/4/2024 4:00,0
PKV,TX_ASOS,7/4/2024 5:00,0
PKV,TX_ASOS,7/4/2024 8:00,0
PKV,TX_ASOS,7/4/2024 9:00,0
PKV,TX_ASOS,7/4/2024 10:00,0
PKV,TX_ASOS,7/4/2024 11:00,0
PKV,TX_ASOS,7/4/2024 12:00,0
PKV,TX_ASOS,7/4/2024 13:00,0
PKV,TX_ASOS,7/4/2024 14:00,0
PKV,TX_ASOS,7/4/2024 15:00,0
PKV,TX_ASOS,7/4/2024 16:00,0
PKV,TX_ASOS,7/4/2024 17:00,0
PKV,TX_ASOS,7/4/2024 18:00,0
PKV,TX_ASOS,7/4/2024 19:00,0
PKV,TX_ASOS,7/4/2024 20:00,0
PKV,TX_ASOS,7/4/2024 21:00,0
PKV,TX_ASOS,7/4/2024 22:00,0
PKV,TX_ASOS,7/4/2024 23:00,0
PKV,TX_ASOS,7/5/2024 0:00,0
PKV,TX_ASOS,7/5/2024 1:00,0
PKV,TX_ASOS,7/5/2024 2:00,0
PKV,TX_ASOS,7/5/2024 3:00,0
PKV,TX_ASOS,7/5/2024 4:00,0
PKV,TX_ASOS,7/5/2024 5:00,0
PKV,TX_ASOS,7/5/2024 6:00,0
PKV,TX_ASOS,7/5/2024 7:00,0
PKV,TX_ASOS,7/5/2024 8:00,0
PKV,TX_ASOS,7/5/2024 9:00,0
PKV,TX_ASOS,7/5/2024 10:00,0
PKV,TX_ASOS,7/5/2024 11:00,0
PKV,TX_ASOS,7/5/2024 12:00,0
PKV,TX_ASOS,7/5/2024 13:00,0
PKV,TX_ASOS,7/5/2024 14:00,0
PKV,TX_ASOS,7/5/2024 15:00,0
PKV,TX_ASOS,7/5/2024 16:00,0
PKV,TX_ASOS,7/5/2024 17:00,0
PKV,TX_ASOS,7/5/2024 18:00,0
PKV,TX_ASOS,7/5/2024 19:00,0
PKV,TX_ASOS,7/5/2024 20:00,0
PKV,TX_ASOS,7/5/2024 21:00,0
PKV,TX_ASOS,7/5/2024 22:00,0
PKV,TX_ASOS,7/5/2024 23:00,0
PKV,TX_ASOS,7/6/2024 0:00,0
PKV,TX_ASOS,7/6/2024 1:00,0
PKV,TX_ASOS,7/6/2024 2:00,0
PKV,TX_ASOS,7/6/2024 3:00,0
PKV,TX_ASOS,7/6/2024 4:00,0
PKV,TX_ASOS,7/6/2024 5:00,0
PKV,TX_ASOS,7/6/2024 6:00,0
PKV,TX_ASOS,7/6/2024 7:00,0
PKV,TX_ASOS,7/6/2024 8:00,0
PKV,TX_ASOS,7/6/2024 9:00,0
PKV,TX_ASOS,7/6/2024 10:00,0
PKV,TX_ASOS,7/6/2024 11:00,0
PKV,TX_ASOS,7/6/2024 12:00,0
PKV,TX_ASOS,7/6/2024 13:00,0
PKV,TX_ASOS,7/6/2024 14:00,0
PKV,TX_ASOS,7/6/2024 15:00,0
PKV,TX_ASOS,7/6/2024 16:00,0
PKV,TX_ASOS,7/6/2024 17:00,0
PKV,TX_ASOS,7/6/2024 18:00,0
PKV,TX_ASOS,7/6/2024 19:00,0
PKV,TX_ASOS,7/6/2024 20:00,0
PKV,TX_ASOS,7/6/2024 21:00,0
PKV,TX_ASOS,7/6/2024 22:00,0
PKV,TX_ASOS,7/6/2024 23:00,0
PKV,TX_ASOS,7/7/2024 0:00,0
PKV,TX_ASOS,7/7/2024 1:00,0
PKV,TX_ASOS,7/7/2024 2:00,0
PKV,TX_ASOS,7/7/2024 3:00,0
PKV,TX_ASOS,7/7/2024 4:00,0
PKV,TX_ASOS,7/7/2024 5:00,0
PKV,TX_ASOS,7/7/2024 6:00,0
PKV,TX_ASOS,7/7/2024 7:00,0
PKV,TX_ASOS,7/7/2024 8:00,0
PKV,TX_ASOS,7/7/2024 9:00,0
PKV,TX_ASOS,7/7/2024 10:00,0
PKV,TX_ASOS,7/7/2024 11:00,0
PKV,TX_ASOS,7/7/2024 12:00,0
PKV,TX_ASOS,7/7/2024 13:00,0
PKV,TX_ASOS,7/7/2024 14:00,0
PKV,TX_ASOS,7/7/2024 15:00,0.22
PKV,TX_ASOS,7/7/2024 16:00,0.03
PKV,TX_ASOS,7/7/2024 17:00,0.13
PKV,TX_ASOS,7/7/2024 18:00,0
PKV,TX_ASOS,7/7/2024 19:00,0
PKV,TX_ASOS,7/7/2024 20:00,0
PKV,TX_ASOS,7/7/2024 21:00,0
PKV,TX_ASOS,7/7/2024 22:00,0.08
PKV,TX_ASOS,7/7/2024 23:00,0.01
PKV,TX_ASOS,7/8/2024 0:00,0.02
PKV,TX_ASOS,7/8/2024 1:00,0
PKV,TX_ASOS,7/8/2024 2:00,0.16
PKV,TX_ASOS,7/8/2024 3:00,0.2
PKV,TX_ASOS,7/8/2024 4:00,0.08
PKV,TX_ASOS,7/8/2024 5:00,0.02
PKV,TX_ASOS,7/8/2024 6:00,0
PKV,TX_ASOS,7/8/2024 7:00,0
PKV,TX_ASOS,7/8/2024 8:00,0
PKV,TX_ASOS,7/8/2024 9:00,0
PKV,TX_ASOS,7/8/2024 10:00,0
PKV,TX_ASOS,7/8/2024 11:00,0
PKV,TX_ASOS,7/8/2024 12:00,0
PKV,TX_ASOS,7/8/2024 13:00,0
PKV,TX_ASOS,7/8/2024 14:00,0
PKV,TX_ASOS,7/8/2024 15:00,0
PKV,TX_ASOS,7/8/2024 16:00,0
PKV,TX_ASOS,7/8/2024 17:00,0
PKV,TX_ASOS,7/8/2024 18:00,0
PKV,TX_ASOS,7/8/2024 19:00,0
PKV,TX_ASOS,7/8/2024 20:00,0
PKV,TX_ASOS,7/8/2024 21:00,0
PKV,TX_ASOS,7/8/2024 22:00,0
PKV,TX_ASOS,7/8/2024 23:00,0
PKV,TX_ASOS,7/9/2024 0:00,0
PKV,TX_ASOS,7/9/2024 1:00,0
PKV,TX_ASOS,7/9/2024 2:00,0
PKV,TX_ASOS,7/9/2024 3:00,0
PKV,TX_ASOS,7/9/2024 4:00,0
PKV,TX_ASOS,7/9/2024 5:00,0
PKV,TX_ASOS,7/9/2024 6:00,0
PKV,TX_ASOS,7/9/2024 7:00,0
PKV,TX_ASOS,7/9/2024 8:00,0
PKV,TX_ASOS,7/9/2024 9:00,0
PKV,TX_ASOS,7/9/2024 10:00,0
PKV,TX_ASOS,7/9/2024 11:00,0
PKV,TX_ASOS,7/9/2024 12:00,0
PKV,TX_ASOS,7/9/2024 13:00,0
PKV,TX_ASOS,7/9/2024 14:00,0
PKV,TX_ASOS,7/9/2024 15:00,0
PKV,TX_ASOS,7/9/2024 16:00,0
PKV,TX_ASOS,7/9/2024 17:00,0
PKV,TX_ASOS,7/9/2024 18:00,0
PKV,TX_ASOS,7/9/2024 19:00,0
PKV,TX_ASOS,7/9/2024 20:00,0
PKV,TX_ASOS,7/9/2024 21:00,0
PKV,TX_ASOS,7/9/2024 22:00,0
PKV,TX_ASOS,7/9/2024 23:00,0
PKV,TX_ASOS,7/10/2024 0:00,0
PKV,TX_ASOS,7/10/2024 1:00,0
PKV,TX_ASOS,7/10/2024 2:00,0
PKV,TX_ASOS,7/10/2024 3:00,0
PKV,TX_ASOS,7/10/2024 4:00,0
PKV,TX_ASOS,7/10/2024 5:00,0
PKV,TX_ASOS,7/10/2024 6:00,0
PKV,TX_ASOS,7/10/2024 7:00,0
PKV,TX_ASOS,7/10/2024 8:00,0
PKV,TX_ASOS,7/10/2024 9:00,0
PKV,TX_ASOS,7/10/2024 10:00,0.02
PKV,TX_ASOS,7/10/2024 11:00,0
PKV,TX_ASOS,7/10/2024 12:00,0
PKV,TX_ASOS,7/10/2024 13:00,0
PKV,TX_ASOS,7/10/2024 14:00,0
PKV,TX_ASOS,7/10/2024 15:00,0
PKV,TX_ASOS,7/10/2024 16:00,0
PKV,TX_ASOS,7/10/2024 17:00,0.78
PKV,TX_ASOS,7/10/2024 18:00,1.18
PKV,TX_ASOS,7/10/2024 19:00,0.02
PKV,TX_ASOS,7/10/2024 20:00,0.06
PKV,TX_ASOS,7/10/2024 21:00,0
PKV,TX_ASOS,7/10/2024 22:00,0
PKV,TX_ASOS,7/10/2024 23:00,0
PKV,TX_ASOS,7/11/2024 0:00,0
PKV,TX_ASOS,7/11/2024 1:00,0
PKV,TX_ASOS,7/11/2024 2:00,0
PKV,TX_ASOS,7/11/2024 3:00,0
PKV,TX_ASOS,7/11/2024 4:00,0
PKV,TX_ASOS,7/11/2024 5:00,0
PKV,TX_ASOS,7/11/2024 6:00,0
PKV,TX_ASOS,7/11/2024 7:00,0.02
PKV,TX_ASOS,7/11/2024 8:00,0.01
PKV,TX_ASOS,7/11/2024 9:00,0.03
PKV,TX_ASOS,7/11/2024 10:00,0
PKV,TX_ASOS,7/11/2024 11:00,0
PKV,TX_ASOS,7/11/2024 12:00,0
PKV,TX_ASOS,7/11/2024 13:00,0
PKV,TX_ASOS,7/11/2024 14:00,0
PKV,TX_ASOS,7/11/2024 15:00,0
PKV,TX_ASOS,7/11/2024 16:00,0
PKV,TX_ASOS,7/11/2024 17:00,0
PKV,TX_ASOS,7/11/2024 18:00,0
PKV,TX_ASOS,7/11/2024 19:00,0
PKV,TX_ASOS,7/11/2024 20:00,0
PKV,TX_ASOS,7/11/2024 21:00,0
PKV,TX_ASOS,7/11/2024 22:00,0
PKV,TX_ASOS,7/11/2024 23:00,0
PKV,TX_ASOS,7/12/2024 0:00,0
PKV,TX_ASOS,7/12/2024 1:00,0
PKV,TX_ASOS,7/12/2024 2:00,0
PKV,TX_ASOS,7/12/2024 3:00,0
PKV,TX_ASOS,7/12/2024 4:00,0
PKV,TX_ASOS,7/12/2024 5:00,0
PKV,TX_ASOS,7/12/2024 6:00,0
PKV,TX_ASOS,7/12/2024 7:00,0
PKV,TX_ASOS,7/12/2024 8:00,0
PKV,TX_ASOS,7/12/2024 9:00,0
PKV,TX_ASOS,7/12/2024 10:00,0
PKV,TX_ASOS,7/12/2024 11:00,0
PKV,TX_ASOS,7/12/2024 12:00,0
PKV,TX_ASOS,7/12/2024 13:00,0
PKV,TX_ASOS,7/12/2024 14:00,0
PKV,TX_ASOS,7/12/2024 15:00,0
PKV,TX_ASOS,7/12/2024 16:00,0
PKV,TX_ASOS,7/12/2024 17:00,0
PKV,TX_ASOS,7/12/2024 18:00,0
PKV,TX_ASOS,7/12/2024 19:00,0
PKV,TX_ASOS,7/12/2024 20:00,0
PKV,TX_ASOS,7/12/2024 21:00,0
PKV,TX_ASOS,7/12/2024 22:00,0
PKV,TX_ASOS,7/12/2024 23:00,0
PKV,TX_ASOS,7/13/2024 0:00,0
PKV,TX_ASOS,7/13/2024 1:00,0.36
PKV,TX_ASOS,7/13/2024 2:00,0
PKV,TX_ASOS,7/13/2024 3:00,0
PKV,TX_ASOS,7/13/2024 4:00,0
PKV,TX_ASOS,7/13/2024 5:00,0
PKV,TX_ASOS,7/13/2024 6:00,0
PKV,TX_ASOS,7/13/2024 7:00,0
PKV,TX_ASOS,7/13/2024 8:00,0
PKV,TX_ASOS,7/13/2024 9:00,0
PKV,TX_ASOS,7/13/2024 10:00,0
PKV,TX_ASOS,7/13/2024 11:00,0
PKV,TX_ASOS,7/13/2024 12:00,0
PKV,TX_ASOS,7/13/2024 13:00,0
PKV,TX_ASOS,7/13/2024 14:00,0
PKV,TX_ASOS,7/13/2024 15:00,0
PKV,TX_ASOS,7/13/2024 16:00,0
PKV,TX_ASOS,7/13/2024 17:00,0
PKV,TX_ASOS,7/13/2024 18:00,0
PKV,TX_ASOS,7/13/2024 19:00,0
PKV,TX_ASOS,7/13/2024 20:00,0
PKV,TX_ASOS,7/13/2024 21:00,0
PKV,TX_ASOS,7/13/2024 22:00,0
PKV,TX_ASOS,7/13/2024 23:00,0
PKV,TX_ASOS,7/14/2024 0:00,0
PKV,TX_ASOS,7/14/2024 1:00,0
PKV,TX_ASOS,7/14/2024 2:00,0
PKV,TX_ASOS,7/14/2024 3:00,0
PKV,TX_ASOS,7/14/2024 4:00,0
PKV,TX_ASOS,7/14/2024 5:00,0
PKV,TX_ASOS,7/14/2024 6:00,0
PKV,TX_ASOS,7/14/2024 7:00,0
PKV,TX_ASOS,7/14/2024 8:00,0
PKV,TX_ASOS,7/14/2024 9:00,0
PKV,TX_ASOS,7/14/2024 10:00,0
PKV,TX_ASOS,7/14/2024 11:00,0
PKV,TX_ASOS,7/14/2024 12:00,0.01
PKV,TX_ASOS,7/14/2024 13:00,0
PKV,TX_ASOS,7/14/2024 14:00,0
PKV,TX_ASOS,7/14/2024 15:00,0
PKV,TX_ASOS,7/14/2024 16:00,0
PKV,TX_ASOS,7/14/2024 17:00,0
PKV,TX_ASOS,7/14/2024 18:00,0
PKV,TX_ASOS,7/14/2024 19:00,0
PKV,TX_ASOS,7/14/2024 20:00,0
PKV,TX_ASOS,7/14/2024 21:00,0
PKV,TX_ASOS,7/14/2024 22:00,0
PKV,TX_ASOS,7/14/2024 23:00,0
PKV,TX_ASOS,7/15/2024 0:00,0
PKV,TX_ASOS,7/15/2024 1:00,0
PKV,TX_ASOS,7/15/2024 2:00,0
PKV,TX_ASOS,7/15/2024 3:00,0
PKV,TX_ASOS,7/15/2024 4:00,0
PKV,TX_ASOS,7/15/2024 5:00,0
PKV,TX_ASOS,7/15/2024 6:00,0
PKV,TX_ASOS,7/15/2024 7:00,0
PKV,TX_ASOS,7/15/2024 8:00,0
PKV,TX_ASOS,7/15/2024 9:00,0
PKV,TX_ASOS,7/15/2024 10:00,0
PKV,TX_ASOS,7/15/2024 11:00,0
PKV,TX_ASOS,7/15/2024 12:00,0
PKV,TX_ASOS,7/15/2024 13:00,0
PKV,TX_ASOS,7/15/2024 14:00,0
PKV,TX_ASOS,7/15/2024 15:00,0
PKV,TX_ASOS,7/15/2024 16:00,0
PKV,TX_ASOS,7/15/2024 17:00,0
PKV,TX_ASOS,7/15/2024 18:00,0
PKV,TX_ASOS,7/15/2024 19:00,0
PKV,TX_ASOS,7/15/2024 20:00,0
PKV,TX_ASOS,7/15/2024 21:00,0
PKV,TX_ASOS,7/15/2024 22:00,0
PKV,TX_ASOS,7/15/2024 23:00,0
PKV,TX_ASOS,7/16/2024 0:00,0
PKV,TX_ASOS,7/16/2024 1:00,0
PKV,TX_ASOS,7/16/2024 2:00,0
PKV,TX_ASOS,7/16/2024 3:00,0
PKV,TX_ASOS,7/16/2024 4:00,0
PKV,TX_ASOS,7/16/2024 5:00,0
PKV,TX_ASOS,7/16/2024 6:00,0
PKV,TX_ASOS,7/16/2024 7:00,0
PKV,TX_ASOS,7/16/2024 8:00,0
PKV,TX_ASOS,7/16/2024 9:00,0
PKV,TX_ASOS,7/16/2024 10:00,0
PKV,TX_ASOS,7/16/2024 11:00,0
PKV,TX_ASOS,7/16/2024 12:00,0
PKV,TX_ASOS,7/16/2024 13:00,0
PKV,TX_ASOS,7/16/2024 14:00,0
PKV,TX_ASOS,7/16/2024 15:00,0
PKV,TX_ASOS,7/16/2024 16:00,0
PKV,TX_ASOS,7/16/2024 17:00,0
PKV,TX_ASOS,7/16/2024 18:00,0
PKV,TX_ASOS,7/16/2024 19:00,0
PKV,TX_ASOS,7/16/2024 20:00,0
PKV,TX_ASOS,7/16/2024 21:00,0
PKV,TX_ASOS,7/16/2024 22:00,0
PKV,TX_ASOS,7/16/2024 23:00,0
PKV,TX_ASOS,7/17/2024 0:00,0
PKV,TX_ASOS,7/17/2024 1:00,0
PKV,TX_ASOS,7/17/2024 2:00,0
PKV,TX_ASOS,7/17/2024 3:00,0
PKV,TX_ASOS,7/17/2024 4:00,0
PKV,TX_ASOS,7/17/2024 5:00,0
PKV,TX_ASOS,7/17/2024 6:00,0
PKV,TX_ASOS,7/17/2024 7:00,0
PKV,TX_ASOS,7/17/2024 8:00,0
PKV,TX_ASOS,7/17/2024 9:00,0
PKV,TX_ASOS,7/17/2024 10:00,0
PKV,TX_ASOS,7/17/2024 11:00,0
PKV,TX_ASOS,7/17/2024 12:00,0
PKV,TX_ASOS,7/17/2024 13:00,0
PKV,TX_ASOS,7/17/2024 14:00,0
PKV,TX_ASOS,7/17/2024 15:00,0
PKV,TX_ASOS,7/17/2024 16:00,0
PKV,TX_ASOS,7/17/2024 17:00,0
PKV,TX_ASOS,7/17/2024 18:00,0
PKV,TX_ASOS,7/17/2024 19:00,0
PKV,TX_ASOS,7/17/2024 20:00,0
PKV,TX_ASOS,7/17/2024 21:00,0
PKV,TX_ASOS,7/17/2024 22:00,0
PKV,TX_ASOS,7/17/2024 23:00,0
PKV,TX_ASOS,7/18/2024 0:00,0
PKV,TX_ASOS,7/18/2024 1:00,0
PKV,TX_ASOS,7/18/2024 2:00,0
PKV,TX_ASOS,7/18/2024 3:00,0
PKV,TX_ASOS,7/18/2024 4:00,0
PKV,TX_ASOS,7/18/2024 5:00,0
PKV,TX_ASOS,7/18/2024 6:00,0
PKV,TX_ASOS,7/18/2024 7:00,0
PKV,TX_ASOS,7/18/2024 8:00,0
PKV,TX_ASOS,7/18/2024 9:00,0
PKV,TX_ASOS,7/18/2024 10:00,0
PKV,TX_ASOS,7/18/2024 11:00,0
PKV,TX_ASOS,7/18/2024 12:00,0
PKV,TX_ASOS,7/18/2024 13:00,0
PKV,TX_ASOS,7/18/2024 14:00,0
PKV,TX_ASOS,7/18/2024 15:00,0
PKV,TX_ASOS,7/18/2024 16:00,0
PKV,TX_ASOS,7/18/2024 17:00,0
PKV,TX_ASOS,7/18/2024 18:00,0
PKV,TX_ASOS,7/18/2024 19:00,0
PKV,TX_ASOS,7/18/2024 20:00,0
PKV,TX_ASOS,7/18/2024 21:00,0
PKV,TX_ASOS,7/18/2024 22:00,0
PKV,TX_ASOS,7/18/2024 23:00,0
PKV,TX_ASOS,7/19/2024 0:00,0
PKV,TX_ASOS,7/19/2024 1:00,0
PKV,TX_ASOS,7/19/2024 2:00,0
PKV,TX_ASOS,7/19/2024 3:00,0
PKV,TX_ASOS,7/19/2024 4:00,0
PKV,TX_ASOS,7/19/2024 5:00,0
PKV,TX_ASOS,7/19/2024 6:00,0
PKV,TX_ASOS,7/19/2024 7:00,0
PKV,TX_ASOS,7/19/2024 8:00,0
PKV,TX_ASOS,7/19/2024 9:00,0
PKV,TX_ASOS,7/19/2024 10:00,0
PKV,TX_ASOS,7/19/2024 11:00,0
PKV,TX_ASOS,7/19/2024 12:00,0
PKV,TX_ASOS,7/19/2024 13:00,0
PKV,TX_ASOS,7/19/2024 14:00,0
PKV,TX_ASOS,7/19/2024 15:00,0
PKV,TX_ASOS,7/19/2024 16:00,0
PKV,TX_ASOS,7/19/2024 17:00,0
PKV,TX_ASOS,7/19/2024 18:00,0
PKV,TX_ASOS,7/19/2024 19:00,0
PKV,TX_ASOS,7/19/2024 20:00,0
PKV,TX_ASOS,7/19/2024 21:00,0
PKV,TX_ASOS,7/19/2024 22:00,0
PKV,TX_ASOS,7/19/2024 23:00,0
PKV,TX_ASOS,7/20/2024 0:00,0
PKV,TX_ASOS,7/20/2024 1:00,0
PKV,TX_ASOS,7/20/2024 2:00,0
PKV,TX_ASOS,7/20/2024 3:00,0
PKV,TX_ASOS,7/20/2024 4:00,0
PKV,TX_ASOS,7/20/2024 5:00,0
PKV,TX_ASOS,7/20/2024 6:00,0
PKV,TX_ASOS,7/20/2024 7:00,0
PKV,TX_ASOS,7/20/2024 8:00,0
PKV,TX_ASOS,7/20/2024 9:00,0
PKV,TX_ASOS,7/20/2024 10:00,0
PKV,TX_ASOS,7/20/2024 11:00,0
PKV,TX_ASOS,7/20/2024 12:00,0
PKV,TX_ASOS,7/20/2024 13:00,0
PKV,TX_ASOS,7/20/2024 14:00,0
PKV,TX_ASOS,7/20/2024 15:00,0
PKV,TX_ASOS,7/20/2024 16:00,0
PKV,TX_ASOS,7/20/2024 17:00,0
PKV,TX_ASOS,7/20/2024 18:00,0
PKV,TX_ASOS,7/20/2024 19:00,0
PKV,TX_ASOS,7/20/2024 20:00,0
PKV,TX_ASOS,7/20/2024 21:00,0
PKV,TX_ASOS,7/20/2024 22:00,0
PKV,TX_ASOS,7/20/2024 23:00,0
PKV,TX_ASOS,7/21/2024 0:00,0
PKV,TX_ASOS,7/21/2024 1:00,0
PKV,TX_ASOS,7/21/2024 2:00,0
PKV,TX_ASOS,7/21/2024 3:00,0
PKV,TX_ASOS,7/21/2024 4:00,0
PKV,TX_ASOS,7/21/2024 5:00,0
PKV,TX_ASOS,7/21/2024 6:00,0
PKV,TX_ASOS,7/21/2024 7:00,0
PKV,TX_ASOS,7/21/2024 8:00,0
PKV,TX_ASOS,7/21/2024 9:00,0
PKV,TX_ASOS,7/21/2024 10:00,0
PKV,TX_ASOS,7/21/2024 11:00,0
PKV,TX_ASOS,7/21/2024 12:00,0
PKV,TX_ASOS,7/21/2024 13:00,0
PKV,TX_ASOS,7/21/2024 14:00,0
PKV,TX_ASOS,7/21/2024 15:00,0
PKV,TX_ASOS,7/21/2024 16:00,0.05
PKV,TX_ASOS,7/21/2024 17:00,0.05
PKV,TX_ASOS,7/21/2024 18:00,0
PKV,TX_ASOS,7/21/2024 19:00,0
PKV,TX_ASOS,7/21/2024 20:00,0
PKV,TX_ASOS,7/21/2024 21:00,0
PKV,TX_ASOS,7/21/2024 22:00,0
PKV,TX_ASOS,7/21/2024 23:00,0
PKV,TX_ASOS,7/22/2024 0:00,0
PKV,TX_ASOS,7/22/2024 1:00,0
PKV,TX_ASOS,7/22/2024 2:00,0
PKV,TX_ASOS,7/22/2024 3:00,0
PKV,TX_ASOS,7/22/2024 4:00,0
PKV,TX_ASOS,7/22/2024 5:00,0
PKV,TX_ASOS,7/22/2024 6:00,0
PKV,TX_ASOS,7/22/2024 7:00,0
PKV,TX_ASOS,7/22/2024 8:00,0.49
PKV,TX_ASOS,7/22/2024 9:00,0.1
PKV,TX_ASOS,7/22/2024 10:00,0
PKV,TX_ASOS,7/22/2024 11:00,0
PKV,TX_ASOS,7/22/2024 12:00,0
PKV,TX_ASOS,7/22/2024 13:00,0
PKV,TX_ASOS,7/22/2024 14:00,0
PKV,TX_ASOS,7/22/2024 15:00,0
PKV,TX_ASOS,7/22/2024 16:00,0
PKV,TX_ASOS,7/22/2024 17:00,0
PKV,TX_ASOS,7/22/2024 18:00,0
PKV,TX_ASOS,7/22/2024 19:00,0
PKV,TX_ASOS,7/22/2024 20:00,0
PKV,TX_ASOS,7/22/2024 21:00,0
PKV,TX_ASOS,7/22/2024 22:00,0
PKV,TX_ASOS,7/22/2024 23:00,0
PKV,TX_ASOS,7/23/2024 0:00,0
PKV,TX_ASOS,7/23/2024 1:00,0
PKV,TX_ASOS,7/23/2024 2:00,0
PKV,TX_ASOS,7/23/2024 3:00,0
PKV,TX_ASOS,7/23/2024 4:00,0.02
PKV,TX_ASOS,7/23/2024 5:00,0.02
PKV,TX_ASOS,7/23/2024 6:00,0
PKV,TX_ASOS,7/23/2024 7:00,0
PKV,TX_ASOS,7/23/2024 8:00,1.44
PKV,TX_ASOS,7/23/2024 9:00,0.07
PKV,TX_ASOS,7/23/2024 10:00,0.02
PKV,TX_ASOS,7/23/2024 11:00,0
PKV,TX_ASOS,7/23/2024 12:00,0
PKV,TX_ASOS,7/23/2024 13:00,0
PKV,TX_ASOS,7/23/2024 14:00,0
PKV,TX_ASOS,7/23/2024 15:00,0
PKV,TX_ASOS,7/23/2024 16:00,0
PKV,TX_ASOS,7/23/2024 17:00,0
PKV,TX_ASOS,7/23/2024 18:00,0
PKV,TX_ASOS,7/23/2024 19:00,0
PKV,TX_ASOS,7/23/2024 20:00,0
PKV,TX_ASOS,7/23/2024 21:00,0
PKV,TX_ASOS,7/23/2024 22:00,0
PKV,TX_ASOS,7/23/2024 23:00,0
PKV,TX_ASOS,7/24/2024 0:00,0
PKV,TX_ASOS,7/24/2024 1:00,0
PKV,TX_ASOS,7/24/2024 2:00,0
PKV,TX_ASOS,7/24/2024 3:00,0
PKV,TX_ASOS,7/24/2024 4:00,0
PKV,TX_ASOS,7/24/2024 5:00,0
PKV,TX_ASOS,7/24/2024 6:00,0
PKV,TX_ASOS,7/24/2024 7:00,0
PKV,TX_ASOS,7/24/2024 8:00,0.08
PKV,TX_ASOS,7/24/2024 9:00,0.01
PKV,TX_ASOS,7/24/2024 10:00,0
PKV,TX_ASOS,7/24/2024 11:00,0
PKV,TX_ASOS,7/24/2024 12:00,0
PKV,TX_ASOS,7/24/2024 13:00,0
PKV,TX_ASOS,7/24/2024 14:00,0
PKV,TX_ASOS,7/24/2024 15:00,0
PKV,TX_ASOS,7/24/2024 16:00,0
PKV,TX_ASOS,7/24/2024 17:00,0
PKV,TX_ASOS,7/24/2024 18:00,0
PKV,TX_ASOS,7/24/2024 19:00,0
PKV,TX_ASOS,7/24/2024 20:00,0
PKV,TX_ASOS,7/24/2024 21:00,0
PKV,TX_ASOS,7/24/2024 22:00,0
PKV,TX_ASOS,7/24/2024 23:00,0
PKV,TX_ASOS,7/25/2024 0:00,0
PKV,TX_ASOS,7/25/2024 1:00,0
PKV,TX_ASOS,7/25/2024 2:00,0
PKV,TX_ASOS,7/25/2024 3:00,0
PKV,TX_ASOS,7/25/2024 4:00,0
PKV,TX_ASOS,7/25/2024 5:00,1.84
PKV,TX_ASOS,7/25/2024 6:00,0.48
PKV,TX_ASOS,7/25/2024 7:00,0.1
PKV,TX_ASOS,7/25/2024 8:00,0.19
PKV,TX_ASOS,7/25/2024 9:00,0.06
PKV,TX_ASOS,7/25/2024 10:00,0.04
PKV,TX_ASOS,7/25/2024 11:00,0
PKV,TX_ASOS,7/25/2024 12:00,0.01
PKV,TX_ASOS,7/25/2024 13:00,0
PKV,TX_ASOS,7/25/2024 14:00,0
PKV,TX_ASOS,7/25/2024 15:00,0
PKV,TX_ASOS,7/25/2024 16:00,0
PKV,TX_ASOS,7/25/2024 17:00,0
PKV,TX_ASOS,7/25/2024 18:00,0
PKV,TX_ASOS,7/25/2024 19:00,0
PKV,TX_ASOS,7/25/2024 20:00,0
PKV,TX_ASOS,7/25/2024 21:00,0
PKV,TX_ASOS,7/25/2024 22:00,0
PKV,TX_ASOS,7/25/2024 23:00,0
PKV,TX_ASOS,7/26/2024 0:00,0
PKV,TX_ASOS,7/26/2024 1:00,0
PKV,TX_ASOS,7/26/2024 2:00,0
PKV,TX_ASOS,7/26/2024 3:00,0
PKV,TX_ASOS,7/26/2024 4:00,0.02
PKV,TX_ASOS,7/26/2024 5:00,0.01
PKV,TX_ASOS,7/26/2024 6:00,0
PKV,TX_ASOS,7/26/2024 7:00,0
PKV,TX_ASOS,7/26/2024 8:00,0
PKV,TX_ASOS,7/26/2024 9:00,0
PKV,TX_ASOS,7/26/2024 10:00,0
PKV,TX_ASOS,7/26/2024 11:00,0.01
PKV,TX_ASOS,7/26/2024 12:00,0
PKV,TX_ASOS,7/26/2024 13:00,0
PKV,TX_ASOS,7/26/2024 14:00,0
PKV,TX_ASOS,7/26/2024 15:00,0
PKV,TX_ASOS,7/26/2024 16:00,0
PKV,TX_ASOS,7/26/2024 17:00,0
PKV,TX_ASOS,7/26/2024 18:00,0
PKV,TX_ASOS,7/26/2024 19:00,0
PKV,TX_ASOS,7/26/2024 20:00,0
PKV,TX_ASOS,7/26/2024 21:00,0
PKV,TX_ASOS,7/26/2024 22:00,0
PKV,TX_ASOS,7/26/2024 23:00,0
PKV,TX_ASOS,7/27/2024 0:00,0
PKV,TX_ASOS,7/27/2024 1:00,0
PKV,TX_ASOS,7/27/2024 2:00,0
PKV,TX_ASOS,7/27/2024 3:00,0.2
PKV,TX_ASOS,7/27/2024 4:00,0.99
PKV,TX_ASOS,7/27/2024 5:00,0.08
PKV,TX_ASOS,7/27/2024 6:00,0.15
PKV,TX_ASOS,7/27/2024 7:00,0.21
PKV,TX_ASOS,7/27/2024 8:00,0.01
PKV,TX_ASOS,7/27/2024 9:00,0.08
PKV,TX_ASOS,7/27/2024 10:00,0.07
PKV,TX_ASOS,7/27/2024 11:00,0.01
PKV,TX_ASOS,7/27/2024 12:00,0.01
PKV,TX_ASOS,7/27/2024 13:00,0
PKV,TX_ASOS,7/27/2024 14:00,0
PKV,TX_ASOS,7/27/2024 15:00,0
PKV,TX_ASOS,7/27/2024 16:00,0
PKV,TX_ASOS,7/27/2024 17:00,0
PKV,TX_ASOS,7/27/2024 18:00,0
PKV,TX_ASOS,7/27/2024 19:00,0
PKV,TX_ASOS,7/27/2024 20:00,0
PKV,TX_ASOS,7/27/2024 21:00,0
PKV,TX_ASOS,7/27/2024 22:00,0
PKV,TX_ASOS,7/27/2024 23:00,0
PKV,TX_ASOS,7/28/2024 0:00,0
PKV,TX_ASOS,7/28/2024 1:00,0
PKV,TX_ASOS,7/28/2024 2:00,0
PKV,TX_ASOS,7/28/2024 3:00,0.04
PKV,TX_ASOS,7/28/2024 4:00,0.07
PKV,TX_ASOS,7/28/2024 5:00,0
PKV,TX_ASOS,7/28/2024 6:00,0
PKV,TX_ASOS,7/28/2024 7:00,0.01
PKV,TX_ASOS,7/28/2024 8:00,0.07
PKV,TX_ASOS,7/28/2024 9:00,0.01
PKV,TX_ASOS,7/28/2024 10:00,0.12
PKV,TX_ASOS,7/28/2024 11:00,0
PKV,TX_ASOS,7/28/2024 12:00,0
PKV,TX_ASOS,7/28/2024 13:00,0
PKV,TX_ASOS,7/28/2024 14:00,0
PKV,TX_ASOS,7/28/2024 15:00,0
PKV,TX_ASOS,7/28/2024 16:00,0
PKV,TX_ASOS,7/28/2024 17:00,0
PKV,TX_ASOS,7/28/2024 18:00,0
PKV,TX_ASOS,7/28/2024 19:00,0
PKV,TX_ASOS,7/28/2024 20:00,0
PKV,TX_ASOS,7/28/2024 21:00,0
PKV,TX_ASOS,7/28/2024 22:00,0
PKV,TX_ASOS,7/28/2024 23:00,0
PKV,TX_ASOS,7/29/2024 0:00,0
PKV,TX_ASOS,7/29/2024 1:00,0
PKV,TX_ASOS,7/29/2024 2:00,0
PKV,TX_ASOS,7/29/2024 3:00,0
PKV,TX_ASOS,7/29/2024 4:00,0
PKV,TX_ASOS,7/29/2024 5:00,0
PKV,TX_ASOS,7/29/2024 6:00,0
PKV,TX_ASOS,7/29/2024 7:00,0
PKV,TX_ASOS,7/29/2024 8:00,0
PKV,TX_ASOS,7/29/2024 9:00,0
PKV,TX_ASOS,7/29/2024 10:00,0
PKV,TX_ASOS,7/29/2024 11:00,0
PKV,TX_ASOS,7/29/2024 12:00,0
PKV,TX_ASOS,7/29/2024 13:00,0
PKV,TX_ASOS,7/29/2024 14:00,0
PKV,TX_ASOS,7/29/2024 15:00,0
PKV,TX_ASOS,7/29/2024 16:00,0
PKV,TX_ASOS,7/29/2024 17:00,0
PKV,TX_ASOS,7/29/2024 18:00,0
PKV,TX_ASOS,7/29/2024 19:00,0
PKV,TX_ASOS,7/29/2024 20:00,0
PKV,TX_ASOS,7/29/2024 21:00,0
PKV,TX_ASOS,7/29/2024 22:00,0
PKV,TX_ASOS,7/29/2024 23:00,0
PKV,TX_ASOS,7/30/2024 0:00,0
PKV,TX_ASOS,7/30/2024 1:00,0
PKV,TX_ASOS,7/30/2024 2:00,0
PKV,TX_ASOS,7/30/2024 3:00,0
PKV,TX_ASOS,7/30/2024 4:00,0
PKV,TX_ASOS,7/30/2024 5:00,0
PKV,TX_ASOS,7/30/2024 6:00,0
PKV,TX_ASOS,7/30/2024 7:00,0
PKV,TX_ASOS,7/30/2024 8:00,0
PKV,TX_ASOS,7/30/2024 9:00,0
PKV,TX_ASOS,7/30/2024 10:00,0
PKV,TX_ASOS,7/30/2024 11:00,0
PKV,TX_ASOS,7/30/2024 12:00,0
PKV,TX_ASOS,7/30/2024 13:00,0
PKV,TX_ASOS,7/30/2024 14:00,0
PKV,TX_ASOS,7/30/2024 15:00,0
PKV,TX_ASOS,7/30/2024 16:00,0
PKV,TX_ASOS,7/30/2024 17:00,0
PKV,TX_ASOS,7/30/2024 18:00,0
PKV,TX_ASOS,7/30/2024 19:00,0
PKV,TX_ASOS,7/30/2024 20:00,0
PKV,TX_ASOS,7/30/2024 21:00,0
PKV,TX_ASOS,7/30/2024 22:00,0
PKV,TX_ASOS,7/30/2024 23:00,0
PKV,TX_ASOS,7/31/2024 0:00,0
PKV,TX_ASOS,7/31/2024 1:00,0
PKV,TX_ASOS,7/31/2024 2:00,0
PKV,TX_ASOS,7/31/2024 3:00,0
PKV,TX_ASOS,7/31/2024 4:00,0
PKV,TX_ASOS,7/31/2024 5:00,0
PKV,TX_ASOS,7/31/2024 6:00,0
PKV,TX_ASOS,7/31/2024 7:00,0
PKV,TX_ASOS,7/31/2024 8:00,0
PKV,TX_ASOS,7/31/2024 9:00,0
PKV,TX_ASOS,7/31/2024 10:00,0
PKV,TX_ASOS,7/31/2024 11:00,0
PKV,TX_ASOS,7/31/2024 12:00,0
PKV,TX_ASOS,7/31/2024 13:00,0
PKV,TX_ASOS,7/31/2024 14:00,0
PKV,TX_ASOS,7/31/2024 15:00,0
PKV,TX_ASOS,7/31/2024 16:00,0
PKV,TX_ASOS,7/31/2024 17:00,0
PKV,TX_ASOS,7/31/2024 18:00,0
PKV,TX_ASOS,7/31/2024 19:00,0
PKV,TX_ASOS,7/31/2024 20:00,0
PKV,TX_ASOS,7/31/2024 21:00,0
PKV,TX_ASOS,7/31/2024 22:00,0
PKV,TX_ASOS,7/31/2024 23:00,0
PKV,TX_ASOS,8/1/2024 0:00,0
PKV,TX_ASOS,8/1/2024 1:00,0
PKV,TX_ASOS,8/1/2024 2:00,0
PKV,TX_ASOS,8/1/2024 3:00,0
PKV,TX_ASOS,8/1/2024 4:00,0
PKV,TX_ASOS,8/1/2024 5:00,0
PKV,TX_ASOS,8/1/2024 6:00,0
PKV,TX_ASOS,8/1/2024 7:00,0
PKV,TX_ASOS,8/1/2024 8:00,0
PKV,TX_ASOS,8/1/2024 9:00,0
PKV,TX_ASOS,8/1/2024 10:00,0
PKV,TX_ASOS,8/1/2024 11:00,0
PKV,TX_ASOS,8/1/2024 12:00,0
PKV,TX_ASOS,8/1/2024 13:00,0
PKV,TX_ASOS,8/1/2024 14:00,0
PKV,TX_ASOS,8/1/2024 15:00,0
PKV,TX_ASOS,8/1/2024 16:00,0
PKV,TX_ASOS,8/1/2024 18:00,0
PKV,TX_ASOS,8/1/2024 20:00,0
PKV,TX_ASOS,8/1/2024 21:00,0
PKV,TX_ASOS,8/1/2024 22:00,0
PKV,TX_ASOS,8/1/2024 23:00,0
PKV,TX_ASOS,8/2/2024 0:00,0
PKV,TX_ASOS,8/2/2024 1:00,0
PKV,TX_ASOS,8/2/2024 2:00,0
PKV,TX_ASOS,8/2/2024 3:00,0
PKV,TX_ASOS,8/2/2024 4:00,0
PKV,TX_ASOS,8/2/2024 5:00,0
PKV,TX_ASOS,8/2/2024 6:00,0
PKV,TX_ASOS,8/2/2024 7:00,0
PKV,TX_ASOS,8/2/2024 8:00,0
PKV,TX_ASOS,8/2/2024 9:00,0
PKV,TX_ASOS,8/2/2024 10:00,0
PKV,TX_ASOS,8/2/2024 11:00,0
PKV,TX_ASOS,8/2/2024 12:00,0
PKV,TX_ASOS,8/2/2024 13:00,0
PKV,TX_ASOS,8/2/2024 15:00,0
PKV,TX_ASOS,8/2/2024 20:00,0
PKV,TX_ASOS,8/2/2024 21:00,0
PKV,TX_ASOS,8/2/2024 22:00,0
PKV,TX_ASOS,8/2/2024 23:00,0
PKV,TX_ASOS,8/3/2024 0:00,0
PKV,TX_ASOS,8/3/2024 2:00,0
PKV,TX_ASOS,8/3/2024 3:00,0
PKV,TX_ASOS,8/3/2024 4:00,0
PKV,TX_ASOS,8/3/2024 5:00,0
PKV,TX_ASOS,8/3/2024 6:00,0
PKV,TX_ASOS,8/3/2024 12:00,0
PKV,TX_ASOS,8/3/2024 13:00,0
PKV,TX_ASOS,8/3/2024 15:00,0
PKV,TX_ASOS,8/3/2024 17:00,0
PKV,TX_ASOS,8/3/2024 18:00,0
PKV,TX_ASOS,8/3/2024 19:00,0
PKV,TX_ASOS,8/3/2024 20:00,0
PKV,TX_ASOS,8/3/2024 21:00,0
PKV,TX_ASOS,8/3/2024 22:00,0
PKV,TX_ASOS,8/3/2024 23:00,0
PKV,TX_ASOS,8/4/2024 0:00,0
PKV,TX_ASOS,8/4/2024 1:00,0
PKV,TX_ASOS,8/4/2024 2:00,0
PKV,TX_ASOS,8/4/2024 3:00,0
PKV,TX_ASOS,8/4/2024 4:00,0
PKV,TX_ASOS,8/4/2024 5:00,0
PKV,TX_ASOS,8/4/2024 7:00,0
PKV,TX_ASOS,8/4/2024 8:00,0
PKV,TX_ASOS,8/4/2024 10:00,0
PKV,TX_ASOS,8/4/2024 11:00,0
PKV,TX_ASOS,8/4/2024 13:00,0
PKV,TX_ASOS,8/4/2024 14:00,0
PKV,TX_ASOS,8/4/2024 15:00,0
PKV,TX_ASOS,8/4/2024 18:00,0
PKV,TX_ASOS,8/4/2024 21:00,0
PKV,TX_ASOS,8/5/2024 0:00,0
PKV,TX_ASOS,8/5/2024 3:00,0
PKV,TX_ASOS,8/5/2024 4:00,0
PKV,TX_ASOS,8/5/2024 5:00,0
PKV,TX_ASOS,8/5/2024 6:00,0
PKV,TX_ASOS,8/5/2024 7:00,0
PKV,TX_ASOS,8/5/2024 8:00,0
PKV,TX_ASOS,8/5/2024 9:00,0
PKV,TX_ASOS,8/5/2024 12:00,0
PKV,TX_ASOS,8/5/2024 13:00,0
PKV,TX_ASOS,8/5/2024 14:00,0
PKV,TX_ASOS,8/5/2024 15:00,0
PKV,TX_ASOS,8/5/2024 17:00,0
PKV,TX_ASOS,8/5/2024 18:00,0
PKV,TX_ASOS,8/5/2024 19:00,0
PKV,TX_ASOS,8/5/2024 20:00,0
PKV,TX_ASOS,8/5/2024 21:00,0
PKV,TX_ASOS,8/5/2024 23:00,0
PKV,TX_ASOS,8/6/2024 0:00,0
PKV,TX_ASOS,8/6/2024 1:00,0
PKV,TX_ASOS,8/6/2024 4:00,0
PKV,TX_ASOS,8/6/2024 6:00,0
PKV,TX_ASOS,8/6/2024 8:00,0
PKV,TX_ASOS,8/6/2024 10:00,0
PKV,TX_ASOS,8/6/2024 12:00,0
PKV,TX_ASOS,8/6/2024 13:00,0
PKV,TX_ASOS,8/6/2024 14:00,0
PKV,TX_ASOS,8/6/2024 16:00,0
PKV,TX_ASOS,8/6/2024 17:00,0
PKV,TX_ASOS,8/6/2024 18:00,0
PKV,TX_ASOS,8/6/2024 19:00,0
PKV,TX_ASOS,8/6/2024 20:00,0
PKV,TX_ASOS,8/6/2024 23:00,0
PKV,TX_ASOS,8/7/2024 0:00,0
PKV,TX_ASOS,8/7/2024 1:00,0
PKV,TX_ASOS,8/7/2024 3:00,0
PKV,TX_ASOS,8/7/2024 4:00,0
PKV,TX_ASOS,8/7/2024 6:00,0
PKV,TX_ASOS,8/7/2024 8:00,0
PKV,TX_ASOS,8/7/2024 9:00,0
PKV,TX_ASOS,8/7/2024 12:00,0
PKV,TX_ASOS,8/7/2024 13:00,0
PKV,TX_ASOS,8/7/2024 14:00,0
PKV,TX_ASOS,8/7/2024 15:00,0
PKV,TX_ASOS,8/7/2024 17:00,0
PKV,TX_ASOS,8/7/2024 19:00,0
PKV,TX_ASOS,8/7/2024 21:00,0
PKV,TX_ASOS,8/7/2024 22:00,0
PKV,TX_ASOS,8/7/2024 23:00,0
PKV,TX_ASOS,8/8/2024 0:00,0
PKV,TX_ASOS,8/8/2024 1:00,0
PKV,TX_ASOS,8/8/2024 2:00,0
PKV,TX_ASOS,8/8/2024 3:00,0
PKV,TX_ASOS,8/8/2024 4:00,0
PKV,TX_ASOS,8/8/2024 6:00,0
PKV,TX_ASOS,8/8/2024 7:00,0
PKV,TX_ASOS,8/8/2024 8:00,0
PKV,TX_ASOS,8/8/2024 9:00,0
PKV,TX_ASOS,8/8/2024 12:00,0
PKV,TX_ASOS,8/8/2024 13:00,0
PKV,TX_ASOS,8/8/2024 14:00,0
PKV,TX_ASOS,8/8/2024 17:00,0
PKV,TX_ASOS,8/8/2024 20:00,0
PKV,TX_ASOS,8/8/2024 21:00,0
PKV,TX_ASOS,8/8/2024 22:00,0
PKV,TX_ASOS,8/8/2024 23:00,0
PKV,TX_ASOS,8/9/2024 0:00,0
PKV,TX_ASOS,8/9/2024 1:00,0
PKV,TX_ASOS,8/9/2024 4:00,0
PKV,TX_ASOS,8/9/2024 6:00,0
PKV,TX_ASOS,8/9/2024 7:00,0
PKV,TX_ASOS,8/9/2024 9:00,0
PKV,TX_ASOS,8/9/2024 11:00,0
PKV,TX_ASOS,8/9/2024 14:00,0
PKV,TX_ASOS,8/9/2024 19:00,0
PKV,TX_ASOS,8/9/2024 20:00,0
PKV,TX_ASOS,8/10/2024 1:00,0
PKV,TX_ASOS,8/10/2024 9:00,0
PKV,TX_ASOS,8/27/2024 13:00,0
PKV,TX_ASOS,8/27/2024 14:00,0
PKV,TX_ASOS,8/27/2024 15:00,0
PKV,TX_ASOS,8/27/2024 16:00,0
PKV,TX_ASOS,8/27/2024 17:00,0
PKV,TX_ASOS,8/27/2024 18:00,0
PKV,TX_ASOS,8/27/2024 19:00,0
PKV,TX_ASOS,8/27/2024 20:00,0
PKV,TX_ASOS,8/27/2024 21:00,0
PKV,TX_ASOS,8/27/2024 22:00,0
PKV,TX_ASOS,8/27/2024 23:00,0
PKV,TX_ASOS,8/28/2024 0:00,0
PKV,TX_ASOS,8/28/2024 1:00,0
PKV,TX_ASOS,8/28/2024 2:00,0
PKV,TX_ASOS,8/28/2024 3:00,0
PKV,TX_ASOS,8/28/2024 4:00,0
PKV,TX_ASOS,8/28/2024 5:00,0
PKV,TX_ASOS,8/28/2024 6:00,0
PKV,TX_ASOS,8/28/2024 7:00,0
PKV,TX_ASOS,8/28/2024 8:00,0
PKV,TX_ASOS,8/28/2024 9:00,0
PKV,TX_ASOS,8/28/2024 10:00,0
PKV,TX_ASOS,8/28/2024 11:00,0
PKV,TX_ASOS,8/28/2024 12:00,0
PKV,TX_ASOS,8/28/2024 13:00,0
PKV,TX_ASOS,8/28/2024 14:00,0
PKV,TX_ASOS,8/28/2024 15:00,0
PKV,TX_ASOS,8/28/2024 16:00,0
PKV,TX_ASOS,8/28/2024 17:00,0
PKV,TX_ASOS,8/28/2024 18:00,0
PKV,TX_ASOS,8/28/2024 19:00,0
PKV,TX_ASOS,8/28/2024 20:00,0
PKV,TX_ASOS,8/28/2024 21:00,0
PKV,TX_ASOS,8/28/2024 22:00,0
PKV,TX_ASOS,8/28/2024 23:00,0
PKV,TX_ASOS,8/29/2024 0:00,0
PKV,TX_ASOS,8/29/2024 1:00,0
PKV,TX_ASOS,8/29/2024 2:00,0
PKV,TX_ASOS,8/29/2024 3:00,0
PKV,TX_ASOS,8/29/2024 4:00,0
PKV,TX_ASOS,8/29/2024 5:00,0
PKV,TX_ASOS,8/29/2024 6:00,0
PKV,TX_ASOS,8/29/2024 7:00,0
PKV,TX_ASOS,8/29/2024 8:00,0
PKV,TX_ASOS,8/29/2024 9:00,0
PKV,TX_ASOS,8/29/2024 10:00,0
PKV,TX_ASOS,8/29/2024 11:00,0
PKV,TX_ASOS,8/29/2024 12:00,0
PKV,TX_ASOS,8/29/2024 13:00,0
PKV,TX_ASOS,8/29/2024 14:00,0
PKV,TX_ASOS,8/29/2024 15:00,0
PKV,TX_ASOS,8/29/2024 16:00,0
PKV,TX_ASOS,8/29/2024 17:00,0
PKV,TX_ASOS,8/29/2024 18:00,0
PKV,TX_ASOS,8/29/2024 19:00,0
PKV,TX_ASOS,8/29/2024 20:00,0
PKV,TX_ASOS,8/29/2024 21:00,0
PKV,TX_ASOS,8/29/2024 22:00,0
PKV,TX_ASOS,8/29/2024 23:00,0
PKV,TX_ASOS,8/30/2024 0:00,0
PKV,TX_ASOS,8/30/2024 1:00,0
PKV,TX_ASOS,8/30/2024 2:00,0
PKV,TX_ASOS,8/30/2024 3:00,0
PKV,TX_ASOS,8/30/2024 4:00,0
PKV,TX_ASOS,8/30/2024 5:00,0
PKV,TX_ASOS,8/30/2024 6:00,0
PKV,TX_ASOS,8/30/2024 7:00,0
PKV,TX_ASOS,8/30/2024 8:00,0
PKV,TX_ASOS,8/30/2024 9:00,0
PKV,TX_ASOS,8/30/2024 10:00,0
PKV,TX_ASOS,8/30/2024 11:00,0
PKV,TX_ASOS,8/30/2024 12:00,0
PKV,TX_ASOS,8/30/2024 13:00,0
PKV,TX_ASOS,8/30/2024 14:00,0
PKV,TX_ASOS,8/30/2024 15:00,0
PKV,TX_ASOS,8/30/2024 16:00,0
PKV,TX_ASOS,8/30/2024 17:00,0
PKV,TX_ASOS,8/30/2024 18:00,0
PKV,TX_ASOS,8/30/2024 19:00,0
PKV,TX_ASOS,8/30/2024 20:00,0
PKV,TX_ASOS,8/30/2024 21:00,0
PKV,TX_ASOS,8/30/2024 22:00,0
PKV,TX_ASOS,8/30/2024 23:00,0
PKV,TX_ASOS,8/31/2024 0:00,0
PKV,TX_ASOS,8/31/2024 1:00,0
PKV,TX_ASOS,8/31/2024 2:00,0
PKV,TX_ASOS,8/31/2024 3:00,0
PKV,TX_ASOS,8/31/2024 4:00,0
PKV,TX_ASOS,8/31/2024 5:00,0
PKV,TX_ASOS,8/31/2024 6:00,0
PKV,TX_ASOS,8/31/2024 7:00,0
PKV,TX_ASOS,8/31/2024 8:00,0.07
PKV,TX_ASOS,8/31/2024 9:00,0
PKV,TX_ASOS,8/31/2024 10:00,0
PKV,TX_ASOS,8/31/2024 11:00,0
PKV,TX_ASOS,8/31/2024 12:00,0
PKV,TX_ASOS,8/31/2024 13:00,0
PKV,TX_ASOS,8/31/2024 14:00,0
PKV,TX_ASOS,8/31/2024 15:00,0
PKV,TX_ASOS,8/31/2024 16:00,0
PKV,TX_ASOS,8/31/2024 17:00,0
PKV,TX_ASOS,8/31/2024 18:00,0
PKV,TX_ASOS,8/31/2024 19:00,0
PKV,TX_ASOS,8/31/2024 20:00,0
PKV,TX_ASOS,8/31/2024 21:00,0
PKV,TX_ASOS,8/31/2024 22:00,0
PKV,TX_ASOS,8/31/2024 23:00,0
PKV,TX_ASOS,9/1/2024 0:00,0
PKV,TX_ASOS,9/1/2024 1:00,0
PKV,TX_ASOS,9/1/2024 2:00,0
PKV,TX_ASOS,9/1/2024 3:00,0
PKV,TX_ASOS,9/1/2024 4:00,0
PKV,TX_ASOS,9/1/2024 5:00,0
PKV,TX_ASOS,9/1/2024 6:00,0
PKV,TX_ASOS,9/1/2024 7:00,0
PKV,TX_ASOS,9/1/2024 8:00,0
PKV,TX_ASOS,9/1/2024 9:00,0
PKV,TX_ASOS,9/1/2024 10:00,0
PKV,TX_ASOS,9/1/2024 11:00,0
PKV,TX_ASOS,9/1/2024 13:00,0
PKV,TX_ASOS,9/1/2024 14:00,0
PKV,TX_ASOS,9/1/2024 15:00,0
PKV,TX_ASOS,9/1/2024 16:00,0
PKV,TX_ASOS,9/1/2024 17:00,0
PKV,TX_ASOS,9/1/2024 18:00,0
PKV,TX_ASOS,9/1/2024 19:00,0
PKV,TX_ASOS,9/1/2024 20:00,0
PKV,TX_ASOS,9/1/2024 21:00,0
PKV,TX_ASOS,9/1/2024 22:00,0
PKV,TX_ASOS,9/1/2024 23:00,0
PKV,TX_ASOS,9/2/2024 0:00,0
PKV,TX_ASOS,9/2/2024 1:00,0
PKV,TX_ASOS,9/2/2024 2:00,0
PKV,TX_ASOS,9/2/2024 3:00,0
PKV,TX_ASOS,9/2/2024 4:00,0
PKV,TX_ASOS,9/2/2024 5:00,0
PKV,TX_ASOS,9/2/2024 6:00,0
PKV,TX_ASOS,9/2/2024 7:00,0
PKV,TX_ASOS,9/2/2024 8:00,0
PKV,TX_ASOS,9/2/2024 9:00,0
PKV,TX_ASOS,9/2/2024 10:00,0
PKV,TX_ASOS,9/2/2024 11:00,0
PKV,TX_ASOS,9/2/2024 12:00,0
PKV,TX_ASOS,9/2/2024 13:00,0
PKV,TX_ASOS,9/2/2024 14:00,0
PKV,TX_ASOS,9/2/2024 15:00,0
PKV,TX_ASOS,9/2/2024 16:00,0
PKV,TX_ASOS,9/2/2024 17:00,0
PKV,TX_ASOS,9/2/2024 18:00,0
PKV,TX_ASOS,9/2/2024 19:00,0
PKV,TX_ASOS,9/2/2024 20:00,0
PKV,TX_ASOS,9/2/2024 21:00,0
PKV,TX_ASOS,9/2/2024 22:00,0
PKV,TX_ASOS,9/2/2024 23:00,0
PKV,TX_ASOS,9/3/2024 0:00,0
PKV,TX_ASOS,9/3/2024 1:00,0
PKV,TX_ASOS,9/3/2024 2:00,0
PKV,TX_ASOS,9/3/2024 3:00,0
PKV,TX_ASOS,9/3/2024 4:00,0
PKV,TX_ASOS,9/3/2024 5:00,0
PKV,TX_ASOS,9/3/2024 6:00,0
PKV,TX_ASOS,9/3/2024 7:00,0.14
PKV,TX_ASOS,9/3/2024 8:00,0.54
PKV,TX_ASOS,9/3/2024 9:00,0.07
PKV,TX_ASOS,9/3/2024 10:00,0.02
PKV,TX_ASOS,9/3/2024 11:00,0.01
PKV,TX_ASOS,9/3/2024 12:00,0
PKV,TX_ASOS,9/3/2024 13:00,0.01
PKV,TX_ASOS,9/3/2024 14:00,0
PKV,TX_ASOS,9/3/2024 16:00,0
PKV,TX_ASOS,9/3/2024 19:00,0
PKV,TX_ASOS,9/4/2024 3:00,0
PKV,TX_ASOS,9/4/2024 8:00,0
PKV,TX_ASOS,9/4/2024 10:00,0
PKV,TX_ASOS,9/4/2024 14:00,0.04
PKV,TX_ASOS,9/4/2024 15:00,0.05
PKV,TX_ASOS,9/4/2024 16:00,0
PKV,TX_ASOS,9/4/2024 17:00,0
PKV,TX_ASOS,9/4/2024 18:00,0
PKV,TX_ASOS,9/4/2024 19:00,0
PKV,TX_ASOS,9/4/2024 20:00,0
PKV,TX_ASOS,9/4/2024 21:00,0
PKV,TX_ASOS,9/4/2024 22:00,0
PKV,TX_ASOS,9/4/2024 23:00,0
PKV,TX_ASOS,9/5/2024 0:00,0
PKV,TX_ASOS,9/5/2024 1:00,0
PKV,TX_ASOS,9/5/2024 2:00,0
PKV,TX_ASOS,9/5/2024 3:00,0
PKV,TX_ASOS,9/5/2024 4:00,0
PKV,TX_ASOS,9/5/2024 5:00,0
PKV,TX_ASOS,9/5/2024 6:00,0
PKV,TX_ASOS,9/5/2024 7:00,0
PKV,TX_ASOS,9/5/2024 8:00,0
PKV,TX_ASOS,9/5/2024 9:00,0
PKV,TX_ASOS,9/5/2024 10:00,0
PKV,TX_ASOS,9/5/2024 11:00,0
PKV,TX_ASOS,9/5/2024 12:00,0
PKV,TX_ASOS,9/5/2024 13:00,0
PKV,TX_ASOS,9/5/2024 14:00,0
PKV,TX_ASOS,9/5/2024 16:00,0
PKV,TX_ASOS,9/5/2024 17:00,0
PKV,TX_ASOS,9/5/2024 18:00,0
PKV,TX_ASOS,9/5/2024 19:00,0
PKV,TX_ASOS,9/5/2024 20:00,0
PKV,TX_ASOS,9/5/2024 21:00,0
PKV,TX_ASOS,9/5/2024 22:00,0
PKV,TX_ASOS,9/5/2024 23:00,0
PKV,TX_ASOS,9/6/2024 0:00,0
PKV,TX_ASOS,9/6/2024 1:00,0
PKV,TX_ASOS,9/6/2024 4:00,0
PKV,TX_ASOS,9/6/2024 5:00,0
PKV,TX_ASOS,9/6/2024 6:00,0
PKV,TX_ASOS,9/6/2024 7:00,0
PKV,TX_ASOS,9/6/2024 9:00,0
PKV,TX_ASOS,9/6/2024 10:00,0
PKV,TX_ASOS,9/6/2024 11:00,0
PKV,TX_ASOS,9/6/2024 12:00,0
PKV,TX_ASOS,9/6/2024 13:00,0
PKV,TX_ASOS,9/6/2024 14:00,0
PKV,TX_ASOS,9/6/2024 22:00,0
PKV,TX_ASOS,9/6/2024 23:00,0
PKV,TX_ASOS,9/7/2024 0:00,0
PKV,TX_ASOS,9/7/2024 2:00,0
PKV,TX_ASOS,9/7/2024 3:00,0
PKV,TX_ASOS,9/7/2024 4:00,0
PKV,TX_ASOS,9/7/2024 5:00,0
PKV,TX_ASOS,9/7/2024 7:00,0
PKV,TX_ASOS,9/7/2024 9:00,0
PKV,TX_ASOS,9/7/2024 12:00,0
PKV,TX_ASOS,9/7/2024 13:00,0
PKV,TX_ASOS,9/7/2024 14:00,0
PKV,TX_ASOS,9/7/2024 15:00,0
PKV,TX_ASOS,9/7/2024 17:00,0
PKV,TX_ASOS,9/7/2024 18:00,0
PKV,TX_ASOS,9/7/2024 19:00,0
PKV,TX_ASOS,9/7/2024 20:00,0
PKV,TX_ASOS,9/7/2024 23:00,0
PKV,TX_ASOS,9/8/2024 0:00,0
PKV,TX_ASOS,9/8/2024 1:00,0
PKV,TX_ASOS,9/8/2024 2:00,0
PKV,TX_ASOS,9/8/2024 3:00,0
PKV,TX_ASOS,9/8/2024 4:00,0
PKV,TX_ASOS,9/8/2024 5:00,0
PKV,TX_ASOS,9/8/2024 6:00,0
PKV,TX_ASOS,9/8/2024 7:00,0
PKV,TX_ASOS,9/8/2024 8:00,0
PKV,TX_ASOS,9/8/2024 9:00,0
PKV,TX_ASOS,9/8/2024 11:00,0
PKV,TX_ASOS,9/8/2024 12:00,0
PKV,TX_ASOS,9/8/2024 14:00,0
PKV,TX_ASOS,9/8/2024 16:00,0
PKV,TX_ASOS,9/8/2024 18:00,0
PKV,TX_ASOS,9/8/2024 20:00,0
PKV,TX_ASOS,9/8/2024 22:00,0
PKV,TX_ASOS,9/8/2024 23:00,0
PKV,TX_ASOS,9/9/2024 2:00,0
PKV,TX_ASOS,9/9/2024 4:00,0
PKV,TX_ASOS,9/9/2024 5:00,0
PKV,TX_ASOS,9/9/2024 7:00,0
PKV,TX_ASOS,9/9/2024 11:00,0
PKV,TX_ASOS,9/9/2024 14:00,0
PKV,TX_ASOS,9/9/2024 15:00,0
PKV,TX_ASOS,9/9/2024 16:00,0
PKV,TX_ASOS,9/9/2024 18:00,0
PKV,TX_ASOS,9/9/2024 19:00,0
PKV,TX_ASOS,9/9/2024 22:00,0
PKV,TX_ASOS,9/10/2024 1:00,0
PKV,TX_ASOS,9/10/2024 2:00,0
PKV,TX_ASOS,9/10/2024 3:00,0
PKV,TX_ASOS,9/10/2024 5:00,0
PKV,TX_ASOS,9/10/2024 8:00,0
PKV,TX_ASOS,9/10/2024 9:00,0
PKV,TX_ASOS,9/10/2024 10:00,0
PKV,TX_ASOS,9/10/2024 11:00,0
PKV,TX_ASOS,9/10/2024 12:00,0
PKV,TX_ASOS,9/10/2024 15:00,0
PKV,TX_ASOS,9/10/2024 17:00,0
PKV,TX_ASOS,9/10/2024 19:00,0.01
PKV,TX_ASOS,9/10/2024 23:00,0
PKV,TX_ASOS,9/11/2024 0:00,0
PKV,TX_ASOS,9/11/2024 2:00,0
PKV,TX_ASOS,9/11/2024 4:00,0
PKV,TX_ASOS,9/11/2024 6:00,0
PKV,TX_ASOS,9/11/2024 7:00,0
PKV,TX_ASOS,9/11/2024 8:00,0
PKV,TX_ASOS,9/11/2024 9:00,0
PKV,TX_ASOS,9/11/2024 14:00,0.02
PKV,TX_ASOS,9/11/2024 17:00,0
PKV,TX_ASOS,9/11/2024 18:00,0
PKV,TX_ASOS,9/11/2024 21:00,0
PKV,TX_ASOS,9/11/2024 22:00,0
PKV,TX_ASOS,9/11/2024 23:00,0
PKV,TX_ASOS,9/12/2024 0:00,0
PKV,TX_ASOS,9/12/2024 1:00,0
PKV,TX_ASOS,9/12/2024 2:00,0
PKV,TX_ASOS,9/12/2024 3:00,0
PKV,TX_ASOS,9/12/2024 10:00,0
PKV,TX_ASOS,9/12/2024 12:00,0
PKV,TX_ASOS,10/2/2024 14:00,0
PKV,TX_ASOS,10/2/2024 15:00,0
PKV,TX_ASOS,10/2/2024 16:00,0
PKV,TX_ASOS,10/2/2024 17:00,0
PKV,TX_ASOS,10/2/2024 18:00,0
PKV,TX_ASOS,10/2/2024 19:00,0
PKV,TX_ASOS,10/2/2024 20:00,0
PKV,TX_ASOS,10/2/2024 21:00,0
PKV,TX_ASOS,10/2/2024 22:00,0
PKV,TX_ASOS,10/2/2024 23:00,0
PKV,TX_ASOS,10/3/2024 0:00,0
PKV,TX_ASOS,10/3/2024 1:00,0
PKV,TX_ASOS,10/3/2024 2:00,0
PKV,TX_ASOS,10/3/2024 3:00,0
PKV,TX_ASOS,10/3/2024 4:00,0
PKV,TX_ASOS,10/3/2024 5:00,0
PKV,TX_ASOS,10/3/2024 6:00,0
PKV,TX_ASOS,10/3/2024 7:00,0
PKV,TX_ASOS,10/3/2024 8:00,0
PKV,TX_ASOS,10/3/2024 9:00,0
PKV,TX_ASOS,10/3/2024 10:00,0
PKV,TX_ASOS,10/3/2024 11:00,0
PKV,TX_ASOS,10/3/2024 12:00,0
PKV,TX_ASOS,10/3/2024 13:00,0
PKV,TX_ASOS,10/3/2024 14:00,0
PKV,TX_ASOS,10/3/2024 15:00,0
PKV,TX_ASOS,10/3/2024 16:00,0
PKV,TX_ASOS,10/3/2024 17:00,0
PKV,TX_ASOS,10/3/2024 18:00,0
PKV,TX_ASOS,10/3/2024 19:00,0
PKV,TX_ASOS,10/3/2024 20:00,0
PKV,TX_ASOS,10/3/2024 21:00,0
PKV,TX_ASOS,10/3/2024 22:00,0
PKV,TX_ASOS,10/3/2024 23:00,0
PKV,TX_ASOS,10/4/2024 0:00,0
PKV,TX_ASOS,10/4/2024 1:00,0
PKV,TX_ASOS,10/4/2024 2:00,0
PKV,TX_ASOS,10/4/2024 3:00,0
PKV,TX_ASOS,10/4/2024 4:00,0
PKV,TX_ASOS,10/4/2024 5:00,0
PKV,TX_ASOS,10/4/2024 6:00,0
PKV,TX_ASOS,10/4/2024 7:00,0
PKV,TX_ASOS,10/4/2024 8:00,0
PKV,TX_ASOS,10/4/2024 9:00,0
PKV,TX_ASOS,10/4/2024 10:00,0
PKV,TX_ASOS,10/4/2024 11:00,0
PKV,TX_ASOS,10/4/2024 12:00,0
PKV,TX_ASOS,10/4/2024 13:00,0
PKV,TX_ASOS,10/4/2024 14:00,0
PKV,TX_ASOS,10/4/2024 15:00,0.2
PKV,TX_ASOS,10/4/2024 16:00,0
PKV,TX_ASOS,10/4/2024 17:00,0
PKV,TX_ASOS,10/4/2024 18:00,0.01
PKV,TX_ASOS,10/4/2024 19:00,0.01
PKV,TX_ASOS,10/4/2024 20:00,0
PKV,TX_ASOS,10/4/2024 21:00,0
PKV,TX_ASOS,10/4/2024 22:00,0
PKV,TX_ASOS,10/4/2024 23:00,0
PKV,TX_ASOS,10/5/2024 0:00,0
PKV,TX_ASOS,10/5/2024 1:00,0
PKV,TX_ASOS,10/5/2024 2:00,0
PKV,TX_ASOS,10/5/2024 3:00,0
PKV,TX_ASOS,10/5/2024 4:00,0
PKV,TX_ASOS,10/5/2024 5:00,0
PKV,TX_ASOS,10/5/2024 6:00,0
PKV,TX_ASOS,10/5/2024 7:00,0
PKV,TX_ASOS,10/5/2024 8:00,0
PKV,TX_ASOS,10/5/2024 9:00,0
PKV,TX_ASOS,10/5/2024 10:00,0
PKV,TX_ASOS,10/5/2024 11:00,0
PKV,TX_ASOS,10/5/2024 12:00,0
PKV,TX_ASOS,10/5/2024 13:00,0
PKV,TX_ASOS,10/5/2024 14:00,0
PKV,TX_ASOS,10/5/2024 15:00,0
PKV,TX_ASOS,10/5/2024 16:00,0
PKV,TX_ASOS,10/5/2024 17:00,0
PKV,TX_ASOS,10/5/2024 18:00,0
PKV,TX_ASOS,10/5/2024 19:00,0
PKV,TX_ASOS,10/5/2024 20:00,0
PKV,TX_ASOS,10/5/2024 21:00,0
PKV,TX_ASOS,10/5/2024 22:00,0
PKV,TX_ASOS,10/5/2024 23:00,0
PKV,TX_ASOS,10/6/2024 0:00,0
PKV,TX_ASOS,10/6/2024 1:00,0
PKV,TX_ASOS,10/6/2024 2:00,0
PKV,TX_ASOS,10/6/2024 3:00,0
PKV,TX_ASOS,10/6/2024 4:00,0
PKV,TX_ASOS,10/6/2024 5:00,0
PKV,TX_ASOS,10/6/2024 6:00,0
PKV,TX_ASOS,10/6/2024 7:00,0
PKV,TX_ASOS,10/6/2024 8:00,0
PKV,TX_ASOS,10/6/2024 9:00,0
PKV,TX_ASOS,10/6/2024 10:00,0
PKV,TX_ASOS,10/6/2024 11:00,0
PKV,TX_ASOS,10/6/2024 12:00,0
PKV,TX_ASOS,10/6/2024 13:00,0
PKV,TX_ASOS,10/6/2024 14:00,0
PKV,TX_ASOS,10/6/2024 15:00,0
PKV,TX_ASOS,10/6/2024 16:00,0
PKV,TX_ASOS,10/6/2024 17:00,0
PKV,TX_ASOS,10/6/2024 18:00,0
PKV,TX_ASOS,10/6/2024 19:00,0
PKV,TX_ASOS,10/6/2024 20:00,0
PKV,TX_ASOS,10/6/2024 21:00,0
PKV,TX_ASOS,10/6/2024 22:00,0
PKV,TX_ASOS,10/6/2024 23:00,0
PKV,TX_ASOS,10/7/2024 0:00,0
PKV,TX_ASOS,10/7/2024 1:00,0
PKV,TX_ASOS,10/7/2024 2:00,0
PKV,TX_ASOS,10/7/2024 3:00,0
PKV,TX_ASOS,10/7/2024 4:00,0
PKV,TX_ASOS,10/7/2024 5:00,0
PKV,TX_ASOS,10/7/2024 6:00,0
PKV,TX_ASOS,10/7/2024 7:00,0
PKV,TX_ASOS,10/7/2024 8:00,0
PKV,TX_ASOS,10/7/2024 9:00,0
PKV,TX_ASOS,10/7/2024 10:00,0
PKV,TX_ASOS,10/7/2024 11:00,0
PKV,TX_ASOS,10/7/2024 12:00,0
PKV,TX_ASOS,10/7/2024 13:00,0
PKV,TX_ASOS,10/7/2024 14:00,0
PKV,TX_ASOS,10/7/2024 15:00,0
PKV,TX_ASOS,10/7/2024 16:00,0
PKV,TX_ASOS,10/7/2024 17:00,0
PKV,TX_ASOS,10/7/2024 18:00,0
PKV,TX_ASOS,10/7/2024 19:00,0
PKV,TX_ASOS,10/7/2024 20:00,0
PKV,TX_ASOS,10/7/2024 21:00,0
PKV,TX_ASOS,10/7/2024 22:00,0
PKV,TX_ASOS,10/7/2024 23:00,0
PKV,TX_ASOS,10/8/2024 0:00,0
PKV,TX_ASOS,10/8/2024 1:00,0
PKV,TX_ASOS,10/8/2024 2:00,0
PKV,TX_ASOS,10/8/2024 3:00,0
PKV,TX_ASOS,10/8/2024 4:00,0
PKV,TX_ASOS,10/8/2024 5:00,0
PKV,TX_ASOS,10/8/2024 6:00,0
PKV,TX_ASOS,10/8/2024 7:00,0
PKV,TX_ASOS,10/8/2024 8:00,0
PKV,TX_ASOS,10/8/2024 9:00,0
PKV,TX_ASOS,10/8/2024 10:00,0
PKV,TX_ASOS,10/8/2024 11:00,0
PKV,TX_ASOS,10/8/2024 12:00,0
PKV,TX_ASOS,10/8/2024 13:00,0
PKV,TX_ASOS,10/8/2024 14:00,0
PKV,TX_ASOS,10/8/2024 15:00,0
PKV,TX_ASOS,10/8/2024 16:00,0
PKV,TX_ASOS,10/8/2024 17:00,0
PKV,TX_ASOS,10/8/2024 18:00,0
PKV,TX_ASOS,10/8/2024 19:00,0
PKV,TX_ASOS,10/8/2024 20:00,0
PKV,TX_ASOS,10/8/2024 21:00,0
PKV,TX_ASOS,10/8/2024 22:00,0
PKV,TX_ASOS,10/8/2024 23:00,0
PKV,TX_ASOS,10/9/2024 0:00,0
PKV,TX_ASOS,10/9/2024 1:00,0
PKV,TX_ASOS,10/9/2024 2:00,0
PKV,TX_ASOS,10/9/2024 3:00,0
PKV,TX_ASOS,10/9/2024 4:00,0
PKV,TX_ASOS,10/9/2024 5:00,0
PKV,TX_ASOS,10/9/2024 6:00,0
PKV,TX_ASOS,10/9/2024 7:00,0
PKV,TX_ASOS,10/9/2024 8:00,0
PKV,TX_ASOS,10/9/2024 9:00,0
PKV,TX_ASOS,10/9/2024 10:00,0
PKV,TX_ASOS,10/9/2024 11:00,0
PKV,TX_ASOS,10/9/2024 12:00,0
PKV,TX_ASOS,10/9/2024 13:00,0
PKV,TX_ASOS,10/9/2024 14:00,0
PKV,TX_ASOS,10/9/2024 15:00,0
PKV,TX_ASOS,10/9/2024 16:00,0
PKV,TX_ASOS,10/9/2024 17:00,0
PKV,TX_ASOS,10/9/2024 18:00,0
PKV,TX_ASOS,10/9/2024 19:00,0
PKV,TX_ASOS,10/9/2024 20:00,0
PKV,TX_ASOS,10/9/2024 21:00,0
PKV,TX_ASOS,10/9/2024 22:00,0
PKV,TX_ASOS,10/9/2024 23:00,0
PKV,TX_ASOS,10/10/2024 0:00,0
PKV,TX_ASOS,10/10/2024 1:00,0
PKV,TX_ASOS,10/10/2024 2:00,0
PKV,TX_ASOS,10/10/2024 3:00,0
PKV,TX_ASOS,10/10/2024 4:00,0
PKV,TX_ASOS,10/10/2024 5:00,0
PKV,TX_ASOS,10/10/2024 6:00,0
PKV,TX_ASOS,10/10/2024 7:00,0
PKV,TX_ASOS,10/10/2024 8:00,0
PKV,TX_ASOS,10/10/2024 9:00,0
PKV,TX_ASOS,10/10/2024 10:00,0
PKV,TX_ASOS,10/10/2024 11:00,0
PKV,TX_ASOS,10/10/2024 12:00,0
PKV,TX_ASOS,10/10/2024 13:00,0
PKV,TX_ASOS,10/10/2024 14:00,0
PKV,TX_ASOS,10/10/2024 15:00,0
PKV,TX_ASOS,10/10/2024 16:00,0
PKV,TX_ASOS,10/10/2024 17:00,0
PKV,TX_ASOS,10/10/2024 18:00,0
PKV,TX_ASOS,10/10/2024 19:00,0
PKV,TX_ASOS,10/10/2024 20:00,0
PKV,TX_ASOS,10/10/2024 21:00,0
PKV,TX_ASOS,10/10/2024 22:00,0
PKV,TX_ASOS,10/10/2024 23:00,0
PKV,TX_ASOS,10/11/2024 0:00,0
PKV,TX_ASOS,10/11/2024 1:00,0
PKV,TX_ASOS,10/11/2024 2:00,0
PKV,TX_ASOS,10/11/2024 3:00,0
PKV,TX_ASOS,10/11/2024 4:00,0
PKV,TX_ASOS,10/11/2024 5:00,0
PKV,TX_ASOS,10/11/2024 6:00,0
PKV,TX_ASOS,10/11/2024 7:00,0
PKV,TX_ASOS,10/11/2024 8:00,0
PKV,TX_ASOS,10/11/2024 9:00,0
PKV,TX_ASOS,10/11/2024 10:00,0
PKV,TX_ASOS,10/11/2024 11:00,0
PKV,TX_ASOS,10/11/2024 12:00,0
PKV,TX_ASOS,10/11/2024 13:00,0
PKV,TX_ASOS,10/11/2024 14:00,0
PKV,TX_ASOS,10/11/2024 15:00,0
PKV,TX_ASOS,10/11/2024 16:00,0
PKV,TX_ASOS,10/11/2024 17:00,0
PKV,TX_ASOS,10/11/2024 18:00,0
PKV,TX_ASOS,10/11/2024 19:00,0
PKV,TX_ASOS,10/11/2024 20:00,0
PKV,TX_ASOS,10/11/2024 21:00,0
PKV,TX_ASOS,10/11/2024 22:00,0
PKV,TX_ASOS,10/11/2024 23:00,0
PKV,TX_ASOS,10/12/2024 0:00,0
PKV,TX_ASOS,10/12/2024 1:00,0
PKV,TX_ASOS,10/12/2024 2:00,0
PKV,TX_ASOS,10/12/2024 3:00,0
PKV,TX_ASOS,10/12/2024 4:00,0
PKV,TX_ASOS,10/12/2024 5:00,0
PKV,TX_ASOS,10/12/2024 6:00,0
PKV,TX_ASOS,10/12/2024 7:00,0
PKV,TX_ASOS,10/12/2024 8:00,0
PKV,TX_ASOS,10/12/2024 9:00,0
PKV,TX_ASOS,10/12/2024 10:00,0
PKV,TX_ASOS,10/12/2024 11:00,0
PKV,TX_ASOS,10/12/2024 12:00,0
PKV,TX_ASOS,10/12/2024 13:00,0
PKV,TX_ASOS,10/12/2024 14:00,0
PKV,TX_ASOS,10/12/2024 15:00,0
PKV,TX_ASOS,10/12/2024 16:00,0
PKV,TX_ASOS,10/12/2024 17:00,0
PKV,TX_ASOS,10/12/2024 18:00,0
PKV,TX_ASOS,10/12/2024 19:00,0
PKV,TX_ASOS,10/12/2024 20:00,0
PKV,TX_ASOS,10/12/2024 21:00,0
PKV,TX_ASOS,10/12/2024 22:00,0
PKV,TX_ASOS,10/12/2024 23:00,0
PKV,TX_ASOS,10/13/2024 0:00,0
PKV,TX_ASOS,10/13/2024 1:00,0
PKV,TX_ASOS,10/13/2024 2:00,0
PKV,TX_ASOS,10/13/2024 3:00,0
PKV,TX_ASOS,10/13/2024 4:00,0
PKV,TX_ASOS,10/13/2024 5:00,0
PKV,TX_ASOS,10/13/2024 6:00,0
PKV,TX_ASOS,10/13/2024 7:00,0
PKV,TX_ASOS,10/13/2024 8:00,0
PKV,TX_ASOS,10/13/2024 9:00,0
PKV,TX_ASOS,10/13/2024 10:00,0
PKV,TX_ASOS,10/13/2024 11:00,0
PKV,TX_ASOS,10/13/2024 12:00,0
PKV,TX_ASOS,10/13/2024 13:00,0
PKV,TX_ASOS,10/13/2024 14:00,0
PKV,TX_ASOS,10/13/2024 15:00,0
PKV,TX_ASOS,10/13/2024 16:00,0
PKV,TX_ASOS,10/13/2024 17:00,0
PKV,TX_ASOS,10/13/2024 18:00,0
PKV,TX_ASOS,10/13/2024 19:00,0
PKV,TX_ASOS,10/13/2024 20:00,0
PKV,TX_ASOS,10/13/2024 21:00,0
PKV,TX_ASOS,10/13/2024 22:00,0
PKV,TX_ASOS,10/13/2024 23:00,0
PKV,TX_ASOS,10/14/2024 0:00,0
PKV,TX_ASOS,10/14/2024 1:00,0
PKV,TX_ASOS,10/14/2024 2:00,0
PKV,TX_ASOS,10/14/2024 3:00,0
PKV,TX_ASOS,10/14/2024 4:00,0
PKV,TX_ASOS,10/14/2024 5:00,0
PKV,TX_ASOS,10/14/2024 6:00,0
PKV,TX_ASOS,10/14/2024 7:00,0
PKV,TX_ASOS,10/14/2024 8:00,0
PKV,TX_ASOS,10/14/2024 9:00,0
PKV,TX_ASOS,10/14/2024 10:00,0
PKV,TX_ASOS,10/14/2024 11:00,0
PKV,TX_ASOS,10/14/2024 12:00,0
PKV,TX_ASOS,10/14/2024 13:00,0
PKV,TX_ASOS,10/14/2024 14:00,0
PKV,TX_ASOS,10/14/2024 15:00,0
PKV,TX_ASOS,10/14/2024 16:00,0
PKV,TX_ASOS,10/14/2024 17:00,0
PKV,TX_ASOS,10/14/2024 18:00,0
PKV,TX_ASOS,10/14/2024 19:00,0
PKV,TX_ASOS,10/14/2024 20:00,0
PKV,TX_ASOS,10/14/2024 21:00,0
PKV,TX_ASOS,10/14/2024 22:00,0
PKV,TX_ASOS,10/14/2024 23:00,0
PKV,TX_ASOS,10/15/2024 0:00,0
PKV,TX_ASOS,10/15/2024 1:00,0
PKV,TX_ASOS,10/15/2024 2:00,0
PKV,TX_ASOS,10/15/2024 3:00,0
PKV,TX_ASOS,10/15/2024 4:00,0
PKV,TX_ASOS,10/15/2024 5:00,0
PKV,TX_ASOS,10/15/2024 6:00,0
PKV,TX_ASOS,10/15/2024 7:00,0
PKV,TX_ASOS,10/15/2024 8:00,0
PKV,TX_ASOS,10/15/2024 9:00,0
PKV,TX_ASOS,10/15/2024 10:00,0
PKV,TX_ASOS,10/15/2024 11:00,0
PKV,TX_ASOS,10/15/2024 12:00,0
PKV,TX_ASOS,10/15/2024 13:00,0
PKV,TX_ASOS,10/15/2024 14:00,0
PKV,TX_ASOS,10/15/2024 15:00,0
PKV,TX_ASOS,10/15/2024 16:00,0
PKV,TX_ASOS,10/15/2024 17:00,0
PKV,TX_ASOS,10/15/2024 18:00,0
PKV,TX_ASOS,10/15/2024 19:00,0
PKV,TX_ASOS,10/15/2024 20:00,0
PKV,TX_ASOS,10/15/2024 21:00,0
PKV,TX_ASOS,10/15/2024 22:00,0
PKV,TX_ASOS,10/15/2024 23:00,0
PKV,TX_ASOS,10/16/2024 0:00,0
PKV,TX_ASOS,10/16/2024 1:00,0
PKV,TX_ASOS,10/16/2024 2:00,0
PKV,TX_ASOS,10/16/2024 3:00,0
PKV,TX_ASOS,10/16/2024 4:00,0
PKV,TX_ASOS,10/16/2024 5:00,0
PKV,TX_ASOS,10/16/2024 6:00,0
PKV,TX_ASOS,10/16/2024 7:00,0
PKV,TX_ASOS,10/16/2024 8:00,0
PKV,TX_ASOS,10/16/2024 9:00,0
PKV,TX_ASOS,10/16/2024 10:00,0
PKV,TX_ASOS,10/16/2024 11:00,0
PKV,TX_ASOS,10/16/2024 12:00,0
PKV,TX_ASOS,10/16/2024 13:00,0
PKV,TX_ASOS,10/16/2024 14:00,0
PKV,TX_ASOS,10/16/2024 15:00,0
PKV,TX_ASOS,10/16/2024 16:00,0
PKV,TX_ASOS,10/16/2024 17:00,0
PKV,TX_ASOS,10/16/2024 18:00,0
PKV,TX_ASOS,10/16/2024 19:00,0
PKV,TX_ASOS,10/16/2024 20:00,0
PKV,TX_ASOS,10/16/2024 21:00,0
PKV,TX_ASOS,10/16/2024 22:00,0
PKV,TX_ASOS,10/16/2024 23:00,0
PKV,TX_ASOS,10/17/2024 0:00,0
PKV,TX_ASOS,10/17/2024 1:00,0
PKV,TX_ASOS,10/17/2024 2:00,0
PKV,TX_ASOS,10/17/2024 3:00,0
PKV,TX_ASOS,10/17/2024 4:00,0
PKV,TX_ASOS,10/17/2024 5:00,0
PKV,TX_ASOS,10/17/2024 6:00,0
PKV,TX_ASOS,10/17/2024 7:00,0
PKV,TX_ASOS,10/17/2024 8:00,0
PKV,TX_ASOS,10/17/2024 9:00,0
PKV,TX_ASOS,10/17/2024 10:00,0
PKV,TX_ASOS,10/17/2024 11:00,0
PKV,TX_ASOS,10/17/2024 12:00,0
PKV,TX_ASOS,10/17/2024 13:00,0
PKV,TX_ASOS,10/17/2024 14:00,0
PKV,TX_ASOS,10/17/2024 15:00,0
PKV,TX_ASOS,10/17/2024 16:00,0
PKV,TX_ASOS,10/17/2024 17:00,0
PKV,TX_ASOS,10/17/2024 18:00,0
PKV,TX_ASOS,10/17/2024 19:00,0
PKV,TX_ASOS,10/17/2024 20:00,0
PKV,TX_ASOS,10/17/2024 21:00,0
PKV,TX_ASOS,10/17/2024 22:00,0
PKV,TX_ASOS,10/17/2024 23:00,0
PKV,TX_ASOS,10/18/2024 0:00,0
PKV,TX_ASOS,10/18/2024 1:00,0
PKV,TX_ASOS,10/18/2024 2:00,0
PKV,TX_ASOS,10/18/2024 3:00,0
PKV,TX_ASOS,10/18/2024 4:00,0
PKV,TX_ASOS,10/18/2024 5:00,0
PKV,TX_ASOS,10/18/2024 6:00,0
PKV,TX_ASOS,10/18/2024 7:00,0
PKV,TX_ASOS,10/18/2024 8:00,0
PKV,TX_ASOS,10/18/2024 9:00,0
PKV,TX_ASOS,10/18/2024 10:00,0
PKV,TX_ASOS,10/18/2024 11:00,0
PKV,TX_ASOS,10/18/2024 12:00,0
PKV,TX_ASOS,10/18/2024 13:00,0
PKV,TX_ASOS,10/18/2024 14:00,0
PKV,TX_ASOS,10/18/2024 15:00,0
PKV,TX_ASOS,10/18/2024 16:00,0
PKV,TX_ASOS,10/18/2024 17:00,0
PKV,TX_ASOS,10/18/2024 18:00,0
PKV,TX_ASOS,10/18/2024 19:00,0
PKV,TX_ASOS,10/18/2024 20:00,0
PKV,TX_ASOS,10/18/2024 21:00,0
PKV,TX_ASOS,10/18/2024 22:00,0
PKV,TX_ASOS,10/18/2024 23:00,0
PKV,TX_ASOS,10/19/2024 0:00,0
PKV,TX_ASOS,10/19/2024 1:00,0
PKV,TX_ASOS,10/19/2024 2:00,0
PKV,TX_ASOS,10/19/2024 3:00,0
PKV,TX_ASOS,10/19/2024 4:00,0
PKV,TX_ASOS,10/19/2024 5:00,0
PKV,TX_ASOS,10/19/2024 6:00,0
PKV,TX_ASOS,10/19/2024 7:00,0
PKV,TX_ASOS,10/19/2024 8:00,0
PKV,TX_ASOS,10/19/2024 9:00,0
PKV,TX_ASOS,10/19/2024 10:00,0
PKV,TX_ASOS,10/19/2024 11:00,0
PKV,TX_ASOS,10/19/2024 12:00,0
PKV,TX_ASOS,10/19/2024 13:00,0
PKV,TX_ASOS,10/19/2024 14:00,0
PKV,TX_ASOS,10/19/2024 15:00,0
PKV,TX_ASOS,10/19/2024 16:00,0
PKV,TX_ASOS,10/19/2024 17:00,0
PKV,TX_ASOS,10/19/2024 18:00,0
PKV,TX_ASOS,10/19/2024 19:00,0
PKV,TX_ASOS,10/19/2024 20:00,0
PKV,TX_ASOS,10/19/2024 21:00,0
PKV,TX_ASOS,10/19/2024 22:00,0
PKV,TX_ASOS,10/19/2024 23:00,0
PKV,TX_ASOS,10/20/2024 0:00,0
PKV,TX_ASOS,10/20/2024 1:00,0
PKV,TX_ASOS,10/20/2024 2:00,0
PKV,TX_ASOS,10/20/2024 3:00,0
PKV,TX_ASOS,10/20/2024 4:00,0
PKV,TX_ASOS,10/20/2024 5:00,0
PKV,TX_ASOS,10/20/2024 6:00,0
PKV,TX_ASOS,10/20/2024 7:00,0
PKV,TX_ASOS,10/20/2024 8:00,0
PKV,TX_ASOS,10/20/2024 9:00,0
PKV,TX_ASOS,10/20/2024 10:00,0
PKV,TX_ASOS,10/20/2024 11:00,0
PKV,TX_ASOS,10/20/2024 12:00,0
PKV,TX_ASOS,10/20/2024 13:00,0
PKV,TX_ASOS,10/20/2024 14:00,0
PKV,TX_ASOS,10/20/2024 15:00,0
PKV,TX_ASOS,10/20/2024 16:00,0
PKV,TX_ASOS,10/20/2024 17:00,0
PKV,TX_ASOS,10/20/2024 18:00,0
PKV,TX_ASOS,10/20/2024 19:00,0
PKV,TX_ASOS,10/20/2024 20:00,0
PKV,TX_ASOS,10/20/2024 21:00,0
PKV,TX_ASOS,10/20/2024 22:00,0
PKV,TX_ASOS,10/20/2024 23:00,0
PKV,TX_ASOS,10/21/2024 0:00,0
PKV,TX_ASOS,10/21/2024 1:00,0
PKV,TX_ASOS,10/21/2024 2:00,0
PKV,TX_ASOS,10/21/2024 3:00,0
PKV,TX_ASOS,10/21/2024 4:00,0
PKV,TX_ASOS,10/21/2024 5:00,0
PKV,TX_ASOS,10/21/2024 6:00,0
PKV,TX_ASOS,10/21/2024 7:00,0
PKV,TX_ASOS,10/21/2024 8:00,0
PKV,TX_ASOS,10/21/2024 9:00,0
PKV,TX_ASOS,10/21/2024 10:00,0
PKV,TX_ASOS,10/21/2024 11:00,0
PKV,TX_ASOS,10/21/2024 12:00,0
PKV,TX_ASOS,10/21/2024 13:00,0
PKV,TX_ASOS,10/21/2024 14:00,0
PKV,TX_ASOS,10/21/2024 15:00,0
PKV,TX_ASOS,10/21/2024 16:00,0
PKV,TX_ASOS,10/21/2024 17:00,0
PKV,TX_ASOS,10/21/2024 18:00,0
PKV,TX_ASOS,10/21/2024 19:00,0
PKV,TX_ASOS,10/21/2024 20:00,0
PKV,TX_ASOS,10/21/2024 21:00,0
PKV,TX_ASOS,10/21/2024 22:00,0
PKV,TX_ASOS,10/21/2024 23:00,0
PKV,TX_ASOS,10/22/2024 0:00,0
PKV,TX_ASOS,10/22/2024 1:00,0
PKV,TX_ASOS,10/22/2024 2:00,0
PKV,TX_ASOS,10/22/2024 3:00,0
PKV,TX_ASOS,10/22/2024 4:00,0
PKV,TX_ASOS,10/22/2024 5:00,0
PKV,TX_ASOS,10/22/2024 6:00,0
PKV,TX_ASOS,10/22/2024 7:00,0
PKV,TX_ASOS,10/22/2024 8:00,0
PKV,TX_ASOS,10/22/2024 9:00,0
PKV,TX_ASOS,10/22/2024 10:00,0
PKV,TX_ASOS,10/22/2024 11:00,0
PKV,TX_ASOS,10/22/2024 12:00,0
PKV,TX_ASOS,10/22/2024 13:00,0
PKV,TX_ASOS,10/22/2024 14:00,0
PKV,TX_ASOS,10/22/2024 15:00,0
PKV,TX_ASOS,10/22/2024 16:00,0
PKV,TX_ASOS,10/22/2024 17:00,0
PKV,TX_ASOS,10/22/2024 18:00,0
PKV,TX_ASOS,10/22/2024 19:00,0
PKV,TX_ASOS,10/22/2024 20:00,0
PKV,TX_ASOS,10/22/2024 21:00,0
PKV,TX_ASOS,10/22/2024 22:00,0
PKV,TX_ASOS,10/22/2024 23:00,0
PKV,TX_ASOS,10/23/2024 0:00,0
PKV,TX_ASOS,10/23/2024 1:00,0
PKV,TX_ASOS,10/23/2024 2:00,0
PKV,TX_ASOS,10/23/2024 3:00,0
PKV,TX_ASOS,10/23/2024 4:00,0
PKV,TX_ASOS,10/23/2024 5:00,0
PKV,TX_ASOS,10/23/2024 6:00,0
PKV,TX_ASOS,10/23/2024 7:00,0
PKV,TX_ASOS,10/23/2024 8:00,0
PKV,TX_ASOS,10/23/2024 9:00,0
PKV,TX_ASOS,10/23/2024 10:00,0
PKV,TX_ASOS,10/23/2024 11:00,0
PKV,TX_ASOS,10/23/2024 12:00,0
PKV,TX_ASOS,10/23/2024 13:00,0
PKV,TX_ASOS,10/23/2024 14:00,0
PKV,TX_ASOS,10/23/2024 15:00,0
PKV,TX_ASOS,10/23/2024 16:00,0
PKV,TX_ASOS,10/23/2024 17:00,0
PKV,TX_ASOS,10/23/2024 18:00,0
PKV,TX_ASOS,10/23/2024 19:00,0
PKV,TX_ASOS,10/23/2024 20:00,0
PKV,TX_ASOS,10/23/2024 21:00,0
PKV,TX_ASOS,10/23/2024 22:00,0
PKV,TX_ASOS,10/23/2024 23:00,0
PKV,TX_ASOS,10/24/2024 0:00,0
PKV,TX_ASOS,10/24/2024 1:00,0
PKV,TX_ASOS,10/24/2024 2:00,0
PKV,TX_ASOS,10/24/2024 3:00,0
PKV,TX_ASOS,10/24/2024 4:00,0
PKV,TX_ASOS,10/24/2024 5:00,0
PKV,TX_ASOS,10/24/2024 6:00,0
PKV,TX_ASOS,10/24/2024 7:00,0
PKV,TX_ASOS,10/24/2024 8:00,0
PKV,TX_ASOS,10/24/2024 9:00,0
PKV,TX_ASOS,10/24/2024 10:00,0
PKV,TX_ASOS,10/24/2024 11:00,0
PKV,TX_ASOS,10/24/2024 12:00,0
PKV,TX_ASOS,10/24/2024 13:00,0
PKV,TX_ASOS,10/24/2024 14:00,0
PKV,TX_ASOS,10/24/2024 15:00,0
PKV,TX_ASOS,10/24/2024 16:00,0
PKV,TX_ASOS,10/24/2024 17:00,0
PKV,TX_ASOS,10/24/2024 18:00,0
PKV,TX_ASOS,10/24/2024 19:00,0
PKV,TX_ASOS,10/24/2024 20:00,0
PKV,TX_ASOS,10/24/2024 21:00,0
PKV,TX_ASOS,10/24/2024 22:00,0
PKV,TX_ASOS,10/24/2024 23:00,0
PKV,TX_ASOS,10/25/2024 0:00,0
PKV,TX_ASOS,10/25/2024 1:00,0
PKV,TX_ASOS,10/25/2024 2:00,0
PKV,TX_ASOS,10/25/2024 3:00,0
PKV,TX_ASOS,10/25/2024 4:00,0
PKV,TX_ASOS,10/25/2024 5:00,0
PKV,TX_ASOS,10/25/2024 6:00,0
PKV,TX_ASOS,10/25/2024 7:00,0
PKV,TX_ASOS,10/25/2024 8:00,0
PKV,TX_ASOS,10/25/2024 9:00,0
PKV,TX_ASOS,10/25/2024 10:00,0
PKV,TX_ASOS,10/25/2024 11:00,0
PKV,TX_ASOS,10/25/2024 12:00,0
PKV,TX_ASOS,10/25/2024 13:00,0
PKV,TX_ASOS,10/25/2024 14:00,0
PKV,TX_ASOS,10/25/2024 15:00,0
PKV,TX_ASOS,10/25/2024 16:00,0
PKV,TX_ASOS,10/25/2024 17:00,0
PKV,TX_ASOS,10/25/2024 18:00,0
PKV,TX_ASOS,10/25/2024 19:00,0
PKV,TX_ASOS,10/25/2024 20:00,0
PKV,TX_ASOS,10/25/2024 21:00,0
PKV,TX_ASOS,10/25/2024 22:00,0
PKV,TX_ASOS,10/25/2024 23:00,0
PKV,TX_ASOS,10/26/2024 0:00,0
PKV,TX_ASOS,10/26/2024 1:00,0
PKV,TX_ASOS,10/26/2024 2:00,0
PKV,TX_ASOS,10/26/2024 3:00,0
PKV,TX_ASOS,10/26/2024 4:00,0
PKV,TX_ASOS,10/26/2024 5:00,0
PKV,TX_ASOS,10/26/2024 6:00,0
PKV,TX_ASOS,10/26/2024 7:00,0
PKV,TX_ASOS,10/26/2024 8:00,0
PKV,TX_ASOS,10/26/2024 9:00,0
PKV,TX_ASOS,10/26/2024 10:00,0
PKV,TX_ASOS,10/26/2024 11:00,0
PKV,TX_ASOS,10/26/2024 12:00,0
PKV,TX_ASOS,10/26/2024 13:00,0
PKV,TX_ASOS,10/26/2024 14:00,0
PKV,TX_ASOS,10/26/2024 15:00,0
PKV,TX_ASOS,10/26/2024 16:00,0
PKV,TX_ASOS,10/26/2024 17:00,0
PKV,TX_ASOS,10/26/2024 18:00,0
PKV,TX_ASOS,10/26/2024 19:00,0
PKV,TX_ASOS,10/26/2024 20:00,0
PKV,TX_ASOS,10/26/2024 21:00,0
PKV,TX_ASOS,10/26/2024 22:00,0
PKV,TX_ASOS,10/26/2024 23:00,0
PKV,TX_ASOS,10/27/2024 0:00,0
PKV,TX_ASOS,10/27/2024 1:00,0
PKV,TX_ASOS,10/27/2024 2:00,0
PKV,TX_ASOS,10/27/2024 3:00,0
PKV,TX_ASOS,10/27/2024 4:00,0
PKV,TX_ASOS,10/27/2024 5:00,0
PKV,TX_ASOS,10/27/2024 6:00,0
PKV,TX_ASOS,10/27/2024 7:00,0
PKV,TX_ASOS,10/27/2024 8:00,0
PKV,TX_ASOS,10/27/2024 9:00,0
PKV,TX_ASOS,10/27/2024 10:00,0
PKV,TX_ASOS,10/27/2024 11:00,0
PKV,TX_ASOS,10/27/2024 12:00,0
PKV,TX_ASOS,10/27/2024 13:00,0
PKV,TX_ASOS,10/27/2024 14:00,0
PKV,TX_ASOS,10/27/2024 15:00,0
PKV,TX_ASOS,10/27/2024 16:00,0
PKV,TX_ASOS,10/27/2024 17:00,0
PKV,TX_ASOS,10/27/2024 18:00,0
PKV,TX_ASOS,10/27/2024 19:00,0
PKV,TX_ASOS,10/27/2024 20:00,0
PKV,TX_ASOS,10/27/2024 21:00,0
PKV,TX_ASOS,10/27/2024 22:00,0
PKV,TX_ASOS,10/27/2024 23:00,0
PKV,TX_ASOS,10/28/2024 0:00,0
PKV,TX_ASOS,10/28/2024 1:00,0
PKV,TX_ASOS,10/28/2024 2:00,0
PKV,TX_ASOS,10/28/2024 3:00,0
PKV,TX_ASOS,10/28/2024 4:00,0
PKV,TX_ASOS,10/28/2024 5:00,0
PKV,TX_ASOS,10/28/2024 6:00,0
PKV,TX_ASOS,10/28/2024 7:00,0
PKV,TX_ASOS,10/28/2024 8:00,0
PKV,TX_ASOS,10/28/2024 9:00,0
PKV,TX_ASOS,10/28/2024 10:00,0
PKV,TX_ASOS,10/28/2024 11:00,0
PKV,TX_ASOS,10/28/2024 12:00,0
PKV,TX_ASOS,10/28/2024 13:00,0
PKV,TX_ASOS,10/28/2024 14:00,0
PKV,TX_ASOS,10/28/2024 15:00,0
PKV,TX_ASOS,10/28/2024 16:00,0
PKV,TX_ASOS,10/28/2024 17:00,0
PKV,TX_ASOS,10/28/2024 18:00,0
PKV,TX_ASOS,10/28/2024 19:00,0
PKV,TX_ASOS,10/28/2024 20:00,0
PKV,TX_ASOS,10/28/2024 21:00,0
PKV,TX_ASOS,10/28/2024 22:00,0
PKV,TX_ASOS,10/28/2024 23:00,0
PKV,TX_ASOS,10/29/2024 0:00,0
PKV,TX_ASOS,10/29/2024 1:00,0
PKV,TX_ASOS,10/29/2024 2:00,0
PKV,TX_ASOS,10/29/2024 3:00,0
PKV,TX_ASOS,10/29/2024 4:00,0
PKV,TX_ASOS,10/29/2024 5:00,0
PKV,TX_ASOS,10/29/2024 6:00,0
PKV,TX_ASOS,10/29/2024 7:00,0
PKV,TX_ASOS,10/29/2024 8:00,0
PKV,TX_ASOS,10/29/2024 9:00,0
PKV,TX_ASOS,10/29/2024 10:00,0
PKV,TX_ASOS,10/29/2024 11:00,0
PKV,TX_ASOS,10/29/2024 12:00,0
PKV,TX_ASOS,10/29/2024 13:00,0
PKV,TX_ASOS,10/29/2024 14:00,0
PKV,TX_ASOS,10/29/2024 15:00,0
PKV,TX_ASOS,10/29/2024 16:00,0
PKV,TX_ASOS,10/29/2024 17:00,0
PKV,TX_ASOS,10/29/2024 18:00,0
PKV,TX_ASOS,10/29/2024 19:00,0
PKV,TX_ASOS,10/29/2024 20:00,0
PKV,TX_ASOS,10/29/2024 21:00,0
PKV,TX_ASOS,10/29/2024 22:00,0
PKV,TX_ASOS,10/29/2024 23:00,0
PKV,TX_ASOS,10/30/2024 0:00,0
PKV,TX_ASOS,10/30/2024 1:00,0
PKV,TX_ASOS,10/30/2024 2:00,0
PKV,TX_ASOS,10/30/2024 3:00,0
PKV,TX_ASOS,10/30/2024 4:00,0
PKV,TX_ASOS,10/30/2024 5:00,0
PKV,TX_ASOS,10/30/2024 6:00,0
PKV,TX_ASOS,10/30/2024 7:00,0
PKV,TX_ASOS,10/30/2024 8:00,0
PKV,TX_ASOS,10/30/2024 9:00,0
PKV,TX_ASOS,10/30/2024 10:00,0
PKV,TX_ASOS,10/30/2024 11:00,0
PKV,TX_ASOS,10/30/2024 12:00,0
PKV,TX_ASOS,10/30/2024 13:00,0
PKV,TX_ASOS,10/30/2024 14:00,0
PKV,TX_ASOS,10/30/2024 15:00,0
PKV,TX_ASOS,10/30/2024 16:00,0
PKV,TX_ASOS,10/30/2024 17:00,0
PKV,TX_ASOS,10/30/2024 18:00,0
PKV,TX_ASOS,10/30/2024 19:00,0
PKV,TX_ASOS,10/30/2024 20:00,0
PKV,TX_ASOS,10/30/2024 21:00,0
PKV,TX_ASOS,10/30/2024 22:00,0
PKV,TX_ASOS,10/30/2024 23:00,0
PKV,TX_ASOS,10/31/2024 0:00,0
PKV,TX_ASOS,10/31/2024 1:00,0
PKV,TX_ASOS,10/31/2024 2:00,0
PKV,TX_ASOS,10/31/2024 3:00,0
PKV,TX_ASOS,10/31/2024 4:00,0
PKV,TX_ASOS,10/31/2024 5:00,0
PKV,TX_ASOS,10/31/2024 6:00,0
PKV,TX_ASOS,10/31/2024 7:00,0
PKV,TX_ASOS,10/31/2024 8:00,0
PKV,TX_ASOS,10/31/2024 9:00,0
PKV,TX_ASOS,10/31/2024 10:00,0.06
PKV,TX_ASOS,10/31/2024 11:00,0
PKV,TX_ASOS,10/31/2024 12:00,0
PKV,TX_ASOS,10/31/2024 13:00,0
PKV,TX_ASOS,10/31/2024 14:00,0
PKV,TX_ASOS,10/31/2024 15:00,2.45
PKV,TX_ASOS,10/31/2024 16:00,0.17
PKV,TX_ASOS,10/31/2024 17:00,0
PKV,TX_ASOS,10/31/2024 18:00,0
PKV,TX_ASOS,10/31/2024 19:00,0
PKV,TX_ASOS,10/31/2024 20:00,0
PKV,TX_ASOS,10/31/2024 21:00,0
PKV,TX_ASOS,10/31/2024 22:00,0
PKV,TX_ASOS,10/31/2024 23:00,0
PKV,TX_ASOS,11/1/2024 0:00,0
PKV,TX_ASOS,11/1/2024 1:00,0
PKV,TX_ASOS,11/1/2024 2:00,0
PKV,TX_ASOS,11/1/2024 3:00,0
PKV,TX_ASOS,11/1/2024 4:00,0
PKV,TX_ASOS,11/1/2024 5:00,0
PKV,TX_ASOS,11/1/2024 6:00,0
PKV,TX_ASOS,11/1/2024 7:00,0
PKV,TX_ASOS,11/1/2024 8:00,0
PKV,TX_ASOS,11/1/2024 9:00,0
PKV,TX_ASOS,11/1/2024 10:00,0
PKV,TX_ASOS,11/1/2024 11:00,0
PKV,TX_ASOS,11/1/2024 12:00,0
PKV,TX_ASOS,11/1/2024 13:00,0
PKV,TX_ASOS,11/1/2024 14:00,0
PKV,TX_ASOS,11/1/2024 15:00,0
PKV,TX_ASOS,11/1/2024 16:00,0
PKV,TX_ASOS,11/1/2024 17:00,0
PKV,TX_ASOS,11/1/2024 18:00,0
PKV,TX_ASOS,11/1/2024 19:00,0
PKV,TX_ASOS,11/1/2024 20:00,0
PKV,TX_ASOS,11/1/2024 21:00,0
PKV,TX_ASOS,11/1/2024 22:00,0
PKV,TX_ASOS,11/1/2024 23:00,0
PKV,TX_ASOS,11/2/2024 0:00,0
PKV,TX_ASOS,11/2/2024 1:00,0
PKV,TX_ASOS,11/2/2024 2:00,0
PKV,TX_ASOS,11/2/2024 3:00,0
PKV,TX_ASOS,11/2/2024 4:00,0
PKV,TX_ASOS,11/2/2024 5:00,0
PKV,TX_ASOS,11/2/2024 6:00,0
PKV,TX_ASOS,11/2/2024 7:00,0
PKV,TX_ASOS,11/2/2024 8:00,0
PKV,TX_ASOS,11/2/2024 9:00,0
PKV,TX_ASOS,11/2/2024 10:00,0
PKV,TX_ASOS,11/2/2024 11:00,0
PKV,TX_ASOS,11/2/2024 12:00,0.01
PKV,TX_ASOS,11/2/2024 13:00,0.01
PKV,TX_ASOS,11/2/2024 14:00,0
PKV,TX_ASOS,11/2/2024 15:00,0
PKV,TX_ASOS,11/2/2024 16:00,0
PKV,TX_ASOS,11/2/2024 17:00,0
PKV,TX_ASOS,11/2/2024 18:00,0
PKV,TX_ASOS,11/2/2024 19:00,0
PKV,TX_ASOS,11/2/2024 20:00,0
PKV,TX_ASOS,11/2/2024 21:00,0
PKV,TX_ASOS,11/2/2024 22:00,0
PKV,TX_ASOS,11/2/2024 23:00,0
PKV,TX_ASOS,11/3/2024 0:00,0
PKV,TX_ASOS,11/3/2024 1:00,0
,,,
PKV,TX_ASOS,11/3/2024 2:00,0
PKV,TX_ASOS,11/3/2024 3:00,0
PKV,TX_ASOS,11/3/2024 4:00,0
PKV,TX_ASOS,11/3/2024 5:00,0
PKV,TX_ASOS,11/3/2024 6:00,0
PKV,TX_ASOS,11/3/2024 7:00,0
PKV,TX_ASOS,11/3/2024 8:00,0
PKV,TX_ASOS,11/3/2024 9:00,0
PKV,TX_ASOS,11/3/2024 10:00,0
PKV,TX_ASOS,11/3/2024 11:00,0
PKV,TX_ASOS,11/3/2024 12:00,0
PKV,TX_ASOS,11/3/2024 13:00,0
PKV,TX_ASOS,11/3/2024 14:00,0
PKV,TX_ASOS,11/3/2024 15:00,0
PKV,TX_ASOS,11/3/2024 16:00,0
PKV,TX_ASOS,11/3/2024 17:00,0
PKV,TX_ASOS,11/3/2024 18:00,0
PKV,TX_ASOS,11/3/2024 19:00,0
PKV,TX_ASOS,11/3/2024 20:00,0
PKV,TX_ASOS,11/3/2024 21:00,0
PKV,TX_ASOS,11/3/2024 22:00,0
PKV,TX_ASOS,11/3/2024 23:00,0
PKV,TX_ASOS,11/4/2024 0:00,0
PKV,TX_ASOS,11/4/2024 1:00,0
PKV,TX_ASOS,11/4/2024 2:00,0
PKV,TX_ASOS,11/4/2024 3:00,0
PKV,TX_ASOS,11/4/2024 4:00,0
PKV,TX_ASOS,11/4/2024 5:00,0
PKV,TX_ASOS,11/4/2024 6:00,0
PKV,TX_ASOS,11/4/2024 7:00,0
PKV,TX_ASOS,11/4/2024 8:00,0
PKV,TX_ASOS,11/4/2024 9:00,0
PKV,TX_ASOS,11/4/2024 10:00,0
PKV,TX_ASOS,11/4/2024 11:00,0
PKV,TX_ASOS,11/4/2024 12:00,0
PKV,TX_ASOS,11/4/2024 13:00,0
PKV,TX_ASOS,11/4/2024 14:00,0
PKV,TX_ASOS,11/4/2024 15:00,0
PKV,TX_ASOS,11/4/2024 16:00,0
PKV,TX_ASOS,11/4/2024 17:00,0
PKV,TX_ASOS,11/4/2024 18:00,0
PKV,TX_ASOS,11/4/2024 19:00,0
PKV,TX_ASOS,11/4/2024 20:00,0
PKV,TX_ASOS,11/4/2024 21:00,0
PKV,TX_ASOS,11/4/2024 22:00,0
PKV,TX_ASOS,11/4/2024 23:00,0
PKV,TX_ASOS,11/5/2024 0:00,0
PKV,TX_ASOS,11/5/2024 1:00,0
PKV,TX_ASOS,11/5/2024 2:00,0
PKV,TX_ASOS,11/5/2024 3:00,0
PKV,TX_ASOS,11/5/2024 4:00,0
PKV,TX_ASOS,11/5/2024 5:00,1.4
PKV,TX_ASOS,11/5/2024 6:00,0.1
PKV,TX_ASOS,11/5/2024 7:00,0.07
PKV,TX_ASOS,11/5/2024 8:00,0
PKV,TX_ASOS,11/5/2024 9:00,0
PKV,TX_ASOS,11/5/2024 10:00,0
PKV,TX_ASOS,11/5/2024 11:00,0
PKV,TX_ASOS,11/5/2024 12:00,0
PKV,TX_ASOS,11/5/2024 13:00,0
PKV,TX_ASOS,11/5/2024 14:00,0
PKV,TX_ASOS,11/5/2024 15:00,0
PKV,TX_ASOS,11/5/2024 16:00,0
PKV,TX_ASOS,11/5/2024 17:00,0
PKV,TX_ASOS,11/5/2024 18:00,0
PKV,TX_ASOS,11/5/2024 19:00,0
PKV,TX_ASOS,11/5/2024 20:00,0
PKV,TX_ASOS,11/5/2024 21:00,0
PKV,TX_ASOS,11/5/2024 22:00,0
PKV,TX_ASOS,11/5/2024 23:00,0
PKV,TX_ASOS,11/6/2024 0:00,0
PKV,TX_ASOS,11/6/2024 1:00,0
PKV,TX_ASOS,11/6/2024 2:00,0
PKV,TX_ASOS,11/6/2024 3:00,0
PKV,TX_ASOS,11/6/2024 4:00,0
PKV,TX_ASOS,11/6/2024 5:00,0
PKV,TX_ASOS,11/6/2024 6:00,0
PKV,TX_ASOS,11/6/2024 7:00,0
PKV,TX_ASOS,11/6/2024 8:00,0
PKV,TX_ASOS,11/6/2024 9:00,0
PKV,TX_ASOS,11/6/2024 10:00,0
PKV,TX_ASOS,11/6/2024 11:00,0
PKV,TX_ASOS,11/6/2024 12:00,0
PKV,TX_ASOS,11/6/2024 13:00,0
PKV,TX_ASOS,11/6/2024 14:00,0
PKV,TX_ASOS,11/6/2024 15:00,0
PKV,TX_ASOS,11/6/2024 16:00,0
PKV,TX_ASOS,11/6/2024 17:00,0
PKV,TX_ASOS,11/6/2024 18:00,0
PKV,TX_ASOS,11/6/2024 19:00,0
PKV,TX_ASOS,11/6/2024 20:00,0
PKV,TX_ASOS,11/6/2024 21:00,0
PKV,TX_ASOS,11/6/2024 22:00,0
PKV,TX_ASOS,11/6/2024 23:00,0
PKV,TX_ASOS,11/7/2024 0:00,0
PKV,TX_ASOS,11/7/2024 1:00,0
PKV,TX_ASOS,11/7/2024 2:00,0
PKV,TX_ASOS,11/7/2024 3:00,0
PKV,TX_ASOS,11/7/2024 4:00,0
PKV,TX_ASOS,11/7/2024 5:00,0
PKV,TX_ASOS,11/7/2024 6:00,0
PKV,TX_ASOS,11/7/2024 7:00,0
PKV,TX_ASOS,11/7/2024 8:00,0
PKV,TX_ASOS,11/7/2024 9:00,0
PKV,TX_ASOS,11/7/2024 10:00,0
PKV,TX_ASOS,11/7/2024 11:00,0
PKV,TX_ASOS,11/7/2024 12:00,0
PKV,TX_ASOS,11/7/2024 13:00,0
PKV,TX_ASOS,11/7/2024 14:00,0
PKV,TX_ASOS,11/7/2024 15:00,0
PKV,TX_ASOS,11/7/2024 16:00,0
PKV,TX_ASOS,11/7/2024 17:00,0
PKV,TX_ASOS,11/7/2024 18:00,0
PKV,TX_ASOS,11/7/2024 19:00,0
PKV,TX_ASOS,11/7/2024 20:00,0
PKV,TX_ASOS,11/7/2024 21:00,0
PKV,TX_ASOS,11/7/2024 22:00,0
PKV,TX_ASOS,11/7/2024 23:00,0
PKV,TX_ASOS,11/8/2024 0:00,0
PKV,TX_ASOS,11/8/2024 1:00,0
PKV,TX_ASOS,11/8/2024 2:00,0
PKV,TX_ASOS,11/8/2024 3:00,0
PKV,TX_ASOS,11/8/2024 4:00,0
PKV,TX_ASOS,11/8/2024 5:00,0
PKV,TX_ASOS,11/8/2024 6:00,0
PKV,TX_ASOS,11/8/2024 7:00,0
PKV,TX_ASOS,11/8/2024 8:00,0
PKV,TX_ASOS,11/8/2024 9:00,0
PKV,TX_ASOS,11/8/2024 10:00,0
PKV,TX_ASOS,11/8/2024 11:00,0
PKV,TX_ASOS,11/8/2024 12:00,0
PKV,TX_ASOS,11/8/2024 13:00,0
PKV,TX_ASOS,11/8/2024 14:00,0
PKV,TX_ASOS,11/8/2024 15:00,0
PKV,TX_ASOS,11/8/2024 16:00,0
PKV,TX_ASOS,11/8/2024 17:00,0
PKV,TX_ASOS,11/8/2024 18:00,0
PKV,TX_ASOS,11/8/2024 19:00,0
PKV,TX_ASOS,11/8/2024 20:00,0
PKV,TX_ASOS,11/8/2024 21:00,0
PKV,TX_ASOS,11/8/2024 22:00,0
PKV,TX_ASOS,11/8/2024 23:00,0.14
PKV,TX_ASOS,11/9/2024 0:00,0
PKV,TX_ASOS,11/9/2024 1:00,0
PKV,TX_ASOS,11/9/2024 2:00,0
PKV,TX_ASOS,11/9/2024 3:00,0
PKV,TX_ASOS,11/9/2024 4:00,0
PKV,TX_ASOS,11/9/2024 5:00,0
PKV,TX_ASOS,11/9/2024 6:00,0
PKV,TX_ASOS,11/9/2024 7:00,0
PKV,TX_ASOS,11/9/2024 8:00,0
PKV,TX_ASOS,11/9/2024 9:00,0
PKV,TX_ASOS,11/9/2024 10:00,0
PKV,TX_ASOS,11/9/2024 11:00,0
PKV,TX_ASOS,11/9/2024 12:00,0
PKV,TX_ASOS,11/9/2024 13:00,0
PKV,TX_ASOS,11/9/2024 14:00,0
PKV,TX_ASOS,11/9/2024 15:00,0
PKV,TX_ASOS,11/9/2024 16:00,0
PKV,TX_ASOS,11/9/2024 17:00,0
PKV,TX_ASOS,11/9/2024 18:00,0
PKV,TX_ASOS,11/9/2024 19:00,0
PKV,TX_ASOS,11/9/2024 20:00,0
PKV,TX_ASOS,11/9/2024 21:00,0
PKV,TX_ASOS,11/9/2024 22:00,0
PKV,TX_ASOS,11/9/2024 23:00,0
PKV,TX_ASOS,11/10/2024 0:00,0
PKV,TX_ASOS,11/10/2024 1:00,0
PKV,TX_ASOS,11/10/2024 2:00,0.03
PKV,TX_ASOS,11/10/2024 3:00,0.01
PKV,TX_ASOS,11/10/2024 4:00,0
PKV,TX_ASOS,11/10/2024 5:00,0
PKV,TX_ASOS,11/10/2024 6:00,0
PKV,TX_ASOS,11/10/2024 7:00,0
PKV,TX_ASOS,11/10/2024 8:00,0
PKV,TX_ASOS,11/10/2024 9:00,0
PKV,TX_ASOS,11/10/2024 10:00,0
PKV,TX_ASOS,11/10/2024 11:00,0
PKV,TX_ASOS,11/10/2024 12:00,0
PKV,TX_ASOS,11/10/2024 13:00,0
PKV,TX_ASOS,11/10/2024 14:00,0
PKV,TX_ASOS,11/10/2024 15:00,0
PKV,TX_ASOS,11/10/2024 16:00,0
PKV,TX_ASOS,11/10/2024 17:00,0
PKV,TX_ASOS,11/10/2024 18:00,0
PKV,TX_ASOS,11/10/2024 19:00,0
PKV,TX_ASOS,11/10/2024 20:00,0
PKV,TX_ASOS,11/10/2024 21:00,0
PKV,TX_ASOS,11/10/2024 22:00,0
PKV,TX_ASOS,11/10/2024 23:00,0
PKV,TX_ASOS,11/11/2024 0:00,0
PKV,TX_ASOS,11/11/2024 1:00,0
PKV,TX_ASOS,11/11/2024 2:00,0
PKV,TX_ASOS,11/11/2024 3:00,0
PKV,TX_ASOS,11/11/2024 4:00,0
PKV,TX_ASOS,11/11/2024 5:00,0
PKV,TX_ASOS,11/11/2024 6:00,0
PKV,TX_ASOS,11/11/2024 7:00,0
PKV,TX_ASOS,11/11/2024 8:00,0
PKV,TX_ASOS,11/11/2024 9:00,0
PKV,TX_ASOS,11/11/2024 10:00,0
PKV,TX_ASOS,11/11/2024 11:00,0
PKV,TX_ASOS,11/11/2024 12:00,0
PKV,TX_ASOS,11/11/2024 13:00,0
PKV,TX_ASOS,11/11/2024 14:00,0
PKV,TX_ASOS,11/11/2024 15:00,0
PKV,TX_ASOS,11/11/2024 16:00,0
PKV,TX_ASOS,11/11/2024 17:00,0
PKV,TX_ASOS,11/11/2024 18:00,0
PKV,TX_ASOS,11/11/2024 19:00,0
PKV,TX_ASOS,11/11/2024 20:00,0
PKV,TX_ASOS,11/11/2024 21:00,0
PKV,TX_ASOS,11/11/2024 22:00,0
PKV,TX_ASOS,11/11/2024 23:00,0
PKV,TX_ASOS,11/12/2024 0:00,0
PKV,TX_ASOS,11/12/2024 1:00,0
PKV,TX_ASOS,11/12/2024 2:00,0
PKV,TX_ASOS,11/12/2024 3:00,0
PKV,TX_ASOS,11/12/2024 4:00,0
PKV,TX_ASOS,11/12/2024 5:00,0
PKV,TX_ASOS,11/12/2024 6:00,0
PKV,TX_ASOS,11/12/2024 7:00,0
PKV,TX_ASOS,11/12/2024 8:00,0
PKV,TX_ASOS,11/12/2024 9:00,0
PKV,TX_ASOS,11/12/2024 10:00,0
PKV,TX_ASOS,11/12/2024 11:00,0
PKV,TX_ASOS,11/12/2024 12:00,0
PKV,TX_ASOS,11/12/2024 13:00,0
PKV,TX_ASOS,11/12/2024 14:00,0
PKV,TX_ASOS,11/12/2024 15:00,0
PKV,TX_ASOS,11/12/2024 16:00,0
PKV,TX_ASOS,11/12/2024 17:00,0
PKV,TX_ASOS,11/12/2024 18:00,0
PKV,TX_ASOS,11/12/2024 19:00,0
PKV,TX_ASOS,11/12/2024 20:00,0
PKV,TX_ASOS,11/12/2024 21:00,0
PKV,TX_ASOS,11/12/2024 22:00,0
PKV,TX_ASOS,11/12/2024 23:00,0
PKV,TX_ASOS,11/13/2024 0:00,0
PKV,TX_ASOS,11/13/2024 1:00,0
PKV,TX_ASOS,11/13/2024 2:00,0
PKV,TX_ASOS,11/13/2024 3:00,0
PKV,TX_ASOS,11/13/2024 4:00,0
PKV,TX_ASOS,11/13/2024 5:00,0
PKV,TX_ASOS,11/13/2024 6:00,0
PKV,TX_ASOS,11/13/2024 7:00,0
PKV,TX_ASOS,11/13/2024 8:00,0
PKV,TX_ASOS,11/13/2024 9:00,0
PKV,TX_ASOS,11/13/2024 10:00,0
PKV,TX_ASOS,11/13/2024 11:00,0
PKV,TX_ASOS,11/13/2024 12:00,0
PKV,TX_ASOS,11/13/2024 13:00,0
PKV,TX_ASOS,11/13/2024 14:00,0
PKV,TX_ASOS,11/13/2024 15:00,0
PKV,TX_ASOS,11/13/2024 16:00,0
PKV,TX_ASOS,11/13/2024 17:00,0
PKV,TX_ASOS,11/13/2024 18:00,0
PKV,TX_ASOS,11/13/2024 19:00,0
PKV,TX_ASOS,11/13/2024 20:00,0
PKV,TX_ASOS,11/13/2024 21:00,0
PKV,TX_ASOS,11/13/2024 22:00,0
PKV,TX_ASOS,11/13/2024 23:00,0
PKV,TX_ASOS,11/14/2024 0:00,0
PKV,TX_ASOS,11/14/2024 1:00,0
PKV,TX_ASOS,11/14/2024 2:00,0
PKV,TX_ASOS,11/14/2024 3:00,0
PKV,TX_ASOS,11/14/2024 4:00,0
PKV,TX_ASOS,11/14/2024 5:00,0
PKV,TX_ASOS,11/14/2024 6:00,0
PKV,TX_ASOS,11/14/2024 7:00,0
PKV,TX_ASOS,11/14/2024 8:00,0
PKV,TX_ASOS,11/14/2024 9:00,0
PKV,TX_ASOS,11/14/2024 10:00,0
PKV,TX_ASOS,11/14/2024 11:00,0
PKV,TX_ASOS,11/14/2024 12:00,0
PKV,TX_ASOS,11/14/2024 13:00,0
PKV,TX_ASOS,11/14/2024 14:00,0
PKV,TX_ASOS,11/14/2024 15:00,0
PKV,TX_ASOS,11/14/2024 16:00,0
PKV,TX_ASOS,11/14/2024 17:00,0
PKV,TX_ASOS,11/14/2024 18:00,0
PKV,TX_ASOS,11/14/2024 19:00,0
PKV,TX_ASOS,11/14/2024 20:00,0
PKV,TX_ASOS,11/14/2024 21:00,0
PKV,TX_ASOS,11/14/2024 22:00,0
PKV,TX_ASOS,11/14/2024 23:00,0
PKV,TX_ASOS,11/15/2024 0:00,0
PKV,TX_ASOS,11/15/2024 1:00,0
PKV,TX_ASOS,11/15/2024 2:00,0
PKV,TX_ASOS,11/15/2024 3:00,0
PKV,TX_ASOS,11/15/2024 4:00,0
PKV,TX_ASOS,11/15/2024 5:00,0
PKV,TX_ASOS,11/15/2024 6:00,0
PKV,TX_ASOS,11/15/2024 7:00,0
PKV,TX_ASOS,11/15/2024 8:00,0
PKV,TX_ASOS,11/15/2024 9:00,0
PKV,TX_ASOS,11/15/2024 10:00,0
PKV,TX_ASOS,11/15/2024 11:00,0
PKV,TX_ASOS,11/15/2024 12:00,0
PKV,TX_ASOS,11/15/2024 13:00,0
PKV,TX_ASOS,11/15/2024 14:00,0
PKV,TX_ASOS,11/15/2024 15:00,0
PKV,TX_ASOS,11/15/2024 16:00,0
PKV,TX_ASOS,11/15/2024 17:00,0
PKV,TX_ASOS,11/15/2024 18:00,0
PKV,TX_ASOS,11/15/2024 19:00,0
PKV,TX_ASOS,11/15/2024 20:00,0
PKV,TX_ASOS,11/15/2024 21:00,0
PKV,TX_ASOS,11/15/2024 22:00,0
PKV,TX_ASOS,11/15/2024 23:00,0
PKV,TX_ASOS,11/16/2024 0:00,0
PKV,TX_ASOS,11/16/2024 1:00,0
PKV,TX_ASOS,11/16/2024 2:00,0
PKV,TX_ASOS,11/16/2024 3:00,0
PKV,TX_ASOS,11/16/2024 4:00,0
PKV,TX_ASOS,11/16/2024 5:00,0
PKV,TX_ASOS,11/16/2024 6:00,0
PKV,TX_ASOS,11/16/2024 7:00,0
PKV,TX_ASOS,11/16/2024 8:00,0
PKV,TX_ASOS,11/16/2024 9:00,0
PKV,TX_ASOS,11/16/2024 10:00,0
PKV,TX_ASOS,11/16/2024 11:00,0
PKV,TX_ASOS,11/16/2024 12:00,0
PKV,TX_ASOS,11/16/2024 13:00,0
PKV,TX_ASOS,11/16/2024 14:00,0
PKV,TX_ASOS,11/16/2024 15:00,0
PKV,TX_ASOS,11/16/2024 16:00,0
PKV,TX_ASOS,11/16/2024 17:00,0
PKV,TX_ASOS,11/16/2024 18:00,0
PKV,TX_ASOS,11/16/2024 19:00,0
PKV,TX_ASOS,11/16/2024 20:00,0
PKV,TX_ASOS,11/16/2024 21:00,0
PKV,TX_ASOS,11/16/2024 22:00,0
PKV,TX_ASOS,11/16/2024 23:00,0
PKV,TX_ASOS,11/17/2024 0:00,0
PKV,TX_ASOS,11/17/2024 1:00,0
PKV,TX_ASOS,11/17/2024 2:00,0
PKV,TX_ASOS,11/17/2024 3:00,0
PKV,TX_ASOS,11/17/2024 4:00,0
PKV,TX_ASOS,11/17/2024 5:00,0
PKV,TX_ASOS,11/17/2024 6:00,0
PKV,TX_ASOS,11/17/2024 7:00,0
PKV,TX_ASOS,11/17/2024 8:00,0
PKV,TX_ASOS,11/17/2024 9:00,0
PKV,TX_ASOS,11/17/2024 10:00,0
PKV,TX_ASOS,11/17/2024 11:00,0
PKV,TX_ASOS,11/17/2024 12:00,0
PKV,TX_ASOS,11/17/2024 13:00,0.03
PKV,TX_ASOS,11/17/2024 14:00,0
PKV,TX_ASOS,11/17/2024 15:00,0
PKV,TX_ASOS,11/17/2024 16:00,0
PKV,TX_ASOS,11/17/2024 17:00,0
PKV,TX_ASOS,11/17/2024 18:00,0
PKV,TX_ASOS,11/17/2024 19:00,0
PKV,TX_ASOS,11/17/2024 20:00,0
PKV,TX_ASOS,11/17/2024 21:00,0
PKV,TX_ASOS,11/17/2024 22:00,0
PKV,TX_ASOS,11/17/2024 23:00,0
PKV,TX_ASOS,11/18/2024 0:00,0
PKV,TX_ASOS,11/18/2024 1:00,0
PKV,TX_ASOS,11/18/2024 2:00,0
PKV,TX_ASOS,11/18/2024 3:00,0
PKV,TX_ASOS,11/18/2024 4:00,0
PKV,TX_ASOS,11/18/2024 5:00,0
PKV,TX_ASOS,11/18/2024 6:00,0
PKV,TX_ASOS,11/18/2024 7:00,0
PKV,TX_ASOS,11/18/2024 8:00,0
PKV,TX_ASOS,11/18/2024 9:00,0
PKV,TX_ASOS,11/18/2024 10:00,0
PKV,TX_ASOS,11/18/2024 11:00,0
PKV,TX_ASOS,11/18/2024 12:00,0
PKV,TX_ASOS,11/18/2024 13:00,0
PKV,TX_ASOS,11/18/2024 14:00,0
PKV,TX_ASOS,11/18/2024 15:00,0
PKV,TX_ASOS,11/18/2024 16:00,0.06
PKV,TX_ASOS,11/18/2024 17:00,0
PKV,TX_ASOS,11/18/2024 18:00,0
PKV,TX_ASOS,11/18/2024 19:00,0
PKV,TX_ASOS,11/18/2024 20:00,0
PKV,TX_ASOS,11/18/2024 21:00,0
PKV,TX_ASOS,11/18/2024 22:00,0
PKV,TX_ASOS,11/18/2024 23:00,0
PKV,TX_ASOS,11/19/2024 0:00,0
PKV,TX_ASOS,11/19/2024 1:00,0
PKV,TX_ASOS,11/19/2024 2:00,0
PKV,TX_ASOS,11/19/2024 3:00,0
PKV,TX_ASOS,11/19/2024 4:00,0
PKV,TX_ASOS,11/19/2024 5:00,0
PKV,TX_ASOS,11/19/2024 6:00,0
PKV,TX_ASOS,11/19/2024 7:00,0
PKV,TX_ASOS,11/19/2024 8:00,0
PKV,TX_ASOS,11/19/2024 9:00,0
PKV,TX_ASOS,11/19/2024 10:00,0
PKV,TX_ASOS,11/19/2024 11:00,0
PKV,TX_ASOS,11/19/2024 12:00,0
PKV,TX_ASOS,11/19/2024 13:00,0
PKV,TX_ASOS,11/19/2024 14:00,0
PKV,TX_ASOS,11/19/2024 15:00,0
PKV,TX_ASOS,11/19/2024 16:00,0
PKV,TX_ASOS,11/19/2024 17:00,0
PKV,TX_ASOS,11/19/2024 18:00,0
PKV,TX_ASOS,11/19/2024 19:00,0
PKV,TX_ASOS,11/19/2024 20:00,0
PKV,TX_ASOS,11/19/2024 21:00,0
PKV,TX_ASOS,11/19/2024 22:00,0
PKV,TX_ASOS,11/19/2024 23:00,0
PKV,TX_ASOS,11/20/2024 0:00,0
PKV,TX_ASOS,11/20/2024 1:00,0
PKV,TX_ASOS,11/20/2024 2:00,0
PKV,TX_ASOS,11/20/2024 3:00,0
PKV,TX_ASOS,11/20/2024 4:00,0
PKV,TX_ASOS,11/20/2024 5:00,0
PKV,TX_ASOS,11/20/2024 6:00,0
PKV,TX_ASOS,11/20/2024 7:00,0
PKV,TX_ASOS,11/20/2024 8:00,0
PKV,TX_ASOS,11/20/2024 9:00,0
PKV,TX_ASOS,11/20/2024 10:00,0
PKV,TX_ASOS,11/20/2024 11:00,0
PKV,TX_ASOS,11/20/2024 12:00,0
PKV,TX_ASOS,11/20/2024 13:00,0
PKV,TX_ASOS,11/20/2024 14:00,0
PKV,TX_ASOS,11/20/2024 15:00,0
PKV,TX_ASOS,11/20/2024 16:00,0
PKV,TX_ASOS,11/20/2024 17:00,0
PKV,TX_ASOS,11/20/2024 18:00,0
PKV,TX_ASOS,11/20/2024 19:00,0
PKV,TX_ASOS,11/20/2024 20:00,0
PKV,TX_ASOS,11/20/2024 21:00,0
PKV,TX_ASOS,11/20/2024 22:00,0
PKV,TX_ASOS,11/20/2024 23:00,0
PKV,TX_ASOS,11/21/2024 0:00,0
PKV,TX_ASOS,11/21/2024 1:00,0
PKV,TX_ASOS,11/21/2024 2:00,0
PKV,TX_ASOS,11/21/2024 3:00,0
PKV,TX_ASOS,11/21/2024 4:00,0
PKV,TX_ASOS,11/21/2024 5:00,0
PKV,TX_ASOS,11/21/2024 6:00,0
PKV,TX_ASOS,11/21/2024 7:00,0
PKV,TX_ASOS,11/21/2024 8:00,0
PKV,TX_ASOS,11/21/2024 9:00,0
PKV,TX_ASOS,11/21/2024 10:00,0
PKV,TX_ASOS,11/21/2024 11:00,0
PKV,TX_ASOS,11/21/2024 12:00,0
PKV,TX_ASOS,11/21/2024 13:00,0
PKV,TX_ASOS,11/21/2024 14:00,0
PKV,TX_ASOS,11/21/2024 15:00,0
PKV,TX_ASOS,11/21/2024 16:00,0
PKV,TX_ASOS,11/21/2024 17:00,0
PKV,TX_ASOS,11/21/2024 18:00,0
PKV,TX_ASOS,11/21/2024 19:00,0
PKV,TX_ASOS,11/21/2024 20:00,0
PKV,TX_ASOS,11/21/2024 21:00,0
PKV,TX_ASOS,11/21/2024 22:00,0
PKV,TX_ASOS,11/21/2024 23:00,0
PKV,TX_ASOS,11/22/2024 0:00,0
PKV,TX_ASOS,11/22/2024 1:00,0
PKV,TX_ASOS,11/22/2024 2:00,0
PKV,TX_ASOS,11/22/2024 3:00,0
PKV,TX_ASOS,11/22/2024 4:00,0
PKV,TX_ASOS,11/22/2024 5:00,0
PKV,TX_ASOS,11/22/2024 6:00,0
PKV,TX_ASOS,11/22/2024 7:00,0
PKV,TX_ASOS,11/22/2024 8:00,0
PKV,TX_ASOS,11/22/2024 9:00,0
PKV,TX_ASOS,11/22/2024 10:00,0
PKV,TX_ASOS,11/22/2024 11:00,0
PKV,TX_ASOS,11/22/2024 12:00,0
PKV,TX_ASOS,11/22/2024 13:00,0
PKV,TX_ASOS,11/22/2024 14:00,0
PKV,TX_ASOS,11/22/2024 15:00,0
PKV,TX_ASOS,11/22/2024 16:00,0
PKV,TX_ASOS,11/22/2024 17:00,0
PKV,TX_ASOS,11/22/2024 18:00,0
PKV,TX_ASOS,11/22/2024 19:00,0
PKV,TX_ASOS,11/22/2024 20:00,0
PKV,TX_ASOS,11/22/2024 21:00,0
PKV,TX_ASOS,11/22/2024 22:00,0
PKV,TX_ASOS,11/22/2024 23:00,0
PKV,TX_ASOS,11/23/2024 0:00,0
PKV,TX_ASOS,11/23/2024 1:00,0
PKV,TX_ASOS,11/23/2024 2:00,0
PKV,TX_ASOS,11/23/2024 3:00,0
PKV,TX_ASOS,11/23/2024 4:00,0
PKV,TX_ASOS,11/23/2024 5:00,0
PKV,TX_ASOS,11/23/2024 6:00,0
PKV,TX_ASOS,11/23/2024 7:00,0
PKV,TX_ASOS,11/23/2024 8:00,0
PKV,TX_ASOS,11/23/2024 9:00,0
PKV,TX_ASOS,11/23/2024 10:00,0
PKV,TX_ASOS,11/23/2024 11:00,0
PKV,TX_ASOS,11/23/2024 12:00,0
PKV,TX_ASOS,11/23/2024 13:00,0
PKV,TX_ASOS,11/23/2024 14:00,0
PKV,TX_ASOS,11/23/2024 15:00,0
PKV,TX_ASOS,11/23/2024 16:00,0
PKV,TX_ASOS,11/23/2024 17:00,0
PKV,TX_ASOS,11/23/2024 18:00,0
PKV,TX_ASOS,11/23/2024 19:00,0
PKV,TX_ASOS,11/23/2024 20:00,0
PKV,TX_ASOS,11/23/2024 21:00,0
PKV,TX_ASOS,11/23/2024 22:00,0
PKV,TX_ASOS,11/23/2024 23:00,0
PKV,TX_ASOS,11/24/2024 0:00,0
PKV,TX_ASOS,11/24/2024 1:00,0
PKV,TX_ASOS,11/24/2024 2:00,0
PKV,TX_ASOS,11/24/2024 3:00,0
PKV,TX_ASOS,11/24/2024 4:00,0
PKV,TX_ASOS,11/24/2024 5:00,0
PKV,TX_ASOS,11/24/2024 6:00,0
PKV,TX_ASOS,11/24/2024 7:00,0
PKV,TX_ASOS,11/24/2024 8:00,0
PKV,TX_ASOS,11/24/2024 9:00,0
PKV,TX_ASOS,11/24/2024 10:00,0
PKV,TX_ASOS,11/24/2024 11:00,0
PKV,TX_ASOS,11/24/2024 12:00,0
PKV,TX_ASOS,11/24/2024 13:00,0
PKV,TX_ASOS,11/24/2024 14:00,0
PKV,TX_ASOS,11/24/2024 15:00,0
PKV,TX_ASOS,11/24/2024 16:00,0
PKV,TX_ASOS,11/24/2024 17:00,0
PKV,TX_ASOS,11/24/2024 18:00,0
PKV,TX_ASOS,11/24/2024 19:00,0
PKV,TX_ASOS,11/24/2024 20:00,0
PKV,TX_ASOS,11/24/2024 21:00,0
PKV,TX_ASOS,11/24/2024 22:00,0
PKV,TX_ASOS,11/24/2024 23:00,0
PKV,TX_ASOS,11/25/2024 0:00,0
PKV,TX_ASOS,11/25/2024 1:00,0
PKV,TX_ASOS,11/25/2024 2:00,0
PKV,TX_ASOS,11/25/2024 3:00,0
PKV,TX_ASOS,11/25/2024 4:00,0
PKV,TX_ASOS,11/25/2024 5:00,0
PKV,TX_ASOS,11/25/2024 6:00,0
PKV,TX_ASOS,11/25/2024 7:00,0
PKV,TX_ASOS,11/25/2024 8:00,0
PKV,TX_ASOS,11/25/2024 9:00,0
PKV,TX_ASOS,11/25/2024 10:00,0
PKV,TX_ASOS,11/25/2024 11:00,0
PKV,TX_ASOS,11/25/2024 12:00,0
PKV,TX_ASOS,11/25/2024 13:00,0
PKV,TX_ASOS,11/25/2024 14:00,0
PKV,TX_ASOS,11/25/2024 15:00,0
PKV,TX_ASOS,11/25/2024 16:00,0
PKV,TX_ASOS,11/25/2024 17:00,0
PKV,TX_ASOS,11/25/2024 18:00,0
PKV,TX_ASOS,11/25/2024 19:00,0
PKV,TX_ASOS,11/25/2024 20:00,0
PKV,TX_ASOS,11/25/2024 21:00,0
PKV,TX_ASOS,11/25/2024 22:00,0
PKV,TX_ASOS,11/25/2024 23:00,0
PKV,TX_ASOS,11/26/2024 0:00,0
PKV,TX_ASOS,11/26/2024 1:00,0
PKV,TX_ASOS,11/26/2024 2:00,0
PKV,TX_ASOS,11/26/2024 3:00,0
PKV,TX_ASOS,11/26/2024 4:00,0
PKV,TX_ASOS,11/26/2024 5:00,0
PKV,TX_ASOS,11/26/2024 6:00,0
PKV,TX_ASOS,11/26/2024 7:00,0
PKV,TX_ASOS,11/26/2024 8:00,0
PKV,TX_ASOS,11/26/2024 9:00,0
PKV,TX_ASOS,11/26/2024 10:00,0
PKV,TX_ASOS,11/26/2024 11:00,0
PKV,TX_ASOS,11/26/2024 12:00,0
PKV,TX_ASOS,11/26/2024 13:00,0
PKV,TX_ASOS,11/26/2024 14:00,0
PKV,TX_ASOS,11/26/2024 15:00,0
PKV,TX_ASOS,11/26/2024 16:00,0
PKV,TX_ASOS,11/26/2024 17:00,0
PKV,TX_ASOS,11/26/2024 18:00,0
PKV,TX_ASOS,11/26/2024 19:00,0
PKV,TX_ASOS,11/26/2024 20:00,0
PKV,TX_ASOS,11/26/2024 21:00,0
PKV,TX_ASOS,11/26/2024 22:00,0
PKV,TX_ASOS,11/26/2024 23:00,0
PKV,TX_ASOS,11/27/2024 0:00,0
PKV,TX_ASOS,11/27/2024 1:00,0
PKV,TX_ASOS,11/27/2024 2:00,0
PKV,TX_ASOS,11/27/2024 3:00,0
PKV,TX_ASOS,11/27/2024 4:00,0
PKV,TX_ASOS,11/27/2024 5:00,0
PKV,TX_ASOS,11/27/2024 6:00,0
PKV,TX_ASOS,11/27/2024 7:00,0
PKV,TX_ASOS,11/27/2024 8:00,0
PKV,TX_ASOS,11/27/2024 9:00,0
PKV,TX_ASOS,11/27/2024 10:00,0
PKV,TX_ASOS,11/27/2024 11:00,0
PKV,TX_ASOS,11/27/2024 12:00,0
PKV,TX_ASOS,11/27/2024 13:00,0
PKV,TX_ASOS,11/27/2024 14:00,0
PKV,TX_ASOS,11/27/2024 15:00,0
PKV,TX_ASOS,11/27/2024 16:00,0
PKV,TX_ASOS,11/27/2024 17:00,0
PKV,TX_ASOS,11/27/2024 18:00,0
PKV,TX_ASOS,11/27/2024 19:00,0
PKV,TX_ASOS,11/27/2024 20:00,0
PKV,TX_ASOS,11/27/2024 21:00,0
PKV,TX_ASOS,11/27/2024 22:00,0
PKV,TX_ASOS,11/27/2024 23:00,0
PKV,TX_ASOS,11/28/2024 0:00,0
PKV,TX_ASOS,11/28/2024 1:00,0
PKV,TX_ASOS,11/28/2024 2:00,0
PKV,TX_ASOS,11/28/2024 3:00,0
PKV,TX_ASOS,11/28/2024 4:00,0
PKV,TX_ASOS,11/28/2024 5:00,0
PKV,TX_ASOS,11/28/2024 6:00,0
PKV,TX_ASOS,11/28/2024 7:00,0
PKV,TX_ASOS,11/28/2024 8:00,0
PKV,TX_ASOS,11/28/2024 9:00,0
PKV,TX_ASOS,11/28/2024 10:00,0
PKV,TX_ASOS,11/28/2024 11:00,0
PKV,TX_ASOS,11/28/2024 12:00,0
PKV,TX_ASOS,11/28/2024 13:00,0
PKV,TX_ASOS,11/28/2024 14:00,0
PKV,TX_ASOS,11/28/2024 15:00,0
PKV,TX_ASOS,11/28/2024 16:00,0
PKV,TX_ASOS,11/28/2024 17:00,0
PKV,TX_ASOS,11/28/2024 18:00,0
PKV,TX_ASOS,11/28/2024 19:00,0
PKV,TX_ASOS,11/28/2024 20:00,0
PKV,TX_ASOS,11/28/2024 21:00,0
PKV,TX_ASOS,11/28/2024 22:00,0
PKV,TX_ASOS,11/28/2024 23:00,0
PKV,TX_ASOS,11/29/2024 0:00,0
PKV,TX_ASOS,11/29/2024 1:00,0
PKV,TX_ASOS,11/29/2024 2:00,0
PKV,TX_ASOS,11/29/2024 3:00,0
PKV,TX_ASOS,11/29/2024 4:00,0
PKV,TX_ASOS,11/29/2024 5:00,0
PKV,TX_ASOS,11/29/2024 6:00,0
PKV,TX_ASOS,11/29/2024 7:00,0
PKV,TX_ASOS,11/29/2024 8:00,0
PKV,TX_ASOS,11/29/2024 9:00,0
PKV,TX_ASOS,11/29/2024 10:00,0
PKV,TX_ASOS,11/29/2024 11:00,0
PKV,TX_ASOS,11/29/2024 12:00,0
PKV,TX_ASOS,11/29/2024 13:00,0
PKV,TX_ASOS,11/29/2024 14:00,0
PKV,TX_ASOS,11/29/2024 15:00,0
PKV,TX_ASOS,11/29/2024 16:00,0
PKV,TX_ASOS,11/29/2024 19:00,0
PKV,TX_ASOS,11/29/2024 20:00,0
PKV,TX_ASOS,11/29/2024 21:00,0
PKV,TX_ASOS,11/29/2024 22:00,0
PKV,TX_ASOS,11/29/2024 23:00,0
PKV,TX_ASOS,11/30/2024 0:00,0
PKV,TX_ASOS,11/30/2024 1:00,0
PKV,TX_ASOS,11/30/2024 2:00,0
PKV,TX_ASOS,11/30/2024 3:00,0
PKV,TX_ASOS,11/30/2024 4:00,0
PKV,TX_ASOS,11/30/2024 5:00,0
PKV,TX_ASOS,11/30/2024 6:00,0
PKV,TX_ASOS,11/30/2024 7:00,0
PKV,TX_ASOS,11/30/2024 8:00,0
PKV,TX_ASOS,11/30/2024 9:00,0
PKV,TX_ASOS,11/30/2024 10:00,0
PKV,TX_ASOS,11/30/2024 11:00,0
PKV,TX_ASOS,11/30/2024 12:00,0
PKV,TX_ASOS,11/30/2024 13:00,0
PKV,TX_ASOS,11/30/2024 14:00,0
PKV,TX_ASOS,11/30/2024 15:00,0
PKV,TX_ASOS,11/30/2024 16:00,0
PKV,TX_ASOS,11/30/2024 17:00,0
PKV,TX_ASOS,11/30/2024 18:00,0
PKV,TX_ASOS,11/30/2024 19:00,0
PKV,TX_ASOS,11/30/2024 20:00,0
PKV,TX_ASOS,11/30/2024 21:00,0
PKV,TX_ASOS,11/30/2024 22:00,0
PKV,TX_ASOS,11/30/2024 23:00,0
PKV,TX_ASOS,12/1/2024 0:00,0
PKV,TX_ASOS,12/1/2024 1:00,0
PKV,TX_ASOS,12/1/2024 2:00,0
PKV,TX_ASOS,12/1/2024 3:00,0
PKV,TX_ASOS,12/1/2024 4:00,0
PKV,TX_ASOS,12/1/2024 5:00,0
PKV,TX_ASOS,12/1/2024 6:00,0
PKV,TX_ASOS,12/1/2024 7:00,0
PKV,TX_ASOS,12/1/2024 8:00,0
PKV,TX_ASOS,12/1/2024 9:00,0
PKV,TX_ASOS,12/1/2024 10:00,0
PKV,TX_ASOS,12/1/2024 11:00,0
PKV,TX_ASOS,12/1/2024 12:00,0
PKV,TX_ASOS,12/1/2024 13:00,0
PKV,TX_ASOS,12/1/2024 14:00,0
PKV,TX_ASOS,12/1/2024 15:00,0
PKV,TX_ASOS,12/1/2024 16:00,0
PKV,TX_ASOS,12/1/2024 17:00,0
PKV,TX_ASOS,12/1/2024 18:00,0
PKV,TX_ASOS,12/1/2024 19:00,0
PKV,TX_ASOS,12/1/2024 20:00,0
PKV,TX_ASOS,12/1/2024 21:00,0
PKV,TX_ASOS,12/1/2024 22:00,0
PKV,TX_ASOS,12/1/2024 23:00,0
PKV,TX_ASOS,12/2/2024 0:00,0
PKV,TX_ASOS,12/2/2024 1:00,0
PKV,TX_ASOS,12/2/2024 2:00,0
PKV,TX_ASOS,12/2/2024 3:00,0
PKV,TX_ASOS,12/2/2024 4:00,0
PKV,TX_ASOS,12/2/2024 5:00,0
PKV,TX_ASOS,12/2/2024 6:00,0
PKV,TX_ASOS,12/2/2024 7:00,0
PKV,TX_ASOS,12/2/2024 8:00,0
PKV,TX_ASOS,12/2/2024 9:00,0
PKV,TX_ASOS,12/2/2024 10:00,0
PKV,TX_ASOS,12/2/2024 11:00,0
PKV,TX_ASOS,12/2/2024 12:00,0
PKV,TX_ASOS,12/2/2024 13:00,0
PKV,TX_ASOS,12/2/2024 14:00,0
PKV,TX_ASOS,12/2/2024 15:00,0
PKV,TX_ASOS,12/2/2024 16:00,0
PKV,TX_ASOS,12/2/2024 17:00,0
PKV,TX_ASOS,12/2/2024 18:00,0
PKV,TX_ASOS,12/2/2024 19:00,0
PKV,TX_ASOS,12/2/2024 20:00,0
PKV,TX_ASOS,12/2/2024 21:00,0
PKV,TX_ASOS,12/2/2024 22:00,0
PKV,TX_ASOS,12/2/2024 23:00,0
PKV,TX_ASOS,12/3/2024 0:00,0
PKV,TX_ASOS,12/3/2024 1:00,0
PKV,TX_ASOS,12/3/2024 2:00,0
PKV,TX_ASOS,12/3/2024 3:00,0
PKV,TX_ASOS,12/3/2024 4:00,0
PKV,TX_ASOS,12/3/2024 5:00,0
PKV,TX_ASOS,12/3/2024 6:00,0
PKV,TX_ASOS,12/3/2024 7:00,0
PKV,TX_ASOS,12/3/2024 8:00,0
PKV,TX_ASOS,12/3/2024 9:00,0
PKV,TX_ASOS,12/3/2024 10:00,0
PKV,TX_ASOS,12/3/2024 11:00,0
PKV,TX_ASOS,12/3/2024 12:00,0
PKV,TX_ASOS,12/3/2024 13:00,0
PKV,TX_ASOS,12/3/2024 14:00,0
PKV,TX_ASOS,12/3/2024 15:00,0
PKV,TX_ASOS,12/3/2024 16:00,0
PKV,TX_ASOS,12/3/2024 17:00,0
PKV,TX_ASOS,12/3/2024 18:00,0
PKV,TX_ASOS,12/3/2024 19:00,0
PKV,TX_ASOS,12/3/2024 20:00,0
PKV,TX_ASOS,12/3/2024 21:00,0
PKV,TX_ASOS,12/3/2024 22:00,0
PKV,TX_ASOS,12/3/2024 23:00,0
PKV,TX_ASOS,12/4/2024 0:00,0
PKV,TX_ASOS,12/4/2024 1:00,0
PKV,TX_ASOS,12/4/2024 2:00,0
PKV,TX_ASOS,12/4/2024 3:00,0
PKV,TX_ASOS,12/4/2024 4:00,0
PKV,TX_ASOS,12/4/2024 5:00,0
PKV,TX_ASOS,12/4/2024 6:00,0.01
PKV,TX_ASOS,12/4/2024 7:00,0.09
PKV,TX_ASOS,12/4/2024 8:00,0
PKV,TX_ASOS,12/4/2024 9:00,0
PKV,TX_ASOS,12/4/2024 10:00,0
PKV,TX_ASOS,12/4/2024 11:00,0
PKV,TX_ASOS,12/4/2024 12:00,0.02
PKV,TX_ASOS,12/4/2024 13:00,0
PKV,TX_ASOS,12/4/2024 14:00,0
PKV,TX_ASOS,12/4/2024 15:00,0
PKV,TX_ASOS,12/4/2024 16:00,0
PKV,TX_ASOS,12/4/2024 17:00,0
PKV,TX_ASOS,12/4/2024 18:00,0
PKV,TX_ASOS,12/4/2024 19:00,0
PKV,TX_ASOS,12/4/2024 20:00,0
PKV,TX_ASOS,12/4/2024 21:00,0
PKV,TX_ASOS,12/4/2024 22:00,0
PKV,TX_ASOS,12/4/2024 23:00,0
PKV,TX_ASOS,12/5/2024 0:00,0
PKV,TX_ASOS,12/5/2024 1:00,0
PKV,TX_ASOS,12/5/2024 2:00,0
PKV,TX_ASOS,12/5/2024 3:00,0
PKV,TX_ASOS,12/5/2024 4:00,0
PKV,TX_ASOS,12/5/2024 5:00,0
PKV,TX_ASOS,12/5/2024 6:00,0
PKV,TX_ASOS,12/5/2024 7:00,0
PKV,TX_ASOS,12/5/2024 8:00,0
PKV,TX_ASOS,12/5/2024 9:00,0
PKV,TX_ASOS,12/5/2024 10:00,0
PKV,TX_ASOS,12/5/2024 11:00,0
PKV,TX_ASOS,12/5/2024 12:00,0
PKV,TX_ASOS,12/5/2024 13:00,0
PKV,TX_ASOS,12/5/2024 14:00,0
PKV,TX_ASOS,12/5/2024 15:00,0.02
PKV,TX_ASOS,12/5/2024 16:00,0.01
PKV,TX_ASOS,12/5/2024 17:00,0
PKV,TX_ASOS,12/5/2024 18:00,0
PKV,TX_ASOS,12/5/2024 19:00,0
PKV,TX_ASOS,12/5/2024 20:00,0
PKV,TX_ASOS,12/5/2024 21:00,0
PKV,TX_ASOS,12/5/2024 22:00,0
PKV,TX_ASOS,12/5/2024 23:00,0
PKV,TX_ASOS,12/6/2024 0:00,0
PKV,TX_ASOS,12/6/2024 1:00,0
PKV,TX_ASOS,12/6/2024 2:00,0
PKV,TX_ASOS,12/6/2024 3:00,0
PKV,TX_ASOS,12/6/2024 4:00,0
PKV,TX_ASOS,12/6/2024 5:00,0
PKV,TX_ASOS,12/6/2024 6:00,0
PKV,TX_ASOS,12/6/2024 7:00,0
PKV,TX_ASOS,12/6/2024 8:00,0
PKV,TX_ASOS,12/6/2024 9:00,0
PKV,TX_ASOS,12/6/2024 10:00,0
PKV,TX_ASOS,12/6/2024 11:00,0
PKV,TX_ASOS,12/6/2024 12:00,0
PKV,TX_ASOS,12/6/2024 13:00,0
PKV,TX_ASOS,12/6/2024 14:00,0
PKV,TX_ASOS,12/6/2024 15:00,0
PKV,TX_ASOS,12/6/2024 16:00,0
PKV,TX_ASOS,12/6/2024 17:00,0
PKV,TX_ASOS,12/6/2024 18:00,0
PKV,TX_ASOS,12/6/2024 19:00,0
PKV,TX_ASOS,12/6/2024 20:00,0
PKV,TX_ASOS,12/6/2024 21:00,0
PKV,TX_ASOS,12/6/2024 22:00,0
PKV,TX_ASOS,12/6/2024 23:00,0
PKV,TX_ASOS,12/7/2024 0:00,0
PKV,TX_ASOS,12/7/2024 1:00,0
PKV,TX_ASOS,12/7/2024 2:00,0
PKV,TX_ASOS,12/7/2024 3:00,0
PKV,TX_ASOS,12/7/2024 4:00,0
PKV,TX_ASOS,12/7/2024 5:00,0
PKV,TX_ASOS,12/7/2024 6:00,0
PKV,TX_ASOS,12/7/2024 7:00,0
PKV,TX_ASOS,12/7/2024 8:00,0
PKV,TX_ASOS,12/7/2024 9:00,0
PKV,TX_ASOS,12/7/2024 10:00,0
PKV,TX_ASOS,12/7/2024 11:00,0
PKV,TX_ASOS,12/7/2024 12:00,0
PKV,TX_ASOS,12/7/2024 13:00,0
PKV,TX_ASOS,12/7/2024 14:00,0
PKV,TX_ASOS,12/7/2024 15:00,0
PKV,TX_ASOS,12/7/2024 16:00,0
PKV,TX_ASOS,12/7/2024 17:00,0
PKV,TX_ASOS,12/7/2024 18:00,0
PKV,TX_ASOS,12/7/2024 19:00,0
PKV,TX_ASOS,12/7/2024 20:00,0
PKV,TX_ASOS,12/7/2024 21:00,0
PKV,TX_ASOS,12/7/2024 22:00,0
PKV,TX_ASOS,12/7/2024 23:00,0
PKV,TX_ASOS,12/8/2024 0:00,0
PKV,TX_ASOS,12/8/2024 1:00,0
PKV,TX_ASOS,12/8/2024 2:00,0
PKV,TX_ASOS,12/8/2024 3:00,0.01
PKV,TX_ASOS,12/8/2024 4:00,0.01
PKV,TX_ASOS,12/8/2024 5:00,0.02
PKV,TX_ASOS,12/8/2024 6:00,0
PKV,TX_ASOS,12/8/2024 7:00,0
PKV,TX_ASOS,12/8/2024 8:00,0.02
PKV,TX_ASOS,12/8/2024 9:00,0.01
PKV,TX_ASOS,12/8/2024 10:00,0.02
PKV,TX_ASOS,12/8/2024 11:00,0.01
PKV,TX_ASOS,12/8/2024 12:00,0
PKV,TX_ASOS,12/8/2024 13:00,0
PKV,TX_ASOS,12/8/2024 14:00,0
PKV,TX_ASOS,12/8/2024 15:00,0.01
PKV,TX_ASOS,12/8/2024 16:00,0
PKV,TX_ASOS,12/8/2024 17:00,0
PKV,TX_ASOS,12/8/2024 18:00,0
PKV,TX_ASOS,12/8/2024 19:00,0
PKV,TX_ASOS,12/8/2024 20:00,0
PKV,TX_ASOS,12/8/2024 21:00,0
PKV,TX_ASOS,12/8/2024 22:00,0
PKV,TX_ASOS,12/8/2024 23:00,0
PKV,TX_ASOS,12/9/2024 0:00,0
PKV,TX_ASOS,12/9/2024 1:00,0
PKV,TX_ASOS,12/9/2024 2:00,0
PKV,TX_ASOS,12/9/2024 3:00,0
PKV,TX_ASOS,12/9/2024 4:00,0
PKV,TX_ASOS,12/9/2024 5:00,0
PKV,TX_ASOS,12/9/2024 6:00,0
PKV,TX_ASOS,12/9/2024 7:00,0
PKV,TX_ASOS,12/9/2024 8:00,0
PKV,TX_ASOS,12/9/2024 9:00,0
PKV,TX_ASOS,12/9/2024 10:00,0
PKV,TX_ASOS,12/9/2024 11:00,0.01
PKV,TX_ASOS,12/9/2024 12:00,0
PKV,TX_ASOS,12/9/2024 13:00,0
PKV,TX_ASOS,12/9/2024 14:00,0
PKV,TX_ASOS,12/9/2024 15:00,0
PKV,TX_ASOS,12/9/2024 16:00,0
PKV,TX_ASOS,12/9/2024 17:00,0
PKV,TX_ASOS,12/9/2024 18:00,0
PKV,TX_ASOS,12/9/2024 19:00,0
PKV,TX_ASOS,12/9/2024 20:00,0
PKV,TX_ASOS,12/9/2024 21:00,0
PKV,TX_ASOS,12/9/2024 22:00,0
PKV,TX_ASOS,12/9/2024 23:00,0
PKV,TX_ASOS,12/10/2024 0:00,0
PKV,TX_ASOS,12/10/2024 1:00,0
PKV,TX_ASOS,12/10/2024 2:00,0
PKV,TX_ASOS,12/10/2024 3:00,0
PKV,TX_ASOS,12/10/2024 4:00,0
PKV,TX_ASOS,12/10/2024 5:00,0
PKV,TX_ASOS,12/10/2024 6:00,0
PKV,TX_ASOS,12/10/2024 7:00,0
PKV,TX_ASOS,12/10/2024 8:00,0
PKV,TX_ASOS,12/10/2024 9:00,0
PKV,TX_ASOS,12/10/2024 10:00,0
PKV,TX_ASOS,12/10/2024 11:00,0
PKV,TX_ASOS,12/10/2024 12:00,0
PKV,TX_ASOS,12/10/2024 13:00,0
PKV,TX_ASOS,12/10/2024 14:00,0
PKV,TX_ASOS,12/10/2024 15:00,0
PKV,TX_ASOS,12/10/2024 16:00,0
PKV,TX_ASOS,12/10/2024 17:00,0
PKV,TX_ASOS,12/10/2024 18:00,0
PKV,TX_ASOS,12/10/2024 19:00,0
PKV,TX_ASOS,12/10/2024 20:00,0
PKV,TX_ASOS,12/10/2024 21:00,0
PKV,TX_ASOS,12/10/2024 22:00,0
PKV,TX_ASOS,12/10/2024 23:00,0
PKV,TX_ASOS,12/11/2024 0:00,0
PKV,TX_ASOS,12/11/2024 1:00,0
PKV,TX_ASOS,12/11/2024 2:00,0
PKV,TX_ASOS,12/11/2024 3:00,0
PKV,TX_ASOS,12/11/2024 4:00,0
PKV,TX_ASOS,12/11/2024 5:00,0
PKV,TX_ASOS,12/11/2024 6:00,0
PKV,TX_ASOS,12/11/2024 7:00,0
PKV,TX_ASOS,12/11/2024 8:00,0
PKV,TX_ASOS,12/11/2024 9:00,0
PKV,TX_ASOS,12/11/2024 10:00,0
PKV,TX_ASOS,12/11/2024 11:00,0
PKV,TX_ASOS,12/11/2024 12:00,0
PKV,TX_ASOS,12/11/2024 13:00,0
PKV,TX_ASOS,12/11/2024 14:00,0
PKV,TX_ASOS,12/11/2024 15:00,0
PKV,TX_ASOS,12/11/2024 16:00,0
PKV,TX_ASOS,12/11/2024 17:00,0
PKV,TX_ASOS,12/11/2024 18:00,0
PKV,TX_ASOS,12/11/2024 19:00,0
PKV,TX_ASOS,12/11/2024 20:00,0
PKV,TX_ASOS,12/11/2024 21:00,0
PKV,TX_ASOS,12/11/2024 22:00,0
PKV,TX_ASOS,12/11/2024 23:00,0
PKV,TX_ASOS,12/12/2024 0:00,0
PKV,TX_ASOS,12/12/2024 1:00,0
PKV,TX_ASOS,12/12/2024 2:00,0
PKV,TX_ASOS,12/12/2024 3:00,0
PKV,TX_ASOS,12/12/2024 4:00,0
PKV,TX_ASOS,12/12/2024 5:00,0
PKV,TX_ASOS,12/12/2024 6:00,0
PKV,TX_ASOS,12/12/2024 7:00,0
PKV,TX_ASOS,12/12/2024 8:00,0
PKV,TX_ASOS,12/12/2024 9:00,0
PKV,TX_ASOS,12/12/2024 10:00,0
PKV,TX_ASOS,12/12/2024 11:00,0
PKV,TX_ASOS,12/12/2024 12:00,0
PKV,TX_ASOS,12/12/2024 13:00,0
PKV,TX_ASOS,12/12/2024 14:00,0
PKV,TX_ASOS,12/12/2024 15:00,0
PKV,TX_ASOS,12/12/2024 16:00,0
PKV,TX_ASOS,12/12/2024 17:00,0
PKV,TX_ASOS,12/12/2024 18:00,0
PKV,TX_ASOS,12/12/2024 19:00,0
PKV,TX_ASOS,12/12/2024 20:00,0
PKV,TX_ASOS,12/12/2024 21:00,0
PKV,TX_ASOS,12/12/2024 22:00,0
PKV,TX_ASOS,12/12/2024 23:00,0
PKV,TX_ASOS,12/13/2024 0:00,0.01
PKV,TX_ASOS,12/13/2024 1:00,0
PKV,TX_ASOS,12/13/2024 2:00,0
PKV,TX_ASOS,12/13/2024 3:00,0
PKV,TX_ASOS,12/13/2024 4:00,0
PKV,TX_ASOS,12/13/2024 5:00,0.03
PKV,TX_ASOS,12/13/2024 6:00,0
PKV,TX_ASOS,12/13/2024 7:00,0
PKV,TX_ASOS,12/13/2024 8:00,0
PKV,TX_ASOS,12/13/2024 9:00,0
PKV,TX_ASOS,12/13/2024 10:00,0
PKV,TX_ASOS,12/13/2024 11:00,0
PKV,TX_ASOS,12/13/2024 12:00,0
PKV,TX_ASOS,12/13/2024 13:00,0
PKV,TX_ASOS,12/13/2024 14:00,0
PKV,TX_ASOS,12/13/2024 15:00,0
PKV,TX_ASOS,12/13/2024 16:00,0
PKV,TX_ASOS,12/13/2024 17:00,0
PKV,TX_ASOS,12/13/2024 18:00,0
PKV,TX_ASOS,12/13/2024 19:00,0
PKV,TX_ASOS,12/13/2024 20:00,0
PKV,TX_ASOS,12/13/2024 21:00,0.01
PKV,TX_ASOS,12/13/2024 22:00,0
PKV,TX_ASOS,12/13/2024 23:00,0.04
PKV,TX_ASOS,12/14/2024 0:00,0
PKV,TX_ASOS,12/14/2024 1:00,0
PKV,TX_ASOS,12/14/2024 2:00,0
PKV,TX_ASOS,12/14/2024 3:00,0
PKV,TX_ASOS,12/14/2024 4:00,0.01
PKV,TX_ASOS,12/14/2024 5:00,0
PKV,TX_ASOS,12/14/2024 6:00,0
PKV,TX_ASOS,12/14/2024 7:00,0
PKV,TX_ASOS,12/14/2024 8:00,0
PKV,TX_ASOS,12/14/2024 9:00,0
PKV,TX_ASOS,12/14/2024 10:00,0
PKV,TX_ASOS,12/14/2024 11:00,0
PKV,TX_ASOS,12/14/2024 12:00,0
PKV,TX_ASOS,12/14/2024 13:00,0
PKV,TX_ASOS,12/14/2024 14:00,0
PKV,TX_ASOS,12/14/2024 15:00,0
PKV,TX_ASOS,12/14/2024 16:00,0
PKV,TX_ASOS,12/14/2024 17:00,0
PKV,TX_ASOS,12/14/2024 18:00,0
PKV,TX_ASOS,12/14/2024 19:00,0
PKV,TX_ASOS,12/14/2024 20:00,0
PKV,TX_ASOS,12/14/2024 21:00,0
PKV,TX_ASOS,12/14/2024 22:00,0
PKV,TX_ASOS,12/14/2024 23:00,0
PKV,TX_ASOS,12/15/2024 0:00,0
PKV,TX_ASOS,12/15/2024 1:00,0
PKV,TX_ASOS,12/15/2024 2:00,0
PKV,TX_ASOS,12/15/2024 3:00,0
PKV,TX_ASOS,12/15/2024 4:00,0
PKV,TX_ASOS,12/15/2024 5:00,0
PKV,TX_ASOS,12/15/2024 6:00,0
PKV,TX_ASOS,12/15/2024 7:00,0
PKV,TX_ASOS,12/15/2024 8:00,0
PKV,TX_ASOS,12/15/2024 9:00,0
PKV,TX_ASOS,12/15/2024 10:00,0
PKV,TX_ASOS,12/15/2024 11:00,0
PKV,TX_ASOS,12/15/2024 12:00,0
PKV,TX_ASOS,12/15/2024 13:00,0
PKV,TX_ASOS,12/15/2024 14:00,0
PKV,TX_ASOS,12/15/2024 15:00,0
PKV,TX_ASOS,12/15/2024 16:00,0
PKV,TX_ASOS,12/15/2024 17:00,0
PKV,TX_ASOS,12/15/2024 18:00,0
PKV,TX_ASOS,12/15/2024 19:00,0
PKV,TX_ASOS,12/15/2024 20:00,0
PKV,TX_ASOS,12/15/2024 21:00,0
PKV,TX_ASOS,12/15/2024 22:00,0
PKV,TX_ASOS,12/15/2024 23:00,0
PKV,TX_ASOS,12/16/2024 0:00,0
PKV,TX_ASOS,12/16/2024 1:00,0
PKV,TX_ASOS,12/16/2024 2:00,0
PKV,TX_ASOS,12/16/2024 3:00,0
PKV,TX_ASOS,12/16/2024 4:00,0
PKV,TX_ASOS,12/16/2024 5:00,0
PKV,TX_ASOS,12/16/2024 6:00,0
PKV,TX_ASOS,12/16/2024 7:00,0
PKV,TX_ASOS,12/16/2024 8:00,0
PKV,TX_ASOS,12/16/2024 9:00,0
PKV,TX_ASOS,12/16/2024 10:00,0
PKV,TX_ASOS,12/16/2024 11:00,0
PKV,TX_ASOS,12/16/2024 12:00,0
PKV,TX_ASOS,12/16/2024 13:00,0
PKV,TX_ASOS,12/16/2024 14:00,0
PKV,TX_ASOS,12/16/2024 15:00,0
PKV,TX_ASOS,12/16/2024 16:00,0
PKV,TX_ASOS,12/16/2024 17:00,0
PKV,TX_ASOS,12/16/2024 18:00,0
PKV,TX_ASOS,12/16/2024 19:00,0
PKV,TX_ASOS,12/16/2024 20:00,0
PKV,TX_ASOS,12/16/2024 21:00,0
PKV,TX_ASOS,12/16/2024 22:00,0
PKV,TX_ASOS,12/16/2024 23:00,0
PKV,TX_ASOS,12/17/2024 0:00,0
PKV,TX_ASOS,12/17/2024 1:00,0
PKV,TX_ASOS,12/17/2024 2:00,0
PKV,TX_ASOS,12/17/2024 3:00,0
PKV,TX_ASOS,12/17/2024 4:00,0
PKV,TX_ASOS,12/17/2024 5:00,0
PKV,TX_ASOS,12/17/2024 6:00,0
PKV,TX_ASOS,12/17/2024 7:00,0
PKV,TX_ASOS,12/17/2024 8:00,0
PKV,TX_ASOS,12/17/2024 9:00,0
PKV,TX_ASOS,12/17/2024 10:00,0
PKV,TX_ASOS,12/17/2024 11:00,0
PKV,TX_ASOS,12/17/2024 12:00,0
PKV,TX_ASOS,12/17/2024 13:00,0
PKV,TX_ASOS,12/17/2024 14:00,0
PKV,TX_ASOS,12/17/2024 15:00,0
PKV,TX_ASOS,12/17/2024 16:00,0
PKV,TX_ASOS,12/17/2024 17:00,0
PKV,TX_ASOS,12/17/2024 18:00,0
PKV,TX_ASOS,12/17/2024 19:00,0
PKV,TX_ASOS,12/17/2024 20:00,0
PKV,TX_ASOS,12/17/2024 21:00,0
PKV,TX_ASOS,12/17/2024 22:00,0
PKV,TX_ASOS,12/17/2024 23:00,0
PKV,TX_ASOS,12/18/2024 0:00,0
PKV,TX_ASOS,12/18/2024 1:00,0
PKV,TX_ASOS,12/18/2024 2:00,0
PKV,TX_ASOS,12/18/2024 3:00,0
PKV,TX_ASOS,12/18/2024 4:00,0
PKV,TX_ASOS,12/18/2024 5:00,0
PKV,TX_ASOS,12/18/2024 6:00,0
PKV,TX_ASOS,12/18/2024 7:00,0
PKV,TX_ASOS,12/18/2024 8:00,0
PKV,TX_ASOS,12/18/2024 9:00,0
PKV,TX_ASOS,12/18/2024 10:00,0
PKV,TX_ASOS,12/18/2024 11:00,0
PKV,TX_ASOS,12/18/2024 12:00,0
PKV,TX_ASOS,12/18/2024 13:00,0
PKV,TX_ASOS,12/18/2024 14:00,0
PKV,TX_ASOS,12/18/2024 15:00,0
PKV,TX_ASOS,12/18/2024 16:00,0
PKV,TX_ASOS,12/18/2024 17:00,0
PKV,TX_ASOS,12/18/2024 18:00,0
PKV,TX_ASOS,12/18/2024 19:00,0
PKV,TX_ASOS,12/18/2024 20:00,0
PKV,TX_ASOS,12/18/2024 21:00,0
PKV,TX_ASOS,12/18/2024 22:00,0
PKV,TX_ASOS,12/18/2024 23:00,0
PKV,TX_ASOS,12/19/2024 0:00,0
PKV,TX_ASOS,12/19/2024 1:00,0
PKV,TX_ASOS,12/19/2024 2:00,0
PKV,TX_ASOS,12/19/2024 3:00,0
PKV,TX_ASOS,12/19/2024 4:00,0
PKV,TX_ASOS,12/19/2024 5:00,0
PKV,TX_ASOS,12/19/2024 6:00,0
PKV,TX_ASOS,12/19/2024 7:00,0
PKV,TX_ASOS,12/19/2024 8:00,0
PKV,TX_ASOS,12/19/2024 9:00,0
PKV,TX_ASOS,12/19/2024 10:00,0
PKV,TX_ASOS,12/19/2024 11:00,0
PKV,TX_ASOS,12/19/2024 12:00,0
PKV,TX_ASOS,12/19/2024 13:00,0
PKV,TX_ASOS,12/19/2024 14:00,0
PKV,TX_ASOS,12/19/2024 15:00,0
PKV,TX_ASOS,12/19/2024 16:00,0
PKV,TX_ASOS,12/19/2024 17:00,0
PKV,TX_ASOS,12/19/2024 18:00,0
PKV,TX_ASOS,12/19/2024 19:00,0
PKV,TX_ASOS,12/19/2024 20:00,0
PKV,TX_ASOS,12/19/2024 21:00,0
PKV,TX_ASOS,12/19/2024 22:00,0
PKV,TX_ASOS,12/19/2024 23:00,0
PKV,TX_ASOS,12/20/2024 0:00,0
PKV,TX_ASOS,12/20/2024 1:00,0
PKV,TX_ASOS,12/20/2024 2:00,0
PKV,TX_ASOS,12/20/2024 3:00,0
PKV,TX_ASOS,12/20/2024 4:00,0
PKV,TX_ASOS,12/20/2024 5:00,0
PKV,TX_ASOS,12/20/2024 6:00,0
PKV,TX_ASOS,12/20/2024 7:00,0
PKV,TX_ASOS,12/20/2024 8:00,0
PKV,TX_ASOS,12/20/2024 9:00,0
PKV,TX_ASOS,12/20/2024 10:00,0
PKV,TX_ASOS,12/20/2024 11:00,0
PKV,TX_ASOS,12/20/2024 12:00,0
PKV,TX_ASOS,12/20/2024 13:00,0
PKV,TX_ASOS,12/20/2024 14:00,0
PKV,TX_ASOS,12/20/2024 15:00,0
PKV,TX_ASOS,12/20/2024 16:00,0
PKV,TX_ASOS,12/20/2024 17:00,0
PKV,TX_ASOS,12/20/2024 18:00,0
PKV,TX_ASOS,12/20/2024 19:00,0
PKV,TX_ASOS,12/20/2024 20:00,0
PKV,TX_ASOS,12/20/2024 21:00,0
PKV,TX_ASOS,12/20/2024 22:00,0
PKV,TX_ASOS,12/20/2024 23:00,0
PKV,TX_ASOS,12/21/2024 0:00,0
PKV,TX_ASOS,12/21/2024 1:00,0
PKV,TX_ASOS,12/21/2024 2:00,0
PKV,TX_ASOS,12/21/2024 3:00,0
PKV,TX_ASOS,12/21/2024 4:00,0
PKV,TX_ASOS,12/21/2024 5:00,0
PKV,TX_ASOS,12/21/2024 6:00,0
PKV,TX_ASOS,12/21/2024 7:00,0
PKV,TX_ASOS,12/21/2024 8:00,0
PKV,TX_ASOS,12/21/2024 9:00,0
PKV,TX_ASOS,12/21/2024 10:00,0
PKV,TX_ASOS,12/21/2024 11:00,0
PKV,TX_ASOS,12/21/2024 12:00,0
PKV,TX_ASOS,12/21/2024 13:00,0
PKV,TX_ASOS,12/21/2024 14:00,0
PKV,TX_ASOS,12/21/2024 15:00,0
PKV,TX_ASOS,12/21/2024 16:00,0
PKV,TX_ASOS,12/21/2024 17:00,0
PKV,TX_ASOS,12/21/2024 18:00,0
PKV,TX_ASOS,12/21/2024 19:00,0
PKV,TX_ASOS,12/21/2024 20:00,0
PKV,TX_ASOS,12/21/2024 21:00,0
PKV,TX_ASOS,12/21/2024 22:00,0
PKV,TX_ASOS,12/21/2024 23:00,0
PKV,TX_ASOS,12/22/2024 0:00,0
PKV,TX_ASOS,12/22/2024 1:00,0
PKV,TX_ASOS,12/22/2024 2:00,0
PKV,TX_ASOS,12/22/2024 3:00,0
PKV,TX_ASOS,12/22/2024 4:00,0
PKV,TX_ASOS,12/22/2024 5:00,0
PKV,TX_ASOS,12/22/2024 6:00,0
PKV,TX_ASOS,12/22/2024 7:00,0
PKV,TX_ASOS,12/22/2024 8:00,0
PKV,TX_ASOS,12/22/2024 9:00,0
PKV,TX_ASOS,12/22/2024 10:00,0
PKV,TX_ASOS,12/22/2024 11:00,0
PKV,TX_ASOS,12/22/2024 12:00,0
PKV,TX_ASOS,12/22/2024 13:00,0
PKV,TX_ASOS,12/22/2024 14:00,0
PKV,TX_ASOS,12/22/2024 15:00,0
PKV,TX_ASOS,12/22/2024 16:00,0
PKV,TX_ASOS,12/22/2024 17:00,0
PKV,TX_ASOS,12/22/2024 18:00,0
PKV,TX_ASOS,12/22/2024 19:00,0
PKV,TX_ASOS,12/22/2024 20:00,0
PKV,TX_ASOS,12/22/2024 21:00,0
PKV,TX_ASOS,12/22/2024 22:00,0
PKV,TX_ASOS,12/22/2024 23:00,0
PKV,TX_ASOS,12/23/2024 0:00,0
PKV,TX_ASOS,12/23/2024 1:00,0
PKV,TX_ASOS,12/23/2024 2:00,0
PKV,TX_ASOS,12/23/2024 3:00,0
PKV,TX_ASOS,12/23/2024 4:00,0
PKV,TX_ASOS,12/23/2024 5:00,0
PKV,TX_ASOS,12/23/2024 6:00,0
PKV,TX_ASOS,12/23/2024 7:00,0
PKV,TX_ASOS,12/23/2024 8:00,0
PKV,TX_ASOS,12/23/2024 9:00,0
PKV,TX_ASOS,12/23/2024 10:00,0.01
PKV,TX_ASOS,12/23/2024 11:00,0
PKV,TX_ASOS,12/23/2024 12:00,0
PKV,TX_ASOS,12/23/2024 13:00,0
PKV,TX_ASOS,12/23/2024 14:00,0
PKV,TX_ASOS,12/23/2024 15:00,0
PKV,TX_ASOS,12/23/2024 16:00,0
PKV,TX_ASOS,12/23/2024 17:00,0
PKV,TX_ASOS,12/23/2024 18:00,0
PKV,TX_ASOS,12/23/2024 19:00,0
PKV,TX_ASOS,12/23/2024 20:00,0
PKV,TX_ASOS,12/23/2024 21:00,0
PKV,TX_ASOS,12/23/2024 22:00,0
PKV,TX_ASOS,12/23/2024 23:00,0
PKV,TX_ASOS,12/24/2024 0:00,0
PKV,TX_ASOS,12/24/2024 1:00,0
PKV,TX_ASOS,12/24/2024 2:00,0
PKV,TX_ASOS,12/24/2024 3:00,0
PKV,TX_ASOS,12/24/2024 4:00,0
PKV,TX_ASOS,12/24/2024 5:00,0
PKV,TX_ASOS,12/24/2024 6:00,0
PKV,TX_ASOS,12/24/2024 7:00,0
PKV,TX_ASOS,12/24/2024 8:00,0
PKV,TX_ASOS,12/24/2024 9:00,0
PKV,TX_ASOS,12/24/2024 10:00,0
PKV,TX_ASOS,12/24/2024 11:00,0
PKV,TX_ASOS,12/24/2024 12:00,0
PKV,TX_ASOS,12/24/2024 13:00,0
PKV,TX_ASOS,12/24/2024 14:00,0
PKV,TX_ASOS,12/24/2024 15:00,0
PKV,TX_ASOS,12/24/2024 16:00,0
PKV,TX_ASOS,12/24/2024 17:00,0
PKV,TX_ASOS,12/24/2024 18:00,0
PKV,TX_ASOS,12/24/2024 19:00,0
PKV,TX_ASOS,12/24/2024 20:00,0
PKV,TX_ASOS,12/24/2024 21:00,0
PKV,TX_ASOS,12/24/2024 22:00,0
PKV,TX_ASOS,12/24/2024 23:00,0
PKV,TX_ASOS,12/25/2024 0:00,0
PKV,TX_ASOS,12/25/2024 1:00,0
PKV,TX_ASOS,12/25/2024 2:00,0.11
PKV,TX_ASOS,12/25/2024 3:00,0.83
PKV,TX_ASOS,12/25/2024 4:00,0.07
PKV,TX_ASOS,12/25/2024 5:00,0.16
PKV,TX_ASOS,12/25/2024 6:00,0.08
PKV,TX_ASOS,12/25/2024 7:00,0.05
PKV,TX_ASOS,12/25/2024 8:00,0
PKV,TX_ASOS,12/25/2024 9:00,0
PKV,TX_ASOS,12/25/2024 10:00,0
PKV,TX_ASOS,12/25/2024 11:00,0
PKV,TX_ASOS,12/25/2024 12:00,0
PKV,TX_ASOS,12/25/2024 13:00,0
PKV,TX_ASOS,12/25/2024 14:00,0
PKV,TX_ASOS,12/25/2024 15:00,0
PKV,TX_ASOS,12/25/2024 16:00,0
PKV,TX_ASOS,12/25/2024 17:00,0
PKV,TX_ASOS,12/25/2024 18:00,0
PKV,TX_ASOS,12/25/2024 19:00,0
PKV,TX_ASOS,12/25/2024 20:00,0
PKV,TX_ASOS,12/25/2024 21:00,0
PKV,TX_ASOS,12/25/2024 22:00,0
PKV,TX_ASOS,12/25/2024 23:00,0
PKV,TX_ASOS,12/26/2024 0:00,0
PKV,TX_ASOS,12/26/2024 1:00,0
PKV,TX_ASOS,12/26/2024 2:00,0
PKV,TX_ASOS,12/26/2024 3:00,0
PKV,TX_ASOS,12/26/2024 4:00,0
PKV,TX_ASOS,12/26/2024 5:00,0
PKV,TX_ASOS,12/26/2024 6:00,0
PKV,TX_ASOS,12/26/2024 7:00,0
PKV,TX_ASOS,12/26/2024 8:00,0
PKV,TX_ASOS,12/26/2024 9:00,0
PKV,TX_ASOS,12/26/2024 10:00,0
PKV,TX_ASOS,12/26/2024 11:00,0
PKV,TX_ASOS,12/26/2024 12:00,0
PKV,TX_ASOS,12/26/2024 13:00,0
PKV,TX_ASOS,12/26/2024 14:00,0
PKV,TX_ASOS,12/26/2024 15:00,0
PKV,TX_ASOS,12/26/2024 16:00,0
PKV,TX_ASOS,12/26/2024 17:00,0
PKV,TX_ASOS,12/26/2024 18:00,0
PKV,TX_ASOS,12/26/2024 19:00,0
PKV,TX_ASOS,12/26/2024 20:00,0
PKV,TX_ASOS,12/26/2024 21:00,0
PKV,TX_ASOS,12/26/2024 22:00,0
PKV,TX_ASOS,12/26/2024 23:00,0
PKV,TX_ASOS,12/27/2024 0:00,0
PKV,TX_ASOS,12/27/2024 1:00,0
PKV,TX_ASOS,12/27/2024 2:00,0
PKV,TX_ASOS,12/27/2024 3:00,0
PKV,TX_ASOS,12/27/2024 4:00,0
PKV,TX_ASOS,12/27/2024 5:00,0
PKV,TX_ASOS,12/27/2024 6:00,0
PKV,TX_ASOS,12/27/2024 7:00,0
PKV,TX_ASOS,12/27/2024 8:00,0
PKV,TX_ASOS,12/27/2024 9:00,0.01
PKV,TX_ASOS,12/27/2024 10:00,0
PKV,TX_ASOS,12/27/2024 11:00,0
PKV,TX_ASOS,12/27/2024 12:00,0
PKV,TX_ASOS,12/27/2024 13:00,0
PKV,TX_ASOS,12/27/2024 14:00,0
PKV,TX_ASOS,12/27/2024 15:00,0
PKV,TX_ASOS,12/27/2024 16:00,0
PKV,TX_ASOS,12/27/2024 17:00,0
PKV,TX_ASOS,12/27/2024 18:00,0
PKV,TX_ASOS,12/27/2024 19:00,0
PKV,TX_ASOS,12/27/2024 20:00,0
PKV,TX_ASOS,12/27/2024 21:00,0
PKV,TX_ASOS,12/27/2024 22:00,0
PKV,TX_ASOS,12/27/2024 23:00,0
PKV,TX_ASOS,12/28/2024 0:00,0
PKV,TX_ASOS,12/28/2024 1:00,0
PKV,TX_ASOS,12/28/2024 2:00,0
PKV,TX_ASOS,12/28/2024 3:00,0
PKV,TX_ASOS,12/28/2024 4:00,0
PKV,TX_ASOS,12/28/2024 5:00,0
PKV,TX_ASOS,12/28/2024 6:00,0
PKV,TX_ASOS,12/28/2024 7:00,0
PKV,TX_ASOS,12/28/2024 8:00,0
PKV,TX_ASOS,12/28/2024 9:00,0
PKV,TX_ASOS,12/28/2024 10:00,0
PKV,TX_ASOS,12/28/2024 11:00,0
PKV,TX_ASOS,12/28/2024 12:00,0
PKV,TX_ASOS,12/28/2024 13:00,0
PKV,TX_ASOS,12/28/2024 14:00,0
PKV,TX_ASOS,12/28/2024 15:00,0
PKV,TX_ASOS,12/28/2024 16:00,0
PKV,TX_ASOS,12/28/2024 17:00,0
PKV,TX_ASOS,12/28/2024 18:00,0
PKV,TX_ASOS,12/28/2024 19:00,0
PKV,TX_ASOS,12/28/2024 20:00,0
PKV,TX_ASOS,12/28/2024 21:00,0
PKV,TX_ASOS,12/28/2024 22:00,0
PKV,TX_ASOS,12/28/2024 23:00,0
PKV,TX_ASOS,12/29/2024 0:00,0
PKV,TX_ASOS,12/29/2024 1:00,0
PKV,TX_ASOS,12/29/2024 2:00,0
PKV,TX_ASOS,12/29/2024 3:00,0
PKV,TX_ASOS,12/29/2024 4:00,0
PKV,TX_ASOS,12/29/2024 5:00,0
PKV,TX_ASOS,12/29/2024 6:00,0
PKV,TX_ASOS,12/29/2024 7:00,0
PKV,TX_ASOS,12/29/2024 8:00,0
PKV,TX_ASOS,12/29/2024 9:00,0
PKV,TX_ASOS,12/29/2024 10:00,0
PKV,TX_ASOS,12/29/2024 11:00,0
PKV,TX_ASOS,12/29/2024 12:00,0
PKV,TX_ASOS,12/29/2024 13:00,0
PKV,TX_ASOS,12/29/2024 14:00,0
PKV,TX_ASOS,12/29/2024 15:00,0
PKV,TX_ASOS,12/29/2024 16:00,0
PKV,TX_ASOS,12/29/2024 17:00,0
PKV,TX_ASOS,12/29/2024 18:00,0
PKV,TX_ASOS,12/29/2024 19:00,0
PKV,TX_ASOS,12/29/2024 20:00,0
PKV,TX_ASOS,12/29/2024 21:00,0
PKV,TX_ASOS,12/29/2024 22:00,0
PKV,TX_ASOS,12/29/2024 23:00,0
PKV,TX_ASOS,12/30/2024 0:00,0
PKV,TX_ASOS,12/30/2024 1:00,0
PKV,TX_ASOS,12/30/2024 2:00,0
PKV,TX_ASOS,12/30/2024 3:00,0
PKV,TX_ASOS,12/30/2024 4:00,0
PKV,TX_ASOS,12/30/2024 5:00,0
PKV,TX_ASOS,12/30/2024 6:00,0
PKV,TX_ASOS,12/30/2024 7:00,0
PKV,TX_ASOS,12/30/2024 8:00,0
PKV,TX_ASOS,12/30/2024 9:00,0
PKV,TX_ASOS,12/30/2024 10:00,0
PKV,TX_ASOS,12/30/2024 11:00,0
PKV,TX_ASOS,12/30/2024 12:00,0
PKV,TX_ASOS,12/30/2024 13:00,0
PKV,TX_ASOS,12/30/2024 14:00,0
PKV,TX_ASOS,12/30/2024 15:00,0
PKV,TX_ASOS,12/30/2024 16:00,0
PKV,TX_ASOS,12/30/2024 17:00,0
PKV,TX_ASOS,12/30/2024 18:00,0
PKV,TX_ASOS,12/30/2024 19:00,0
PKV,TX_ASOS,12/30/2024 20:00,0
PKV,TX_ASOS,12/30/2024 21:00,0
PKV,TX_ASOS,12/30/2024 22:00,0
PKV,TX_ASOS,12/30/2024 23:00,0
